
> my-task-board@0.0.0 start
> ng serve

Component HMR has been enabled.
If you encounter application reload issues, you can manually reload the page to bypass HMR and/or disable this feature with the `--no-hmr` command line option.
Please consider reporting any issues you encounter here: https://github.com/angular/angular-cli/issues

❯ Building...
✔ Building...
Browser bundles
Initial chunk files  | Names            |  Raw size
polyfills.js         | polyfills        |  90.20 kB |
main.js              | main             |  46.89 kB |
styles.css           | styles           |  17.20 kB |

                     | Initial total    | 154.29 kB


Server bundles
Initial chunk files  | Names            |  Raw size
polyfills.server.mjs | polyfills.server | 570.97 kB |
main.server.mjs      | main.server      |  48.20 kB |
server.mjs           | server           |   1.86 kB |

Application bundle generation complete. [3.624 seconds]

Watch mode enabled. Watching for file changes...
NOTE: Raw file sizes do not reflect development server per-request transformations.
  ➜  Local:   http://localhost:4200/
❯ Changes detected. Rebuilding...
✔ Changes detected. Rebuilding...
Browser bundles
Initial chunk files  | Names            |  Raw size
polyfills.js         | polyfills        |  90.20 kB |
main.js              | main             |  46.89 kB |
styles.css           | styles           |  17.20 kB |

                     | Initial total    | 154.29 kB


Server bundles
Initial chunk files  | Names            |  Raw size
polyfills.server.mjs | polyfills.server | 570.97 kB |
main.server.mjs      | main.server      |  48.20 kB |
server.mjs           | server           |   1.86 kB |

Application bundle generation complete. [0.304 seconds]

❯ Changes detected. Rebuilding...
✔ Changes detected. Rebuilding...
Browser bundles
Initial chunk files  | Names            |  Raw size
polyfills.js         | polyfills        |  90.20 kB |
main.js              | main             |  46.89 kB |
styles.css           | styles           |  17.20 kB |

                     | Initial total    | 154.29 kB


Server bundles
Initial chunk files  | Names            |  Raw size
polyfills.server.mjs | polyfills.server | 570.97 kB |
main.server.mjs      | main.server      |  48.20 kB |
server.mjs           | server           |   1.86 kB |

Application bundle generation complete. [0.058 seconds]

❯ Changes detected. Rebuilding...
✔ Changes detected. Rebuilding...
Browser bundles
Initial chunk files  | Names            |  Raw size
polyfills.js         | polyfills        |  90.20 kB |
main.js              | main             |  46.89 kB |
styles.css           | styles           |  17.20 kB |

                     | Initial total    | 154.29 kB


Server bundles
Initial chunk files  | Names            |  Raw size
polyfills.server.mjs | polyfills.server | 570.97 kB |
main.server.mjs      | main.server      |  48.20 kB |
server.mjs           | server           |   1.86 kB |

Application bundle generation complete. [0.056 seconds]

❯ Changes detected. Rebuilding...
✔ Changes detected. Rebuilding...
Browser bundles
Initial chunk files  | Names            |  Raw size
polyfills.js         | polyfills        |  90.20 kB |
main.js              | main             |  46.89 kB |
styles.css           | styles           |  17.20 kB |

                     | Initial total    | 154.29 kB


Server bundles
Initial chunk files  | Names            |  Raw size
polyfills.server.mjs | polyfills.server | 570.97 kB |
main.server.mjs      | main.server      |  48.20 kB |
server.mjs           | server           |   1.86 kB |

Application bundle generation complete. [0.035 seconds]

❯ Changes detected. Rebuilding...
✔ Changes detected. Rebuilding...
Browser bundles
Initial chunk files  | Names            |  Raw size
polyfills.js         | polyfills        |  90.20 kB |
main.js              | main             |  46.89 kB |
styles.css           | styles           |  17.20 kB |

                     | Initial total    | 154.29 kB


Server bundles
Initial chunk files  | Names            |  Raw size
polyfills.server.mjs | polyfills.server | 570.97 kB |
main.server.mjs      | main.server      |  48.20 kB |
server.mjs           | server           |   1.86 kB |

Application bundle generation complete. [0.042 seconds]

❯ Changes detected. Rebuilding...
✔ Changes detected. Rebuilding...
Browser bundles
Initial chunk files  | Names            |  Raw size
polyfills.js         | polyfills        |  90.20 kB |
main.js              | main             |  46.89 kB |
styles.css           | styles           |  17.20 kB |

                     | Initial total    | 154.29 kB


Server bundles
Initial chunk files  | Names            |  Raw size
polyfills.server.mjs | polyfills.server | 570.97 kB |
main.server.mjs      | main.server      |  48.20 kB |
server.mjs           | server           |   1.86 kB |

Application bundle generation complete. [0.048 seconds]

❯ Changes detected. Rebuilding...
✔ Changes detected. Rebuilding...
Browser bundles
Initial chunk files  | Names            |  Raw size
polyfills.js         | polyfills        |  90.20 kB |
main.js              | main             |  46.89 kB |
styles.css           | styles           |  17.20 kB |

                     | Initial total    | 154.29 kB


Server bundles
Initial chunk files  | Names            |  Raw size
polyfills.server.mjs | polyfills.server | 570.97 kB |
main.server.mjs      | main.server      |  48.20 kB |
server.mjs           | server           |   1.86 kB |

Application bundle generation complete. [0.037 seconds]

❯ Changes detected. Rebuilding...
✔ Changes detected. Rebuilding...
Browser bundles
Initial chunk files  | Names            |  Raw size
polyfills.js         | polyfills        |  90.20 kB |
main.js              | main             |  46.89 kB |
styles.css           | styles           |  17.20 kB |

                     | Initial total    | 154.29 kB


Server bundles
Initial chunk files  | Names            |  Raw size
polyfills.server.mjs | polyfills.server | 570.97 kB |
main.server.mjs      | main.server      |  48.20 kB |
server.mjs           | server           |   1.86 kB |

Application bundle generation complete. [0.035 seconds]

❯ Changes detected. Rebuilding...
✔ Changes detected. Rebuilding...
Browser bundles
Initial chunk files  | Names            |  Raw size
polyfills.js         | polyfills        |  90.20 kB |
main.js              | main             |  46.89 kB |
styles.css           | styles           |  17.20 kB |

                     | Initial total    | 154.29 kB


Server bundles
Initial chunk files  | Names            |  Raw size
polyfills.server.mjs | polyfills.server | 570.97 kB |
main.server.mjs      | main.server      |  48.20 kB |
server.mjs           | server           |   1.86 kB |

Application bundle generation complete. [0.053 seconds]

❯ Changes detected. Rebuilding...
✔ Changes detected. Rebuilding...
Browser bundles
Initial chunk files  | Names            |  Raw size
polyfills.js         | polyfills        |  90.20 kB |
main.js              | main             |  46.89 kB |
styles.css           | styles           |  17.20 kB |

                     | Initial total    | 154.29 kB


Server bundles
Initial chunk files  | Names            |  Raw size
polyfills.server.mjs | polyfills.server | 570.97 kB |
main.server.mjs      | main.server      |  48.20 kB |
server.mjs           | server           |   1.86 kB |

Application bundle generation complete. [0.071 seconds]

❯ Changes detected. Rebuilding...
✔ Changes detected. Rebuilding...
Browser bundles
Initial chunk files  | Names            |  Raw size
polyfills.js         | polyfills        |  90.20 kB |
main.js              | main             |  46.89 kB |
styles.css           | styles           |  17.20 kB |

                     | Initial total    | 154.29 kB


Server bundles
Initial chunk files  | Names            |  Raw size
polyfills.server.mjs | polyfills.server | 570.97 kB |
main.server.mjs      | main.server      |  48.20 kB |
server.mjs           | server           |   1.86 kB |

Application bundle generation complete. [0.081 seconds]

❯ Changes detected. Rebuilding...
✔ Changes detected. Rebuilding...
Browser bundles
Initial chunk files  | Names            |  Raw size
polyfills.js         | polyfills        |  90.20 kB |
main.js              | main             |  46.89 kB |
styles.css           | styles           |  17.20 kB |

                     | Initial total    | 154.29 kB


Server bundles
Initial chunk files  | Names            |  Raw size
polyfills.server.mjs | polyfills.server | 570.97 kB |
main.server.mjs      | main.server      |  48.20 kB |
server.mjs           | server           |   1.86 kB |

Application bundle generation complete. [0.071 seconds]

❯ Changes detected. Rebuilding...
✔ Changes detected. Rebuilding...
Browser bundles
Initial chunk files  | Names            |  Raw size
polyfills.js         | polyfills        |  90.20 kB |
main.js              | main             |  46.89 kB |
styles.css           | styles           |  17.20 kB |

                     | Initial total    | 154.29 kB


Server bundles
Initial chunk files  | Names            |  Raw size
polyfills.server.mjs | polyfills.server | 570.97 kB |
main.server.mjs      | main.server      |  48.20 kB |
server.mjs           | server           |   1.86 kB |

Application bundle generation complete. [0.063 seconds]

❯ Changes detected. Rebuilding...
✔ Changes detected. Rebuilding...
Browser bundles
Initial chunk files  | Names            |  Raw size
polyfills.js         | polyfills        |  90.20 kB |
main.js              | main             |  46.89 kB |
styles.css           | styles           |  17.20 kB |

                     | Initial total    | 154.29 kB


Server bundles
Initial chunk files  | Names            |  Raw size
polyfills.server.mjs | polyfills.server | 570.97 kB |
main.server.mjs      | main.server      |  48.20 kB |
server.mjs           | server           |   1.86 kB |

Application bundle generation complete. [0.055 seconds]

❯ Changes detected. Rebuilding...
✔ Changes detected. Rebuilding...
Browser bundles
Initial chunk files  | Names            |  Raw size
polyfills.js         | polyfills        |  90.20 kB |
main.js              | main             |  46.89 kB |
styles.css           | styles           |  17.20 kB |

                     | Initial total    | 154.29 kB


Server bundles
Initial chunk files  | Names            |  Raw size
polyfills.server.mjs | polyfills.server | 570.97 kB |
main.server.mjs      | main.server      |  48.20 kB |
server.mjs           | server           |   1.86 kB |

Application bundle generation complete. [0.047 seconds]

❯ Changes detected. Rebuilding...
✔ Changes detected. Rebuilding...
Browser bundles
Initial chunk files  | Names            |  Raw size
polyfills.js         | polyfills        |  90.20 kB |
main.js              | main             |  46.89 kB |
styles.css           | styles           |  17.20 kB |

                     | Initial total    | 154.29 kB


Server bundles
Initial chunk files  | Names            |  Raw size
polyfills.server.mjs | polyfills.server | 570.97 kB |
main.server.mjs      | main.server      |  48.20 kB |
server.mjs           | server           |   1.86 kB |

Application bundle generation complete. [0.101 seconds]

❯ Changes detected. Rebuilding...
✔ Changes detected. Rebuilding...
Browser bundles
Initial chunk files  | Names            |  Raw size
polyfills.js         | polyfills        |  90.20 kB |
main.js              | main             |  46.89 kB |
styles.css           | styles           |  17.20 kB |

                     | Initial total    | 154.29 kB


Server bundles
Initial chunk files  | Names            |  Raw size
polyfills.server.mjs | polyfills.server | 570.97 kB |
main.server.mjs      | main.server      |  48.20 kB |
server.mjs           | server           |   1.86 kB |

Application bundle generation complete. [0.055 seconds]

❯ Changes detected. Rebuilding...
✔ Changes detected. Rebuilding...
Browser bundles
Initial chunk files  | Names            |  Raw size
polyfills.js         | polyfills        |  90.20 kB |
main.js              | main             |  46.89 kB |
styles.css           | styles           |  17.20 kB |

                     | Initial total    | 154.29 kB


Server bundles
Initial chunk files  | Names            |  Raw size
polyfills.server.mjs | polyfills.server | 570.97 kB |
main.server.mjs      | main.server      |  48.20 kB |
server.mjs           | server           |   1.86 kB |

Application bundle generation complete. [0.053 seconds]

❯ Changes detected. Rebuilding...
✔ Changes detected. Rebuilding...
Browser bundles
Initial chunk files  | Names            |  Raw size
polyfills.js         | polyfills        |  90.20 kB |
main.js              | main             |  46.89 kB |
styles.css           | styles           |  17.20 kB |

                     | Initial total    | 154.29 kB


Server bundles
Initial chunk files  | Names            |  Raw size
polyfills.server.mjs | polyfills.server | 570.97 kB |
main.server.mjs      | main.server      |  48.20 kB |
server.mjs           | server           |   1.86 kB |

Application bundle generation complete. [0.048 seconds]

❯ Changes detected. Rebuilding...
✔ Changes detected. Rebuilding...
Browser bundles
Initial chunk files  | Names            |  Raw size
polyfills.js         | polyfills        |  90.20 kB |
main.js              | main             |  46.89 kB |
styles.css           | styles           |  17.20 kB |

                     | Initial total    | 154.29 kB


Server bundles
Initial chunk files  | Names            |  Raw size
polyfills.server.mjs | polyfills.server | 570.97 kB |
main.server.mjs      | main.server      |  48.20 kB |
server.mjs           | server           |   1.86 kB |

Application bundle generation complete. [0.065 seconds]

❯ Changes detected. Rebuilding...
✔ Changes detected. Rebuilding...
Browser bundles
Initial chunk files  | Names            |  Raw size
polyfills.js         | polyfills        |  90.20 kB |
main.js              | main             |  46.89 kB |
styles.css           | styles           |  17.20 kB |

                     | Initial total    | 154.29 kB


Server bundles
Initial chunk files  | Names            |  Raw size
polyfills.server.mjs | polyfills.server | 570.97 kB |
main.server.mjs      | main.server      |  48.20 kB |
server.mjs           | server           |   1.86 kB |

Application bundle generation complete. [0.076 seconds]

❯ Changes detected. Rebuilding...
✔ Changes detected. Rebuilding...
Browser bundles
Initial chunk files  | Names            |  Raw size
polyfills.js         | polyfills        |  90.20 kB |
main.js              | main             |  46.89 kB |
styles.css           | styles           |  17.20 kB |

                     | Initial total    | 154.29 kB


Server bundles
Initial chunk files  | Names            |  Raw size
polyfills.server.mjs | polyfills.server | 570.97 kB |
main.server.mjs      | main.server      |  48.20 kB |
server.mjs           | server           |   1.86 kB |

Application bundle generation complete. [0.046 seconds]

❯ Changes detected. Rebuilding...
✔ Changes detected. Rebuilding...
Browser bundles
Initial chunk files  | Names            |  Raw size
polyfills.js         | polyfills        |  90.20 kB |
main.js              | main             |  46.89 kB |
styles.css           | styles           |  17.20 kB |

                     | Initial total    | 154.29 kB


Server bundles
Initial chunk files  | Names            |  Raw size
polyfills.server.mjs | polyfills.server | 570.97 kB |
main.server.mjs      | main.server      |  48.20 kB |
server.mjs           | server           |   1.86 kB |

Application bundle generation complete. [0.037 seconds]

❯ Changes detected. Rebuilding...
✔ Changes detected. Rebuilding...
Browser bundles
Initial chunk files  | Names            |  Raw size
polyfills.js         | polyfills        |  90.20 kB |
main.js              | main             |  46.89 kB |
styles.css           | styles           |  17.20 kB |

                     | Initial total    | 154.29 kB


Server bundles
Initial chunk files  | Names            |  Raw size
polyfills.server.mjs | polyfills.server | 570.97 kB |
main.server.mjs      | main.server      |  48.20 kB |
server.mjs           | server           |   1.86 kB |

Application bundle generation complete. [0.059 seconds]

❯ Changes detected. Rebuilding...
✔ Changes detected. Rebuilding...
Browser bundles
Initial chunk files  | Names            |  Raw size
polyfills.js         | polyfills        |  90.20 kB |
main.js              | main             |  46.89 kB |
styles.css           | styles           |  17.20 kB |

                     | Initial total    | 154.29 kB


Server bundles
Initial chunk files  | Names            |  Raw size
polyfills.server.mjs | polyfills.server | 570.97 kB |
main.server.mjs      | main.server      |  48.20 kB |
server.mjs           | server           |   1.86 kB |

Application bundle generation complete. [0.063 seconds]

❯ Changes detected. Rebuilding...
✔ Changes detected. Rebuilding...
Browser bundles
Initial chunk files  | Names            |  Raw size
polyfills.js         | polyfills        |  90.20 kB |
main.js              | main             |  46.89 kB |
styles.css           | styles           |  17.20 kB |

                     | Initial total    | 154.29 kB


Server bundles
Initial chunk files  | Names            |  Raw size
polyfills.server.mjs | polyfills.server | 570.97 kB |
main.server.mjs      | main.server      |  48.20 kB |
server.mjs           | server           |   1.86 kB |

Application bundle generation complete. [0.072 seconds]

❯ Changes detected. Rebuilding...
✔ Changes detected. Rebuilding...
Browser bundles
Initial chunk files  | Names            |  Raw size
polyfills.js         | polyfills        |  90.20 kB |
main.js              | main             |  46.89 kB |
styles.css           | styles           |  17.20 kB |

                     | Initial total    | 154.29 kB


Server bundles
Initial chunk files  | Names            |  Raw size
polyfills.server.mjs | polyfills.server | 570.97 kB |
main.server.mjs      | main.server      |  48.20 kB |
server.mjs           | server           |   1.86 kB |

Application bundle generation complete. [0.060 seconds]

❯ Changes detected. Rebuilding...
✔ Changes detected. Rebuilding...
Browser bundles
Initial chunk files  | Names            |  Raw size
polyfills.js         | polyfills        |  90.20 kB |
main.js              | main             |  46.89 kB |
styles.css           | styles           |  17.20 kB |

                     | Initial total    | 154.29 kB


Server bundles
Initial chunk files  | Names            |  Raw size
polyfills.server.mjs | polyfills.server | 570.97 kB |
main.server.mjs      | main.server      |  48.20 kB |
server.mjs           | server           |   1.86 kB |

Application bundle generation complete. [0.035 seconds]

❯ Changes detected. Rebuilding...
✔ Changes detected. Rebuilding...
Browser bundles
Initial chunk files  | Names            |  Raw size
polyfills.js         | polyfills        |  90.20 kB |
main.js              | main             |  46.89 kB |
styles.css           | styles           |  17.20 kB |

                     | Initial total    | 154.29 kB


Server bundles
Initial chunk files  | Names            |  Raw size
polyfills.server.mjs | polyfills.server | 570.97 kB |
main.server.mjs      | main.server      |  48.20 kB |
server.mjs           | server           |   1.86 kB |

Application bundle generation complete. [0.041 seconds]

❯ Changes detected. Rebuilding...
✔ Changes detected. Rebuilding...
Browser bundles
Initial chunk files  | Names            |  Raw size
polyfills.js         | polyfills        |  90.20 kB |
main.js              | main             |  46.89 kB |
styles.css           | styles           |  17.20 kB |

                     | Initial total    | 154.29 kB


Server bundles
Initial chunk files  | Names            |  Raw size
polyfills.server.mjs | polyfills.server | 570.97 kB |
main.server.mjs      | main.server      |  48.20 kB |
server.mjs           | server           |   1.86 kB |

Application bundle generation complete. [0.046 seconds]

❯ Changes detected. Rebuilding...
✔ Changes detected. Rebuilding...
Browser bundles
Initial chunk files  | Names            |  Raw size
polyfills.js         | polyfills        |  90.20 kB |
main.js              | main             |  46.89 kB |
styles.css           | styles           |  17.20 kB |

                     | Initial total    | 154.29 kB


Server bundles
Initial chunk files  | Names            |  Raw size
polyfills.server.mjs | polyfills.server | 570.97 kB |
main.server.mjs      | main.server      |  48.20 kB |
server.mjs           | server           |   1.86 kB |

Application bundle generation complete. [0.035 seconds]

❯ Changes detected. Rebuilding...
✔ Changes detected. Rebuilding...
Browser bundles
Initial chunk files  | Names            |  Raw size
polyfills.js         | polyfills        |  90.20 kB |
main.js              | main             |  46.89 kB |
styles.css           | styles           |  17.20 kB |

                     | Initial total    | 154.29 kB


Server bundles
Initial chunk files  | Names            |  Raw size
polyfills.server.mjs | polyfills.server | 570.97 kB |
main.server.mjs      | main.server      |  48.20 kB |
server.mjs           | server           |   1.86 kB |

Application bundle generation complete. [0.042 seconds]

❯ Changes detected. Rebuilding...
✔ Changes detected. Rebuilding...
Browser bundles
Initial chunk files  | Names            |  Raw size
polyfills.js         | polyfills        |  90.20 kB |
main.js              | main             |  46.89 kB |
styles.css           | styles           |  17.20 kB |

                     | Initial total    | 154.29 kB


Server bundles
Initial chunk files  | Names            |  Raw size
polyfills.server.mjs | polyfills.server | 570.97 kB |
main.server.mjs      | main.server      |  48.20 kB |
server.mjs           | server           |   1.86 kB |

Application bundle generation complete. [0.069 seconds]

❯ Changes detected. Rebuilding...
✔ Changes detected. Rebuilding...
Browser bundles
Initial chunk files  | Names            |  Raw size
polyfills.js         | polyfills        |  90.20 kB |
main.js              | main             |  46.89 kB |
styles.css           | styles           |  17.20 kB |

                     | Initial total    | 154.29 kB


Server bundles
Initial chunk files  | Names            |  Raw size
polyfills.server.mjs | polyfills.server | 570.97 kB |
main.server.mjs      | main.server      |  48.20 kB |
server.mjs           | server           |   1.86 kB |

Application bundle generation complete. [0.059 seconds]

❯ Changes detected. Rebuilding...
✔ Changes detected. Rebuilding...
Browser bundles
Initial chunk files  | Names            |  Raw size
polyfills.js         | polyfills        |  90.20 kB |
main.js              | main             |  46.89 kB |
styles.css           | styles           |  17.20 kB |

                     | Initial total    | 154.29 kB


Server bundles
Initial chunk files  | Names            |  Raw size
polyfills.server.mjs | polyfills.server | 570.97 kB |
main.server.mjs      | main.server      |  48.20 kB |
server.mjs           | server           |   1.86 kB |

Application bundle generation complete. [0.173 seconds]

❯ Changes detected. Rebuilding...
✔ Changes detected. Rebuilding...
Browser bundles
Initial chunk files  | Names            |  Raw size
polyfills.js         | polyfills        |  90.20 kB |
main.js              | main             |  46.89 kB |
styles.css           | styles           |  17.20 kB |

                     | Initial total    | 154.29 kB


Server bundles
Initial chunk files  | Names            |  Raw size
polyfills.server.mjs | polyfills.server | 570.97 kB |
main.server.mjs      | main.server      |  48.20 kB |
server.mjs           | server           |   1.86 kB |

Application bundle generation complete. [0.110 seconds]

❯ Changes detected. Rebuilding...
✔ Changes detected. Rebuilding...
Browser bundles
Initial chunk files  | Names            |  Raw size
polyfills.js         | polyfills        |  90.20 kB |
main.js              | main             |  46.89 kB |
styles.css           | styles           |  17.20 kB |

                     | Initial total    | 154.29 kB


Server bundles
Initial chunk files  | Names            |  Raw size
polyfills.server.mjs | polyfills.server | 570.97 kB |
main.server.mjs      | main.server      |  48.20 kB |
server.mjs           | server           |   1.86 kB |

Application bundle generation complete. [0.049 seconds]

❯ Changes detected. Rebuilding...
✔ Changes detected. Rebuilding...
Browser bundles
Initial chunk files  | Names            |  Raw size
polyfills.js         | polyfills        |  90.20 kB |
main.js              | main             |  46.89 kB |
styles.css           | styles           |  17.20 kB |

                     | Initial total    | 154.29 kB


Server bundles
Initial chunk files  | Names            |  Raw size
polyfills.server.mjs | polyfills.server | 570.97 kB |
main.server.mjs      | main.server      |  48.20 kB |
server.mjs           | server           |   1.86 kB |

Application bundle generation complete. [0.028 seconds]

❯ Changes detected. Rebuilding...
✔ Changes detected. Rebuilding...
Browser bundles
Initial chunk files  | Names            |  Raw size
polyfills.js         | polyfills        |  90.20 kB |
main.js              | main             |  46.89 kB |
styles.css           | styles           |  17.20 kB |

                     | Initial total    | 154.29 kB


Server bundles
Initial chunk files  | Names            |  Raw size
polyfills.server.mjs | polyfills.server | 570.97 kB |
main.server.mjs      | main.server      |  48.20 kB |
server.mjs           | server           |   1.86 kB |

Application bundle generation complete. [0.027 seconds]

❯ Changes detected. Rebuilding...
✔ Changes detected. Rebuilding...
Browser bundles
Initial chunk files  | Names            |  Raw size
polyfills.js         | polyfills        |  90.20 kB |
main.js              | main             |  46.89 kB |
styles.css           | styles           |  17.20 kB |

                     | Initial total    | 154.29 kB


Server bundles
Initial chunk files  | Names            |  Raw size
polyfills.server.mjs | polyfills.server | 570.97 kB |
main.server.mjs      | main.server      |  48.20 kB |
server.mjs           | server           |   1.86 kB |

Application bundle generation complete. [0.033 seconds]

❯ Changes detected. Rebuilding...
✔ Changes detected. Rebuilding...
Browser bundles
Initial chunk files  | Names            |  Raw size
polyfills.js         | polyfills        |  90.20 kB |
main.js              | main             |  46.89 kB |
styles.css           | styles           |  17.20 kB |

                     | Initial total    | 154.29 kB


Server bundles
Initial chunk files  | Names            |  Raw size
polyfills.server.mjs | polyfills.server | 570.97 kB |
main.server.mjs      | main.server      |  48.20 kB |
server.mjs           | server           |   1.86 kB |

Application bundle generation complete. [0.028 seconds]

❯ Changes detected. Rebuilding...
✔ Changes detected. Rebuilding...
Browser bundles
Initial chunk files  | Names            |  Raw size
polyfills.js         | polyfills        |  90.20 kB |
main.js              | main             |  46.89 kB |
styles.css           | styles           |  17.20 kB |

                     | Initial total    | 154.29 kB


Server bundles
Initial chunk files  | Names            |  Raw size
polyfills.server.mjs | polyfills.server | 570.97 kB |
main.server.mjs      | main.server      |  48.20 kB |
server.mjs           | server           |   1.86 kB |

Application bundle generation complete. [0.028 seconds]

❯ Changes detected. Rebuilding...
✔ Changes detected. Rebuilding...
Browser bundles
Initial chunk files  | Names            |  Raw size
polyfills.js         | polyfills        |  90.20 kB |
main.js              | main             |  46.89 kB |
styles.css           | styles           |  17.20 kB |

                     | Initial total    | 154.29 kB


Server bundles
Initial chunk files  | Names            |  Raw size
polyfills.server.mjs | polyfills.server | 570.97 kB |
main.server.mjs      | main.server      |  48.20 kB |
server.mjs           | server           |   1.86 kB |

Application bundle generation complete. [0.040 seconds]

❯ Changes detected. Rebuilding...
✔ Changes detected. Rebuilding...
Browser bundles
Initial chunk files  | Names            |  Raw size
polyfills.js         | polyfills        |  90.20 kB |
main.js              | main             |  46.89 kB |
styles.css           | styles           |  17.20 kB |

                     | Initial total    | 154.29 kB


Server bundles
Initial chunk files  | Names            |  Raw size
polyfills.server.mjs | polyfills.server | 570.97 kB |
main.server.mjs      | main.server      |  48.20 kB |
server.mjs           | server           |   1.86 kB |

Application bundle generation complete. [0.030 seconds]

❯ Changes detected. Rebuilding...
✔ Changes detected. Rebuilding...
Browser bundles
Initial chunk files  | Names            |  Raw size
polyfills.js         | polyfills        |  90.20 kB |
main.js              | main             |  46.89 kB |
styles.css           | styles           |  17.20 kB |

                     | Initial total    | 154.29 kB


Server bundles
Initial chunk files  | Names            |  Raw size
polyfills.server.mjs | polyfills.server | 570.97 kB |
main.server.mjs      | main.server      |  48.20 kB |
server.mjs           | server           |   1.86 kB |

Application bundle generation complete. [0.028 seconds]

❯ Changes detected. Rebuilding...
✔ Changes detected. Rebuilding...
Browser bundles
Initial chunk files  | Names            |  Raw size
polyfills.js         | polyfills        |  90.20 kB |
main.js              | main             |  46.89 kB |
styles.css           | styles           |  17.20 kB |

                     | Initial total    | 154.29 kB


Server bundles
Initial chunk files  | Names            |  Raw size
polyfills.server.mjs | polyfills.server | 570.97 kB |
main.server.mjs      | main.server      |  48.20 kB |
server.mjs           | server           |   1.86 kB |

Application bundle generation complete. [0.029 seconds]

❯ Changes detected. Rebuilding...
✔ Changes detected. Rebuilding...
Browser bundles
Initial chunk files  | Names            |  Raw size
polyfills.js         | polyfills        |  90.20 kB |
main.js              | main             |  46.89 kB |
styles.css           | styles           |  17.20 kB |

                     | Initial total    | 154.29 kB


Server bundles
Initial chunk files  | Names            |  Raw size
polyfills.server.mjs | polyfills.server | 570.97 kB |
main.server.mjs      | main.server      |  48.20 kB |
server.mjs           | server           |   1.86 kB |

Application bundle generation complete. [0.029 seconds]

❯ Changes detected. Rebuilding...
✔ Changes detected. Rebuilding...
Browser bundles
Initial chunk files  | Names            |  Raw size
polyfills.js         | polyfills        |  90.20 kB |
main.js              | main             |  46.89 kB |
styles.css           | styles           |  17.20 kB |

                     | Initial total    | 154.29 kB


Server bundles
Initial chunk files  | Names            |  Raw size
polyfills.server.mjs | polyfills.server | 570.97 kB |
main.server.mjs      | main.server      |  48.20 kB |
server.mjs           | server           |   1.86 kB |

Application bundle generation complete. [0.030 seconds]

❯ Changes detected. Rebuilding...
✔ Changes detected. Rebuilding...
Browser bundles
Initial chunk files  | Names            |  Raw size
polyfills.js         | polyfills        |  90.20 kB |
main.js              | main             |  46.89 kB |
styles.css           | styles           |  17.20 kB |

                     | Initial total    | 154.29 kB


Server bundles
Initial chunk files  | Names            |  Raw size
polyfills.server.mjs | polyfills.server | 570.97 kB |
main.server.mjs      | main.server      |  48.20 kB |
server.mjs           | server           |   1.86 kB |

Application bundle generation complete. [0.032 seconds]

❯ Changes detected. Rebuilding...
✔ Changes detected. Rebuilding...
Browser bundles
Initial chunk files  | Names            |  Raw size
polyfills.js         | polyfills        |  90.20 kB |
main.js              | main             |  46.89 kB |
styles.css           | styles           |  17.20 kB |

                     | Initial total    | 154.29 kB


Server bundles
Initial chunk files  | Names            |  Raw size
polyfills.server.mjs | polyfills.server | 570.97 kB |
main.server.mjs      | main.server      |  48.20 kB |
server.mjs           | server           |   1.86 kB |

Application bundle generation complete. [0.052 seconds]

❯ Changes detected. Rebuilding...
✔ Changes detected. Rebuilding...
Browser bundles
Initial chunk files  | Names            |  Raw size
polyfills.js         | polyfills        |  90.20 kB |
main.js              | main             |  46.89 kB |
styles.css           | styles           |  17.20 kB |

                     | Initial total    | 154.29 kB


Server bundles
Initial chunk files  | Names            |  Raw size
polyfills.server.mjs | polyfills.server | 570.97 kB |
main.server.mjs      | main.server      |  48.20 kB |
server.mjs           | server           |   1.86 kB |

Application bundle generation complete. [0.053 seconds]

❯ Changes detected. Rebuilding...
✔ Changes detected. Rebuilding...
Browser bundles
Initial chunk files  | Names            |  Raw size
polyfills.js         | polyfills        |  90.20 kB |
main.js              | main             |  46.89 kB |
styles.css           | styles           |  17.20 kB |

                     | Initial total    | 154.29 kB


Server bundles
Initial chunk files  | Names            |  Raw size
polyfills.server.mjs | polyfills.server | 570.97 kB |
main.server.mjs      | main.server      |  48.20 kB |
server.mjs           | server           |   1.86 kB |

Application bundle generation complete. [0.072 seconds]

❯ Changes detected. Rebuilding...
✔ Changes detected. Rebuilding...
Browser bundles
Initial chunk files  | Names            |  Raw size
polyfills.js         | polyfills        |  90.20 kB |
main.js              | main             |  46.89 kB |
styles.css           | styles           |  17.20 kB |

                     | Initial total    | 154.29 kB


Server bundles
Initial chunk files  | Names            |  Raw size
polyfills.server.mjs | polyfills.server | 570.97 kB |
main.server.mjs      | main.server      |  48.20 kB |
server.mjs           | server           |   1.86 kB |

Application bundle generation complete. [0.065 seconds]

❯ Changes detected. Rebuilding...
✔ Changes detected. Rebuilding...
Browser bundles
Initial chunk files  | Names            |  Raw size
polyfills.js         | polyfills        |  90.20 kB |
main.js              | main             |  46.89 kB |
styles.css           | styles           |  17.20 kB |

                     | Initial total    | 154.29 kB


Server bundles
Initial chunk files  | Names            |  Raw size
polyfills.server.mjs | polyfills.server | 570.97 kB |
main.server.mjs      | main.server      |  48.20 kB |
server.mjs           | server           |   1.86 kB |

Application bundle generation complete. [0.064 seconds]

❯ Changes detected. Rebuilding...
✔ Changes detected. Rebuilding...
Browser bundles
Initial chunk files  | Names            |  Raw size
polyfills.js         | polyfills        |  90.20 kB |
main.js              | main             |  46.89 kB |
styles.css           | styles           |  17.20 kB |

                     | Initial total    | 154.29 kB


Server bundles
Initial chunk files  | Names            |  Raw size
polyfills.server.mjs | polyfills.server | 570.97 kB |
main.server.mjs      | main.server      |  48.20 kB |
server.mjs           | server           |   1.86 kB |

Application bundle generation complete. [0.067 seconds]

❯ Changes detected. Rebuilding...
✔ Changes detected. Rebuilding...
Browser bundles
Initial chunk files  | Names            |  Raw size
polyfills.js         | polyfills        |  90.20 kB |
main.js              | main             |  46.89 kB |
styles.css           | styles           |  17.20 kB |

                     | Initial total    | 154.29 kB


Server bundles
Initial chunk files  | Names            |  Raw size
polyfills.server.mjs | polyfills.server | 570.97 kB |
main.server.mjs      | main.server      |  48.20 kB |
server.mjs           | server           |   1.86 kB |

Application bundle generation complete. [0.030 seconds]

❯ Changes detected. Rebuilding...
✔ Changes detected. Rebuilding...
Browser bundles
Initial chunk files  | Names            |  Raw size
polyfills.js         | polyfills        |  90.20 kB |
main.js              | main             |  46.89 kB |
styles.css           | styles           |  17.20 kB |

                     | Initial total    | 154.29 kB


Server bundles
Initial chunk files  | Names            |  Raw size
polyfills.server.mjs | polyfills.server | 570.97 kB |
main.server.mjs      | main.server      |  48.20 kB |
server.mjs           | server           |   1.86 kB |

Application bundle generation complete. [0.037 seconds]

❯ Changes detected. Rebuilding...
✔ Changes detected. Rebuilding...
Browser bundles
Initial chunk files  | Names            |  Raw size
polyfills.js         | polyfills        |  90.20 kB |
main.js              | main             |  46.89 kB |
styles.css           | styles           |  17.20 kB |

                     | Initial total    | 154.29 kB


Server bundles
Initial chunk files  | Names            |  Raw size
polyfills.server.mjs | polyfills.server | 570.97 kB |
main.server.mjs      | main.server      |  48.20 kB |
server.mjs           | server           |   1.86 kB |

Application bundle generation complete. [0.041 seconds]

❯ Changes detected. Rebuilding...
✔ Changes detected. Rebuilding...
Browser bundles
Initial chunk files  | Names            |  Raw size
polyfills.js         | polyfills        |  90.20 kB |
main.js              | main             |  46.89 kB |
styles.css           | styles           |  17.20 kB |

                     | Initial total    | 154.29 kB


Server bundles
Initial chunk files  | Names            |  Raw size
polyfills.server.mjs | polyfills.server | 570.97 kB |
main.server.mjs      | main.server      |  48.20 kB |
server.mjs           | server           |   1.86 kB |

Application bundle generation complete. [0.031 seconds]

❯ Changes detected. Rebuilding...
✔ Changes detected. Rebuilding...
Browser bundles
Initial chunk files  | Names            |  Raw size
polyfills.js         | polyfills        |  90.20 kB |
main.js              | main             |  46.89 kB |
styles.css           | styles           |  17.20 kB |

                     | Initial total    | 154.29 kB


Server bundles
Initial chunk files  | Names            |  Raw size
polyfills.server.mjs | polyfills.server | 570.97 kB |
main.server.mjs      | main.server      |  48.20 kB |
server.mjs           | server           |   1.86 kB |

Application bundle generation complete. [0.046 seconds]

❯ Changes detected. Rebuilding...
✔ Changes detected. Rebuilding...
Browser bundles
Initial chunk files  | Names            |  Raw size
polyfills.js         | polyfills        |  90.20 kB |
main.js              | main             |  46.89 kB |
styles.css           | styles           |  17.20 kB |

                     | Initial total    | 154.29 kB


Server bundles
Initial chunk files  | Names            |  Raw size
polyfills.server.mjs | polyfills.server | 570.97 kB |
main.server.mjs      | main.server      |  48.20 kB |
server.mjs           | server           |   1.86 kB |

Application bundle generation complete. [0.042 seconds]

❯ Changes detected. Rebuilding...
✔ Changes detected. Rebuilding...
Browser bundles
Initial chunk files  | Names            |  Raw size
polyfills.js         | polyfills        |  90.20 kB |
main.js              | main             |  46.89 kB |
styles.css           | styles           |  17.20 kB |

                     | Initial total    | 154.29 kB


Server bundles
Initial chunk files  | Names            |  Raw size
polyfills.server.mjs | polyfills.server | 570.97 kB |
main.server.mjs      | main.server      |  48.20 kB |
server.mjs           | server           |   1.86 kB |

Application bundle generation complete. [0.033 seconds]

❯ Changes detected. Rebuilding...
✔ Changes detected. Rebuilding...
Browser bundles
Initial chunk files  | Names            |  Raw size
polyfills.js         | polyfills        |  90.20 kB |
main.js              | main             |  46.89 kB |
styles.css           | styles           |  17.20 kB |

                     | Initial total    | 154.29 kB


Server bundles
Initial chunk files  | Names            |  Raw size
polyfills.server.mjs | polyfills.server | 570.97 kB |
main.server.mjs      | main.server      |  48.20 kB |
server.mjs           | server           |   1.86 kB |

Application bundle generation complete. [0.033 seconds]

❯ Changes detected. Rebuilding...
✔ Changes detected. Rebuilding...
Browser bundles
Initial chunk files  | Names            |  Raw size
polyfills.js         | polyfills        |  90.20 kB |
main.js              | main             |  46.89 kB |
styles.css           | styles           |  17.20 kB |

                     | Initial total    | 154.29 kB


Server bundles
Initial chunk files  | Names            |  Raw size
polyfills.server.mjs | polyfills.server | 570.97 kB |
main.server.mjs      | main.server      |  48.20 kB |
server.mjs           | server           |   1.86 kB |

Application bundle generation complete. [0.032 seconds]

❯ Changes detected. Rebuilding...
✔ Changes detected. Rebuilding...
Browser bundles
Initial chunk files  | Names            |  Raw size
polyfills.js         | polyfills        |  90.20 kB |
main.js              | main             |  46.89 kB |
styles.css           | styles           |  17.20 kB |

                     | Initial total    | 154.29 kB


Server bundles
Initial chunk files  | Names            |  Raw size
polyfills.server.mjs | polyfills.server | 570.97 kB |
main.server.mjs      | main.server      |  48.20 kB |
server.mjs           | server           |   1.86 kB |

Application bundle generation complete. [0.034 seconds]

❯ Changes detected. Rebuilding...
✔ Changes detected. Rebuilding...
Browser bundles
Initial chunk files  | Names            |  Raw size
polyfills.js         | polyfills        |  90.20 kB |
main.js              | main             |  46.89 kB |
styles.css           | styles           |  17.20 kB |

                     | Initial total    | 154.29 kB


Server bundles
Initial chunk files  | Names            |  Raw size
polyfills.server.mjs | polyfills.server | 570.97 kB |
main.server.mjs      | main.server      |  48.20 kB |
server.mjs           | server           |   1.86 kB |

Application bundle generation complete. [0.040 seconds]

❯ Changes detected. Rebuilding...
✔ Changes detected. Rebuilding...
Browser bundles
Initial chunk files  | Names            |  Raw size
polyfills.js         | polyfills        |  90.20 kB |
main.js              | main             |  46.89 kB |
styles.css           | styles           |  17.20 kB |

                     | Initial total    | 154.29 kB


Server bundles
Initial chunk files  | Names            |  Raw size
polyfills.server.mjs | polyfills.server | 570.97 kB |
main.server.mjs      | main.server      |  48.20 kB |
server.mjs           | server           |   1.86 kB |

Application bundle generation complete. [0.033 seconds]

❯ Changes detected. Rebuilding...
✔ Changes detected. Rebuilding...
Browser bundles
Initial chunk files  | Names            |  Raw size
polyfills.js         | polyfills        |  90.20 kB |
main.js              | main             |  46.89 kB |
styles.css           | styles           |  17.20 kB |

                     | Initial total    | 154.29 kB


Server bundles
Initial chunk files  | Names            |  Raw size
polyfills.server.mjs | polyfills.server | 570.97 kB |
main.server.mjs      | main.server      |  48.20 kB |
server.mjs           | server           |   1.86 kB |

Application bundle generation complete. [0.030 seconds]

❯ Changes detected. Rebuilding...
✔ Changes detected. Rebuilding...
Browser bundles
Initial chunk files  | Names            |  Raw size
polyfills.js         | polyfills        |  90.20 kB |
main.js              | main             |  46.89 kB |
styles.css           | styles           |  17.20 kB |

                     | Initial total    | 154.29 kB


Server bundles
Initial chunk files  | Names            |  Raw size
polyfills.server.mjs | polyfills.server | 570.97 kB |
main.server.mjs      | main.server      |  48.20 kB |
server.mjs           | server           |   1.86 kB |

Application bundle generation complete. [0.033 seconds]

❯ Changes detected. Rebuilding...
✔ Changes detected. Rebuilding...
Browser bundles
Initial chunk files  | Names            |  Raw size
polyfills.js         | polyfills        |  90.20 kB |
main.js              | main             |  46.89 kB |
styles.css           | styles           |  17.20 kB |

                     | Initial total    | 154.29 kB


Server bundles
Initial chunk files  | Names            |  Raw size
polyfills.server.mjs | polyfills.server | 570.97 kB |
main.server.mjs      | main.server      |  48.20 kB |
server.mjs           | server           |   1.86 kB |

Application bundle generation complete. [0.033 seconds]

❯ Changes detected. Rebuilding...
✔ Changes detected. Rebuilding...
Browser bundles
Initial chunk files  | Names            |  Raw size
polyfills.js         | polyfills        |  90.20 kB |
main.js              | main             |  46.89 kB |
styles.css           | styles           |  17.20 kB |

                     | Initial total    | 154.29 kB


Server bundles
Initial chunk files  | Names            |  Raw size
polyfills.server.mjs | polyfills.server | 570.97 kB |
main.server.mjs      | main.server      |  48.20 kB |
server.mjs           | server           |   1.86 kB |

Application bundle generation complete. [0.032 seconds]

❯ Changes detected. Rebuilding...
✔ Changes detected. Rebuilding...
Browser bundles
Initial chunk files  | Names            |  Raw size
polyfills.js         | polyfills        |  90.20 kB |
main.js              | main             |  46.89 kB |
styles.css           | styles           |  17.20 kB |

                     | Initial total    | 154.29 kB


Server bundles
Initial chunk files  | Names            |  Raw size
polyfills.server.mjs | polyfills.server | 570.97 kB |
main.server.mjs      | main.server      |  48.20 kB |
server.mjs           | server           |   1.86 kB |

Application bundle generation complete. [0.030 seconds]

❯ Changes detected. Rebuilding...
✔ Changes detected. Rebuilding...
Browser bundles
Initial chunk files  | Names            |  Raw size
polyfills.js         | polyfills        |  90.20 kB |
main.js              | main             |  46.89 kB |
styles.css           | styles           |  17.20 kB |

                     | Initial total    | 154.29 kB


Server bundles
Initial chunk files  | Names            |  Raw size
polyfills.server.mjs | polyfills.server | 570.97 kB |
main.server.mjs      | main.server      |  48.20 kB |
server.mjs           | server           |   1.86 kB |

Application bundle generation complete. [0.036 seconds]

❯ Changes detected. Rebuilding...
✔ Changes detected. Rebuilding...
Browser bundles
Initial chunk files  | Names            |  Raw size
polyfills.js         | polyfills        |  90.20 kB |
main.js              | main             |  46.89 kB |
styles.css           | styles           |  17.20 kB |

                     | Initial total    | 154.29 kB


Server bundles
Initial chunk files  | Names            |  Raw size
polyfills.server.mjs | polyfills.server | 570.97 kB |
main.server.mjs      | main.server      |  48.20 kB |
server.mjs           | server           |   1.86 kB |

Application bundle generation complete. [0.032 seconds]

❯ Changes detected. Rebuilding...
✔ Changes detected. Rebuilding...
Browser bundles
Initial chunk files  | Names            |  Raw size
polyfills.js         | polyfills        |  90.20 kB |
main.js              | main             |  46.89 kB |
styles.css           | styles           |  17.20 kB |

                     | Initial total    | 154.29 kB


Server bundles
Initial chunk files  | Names            |  Raw size
polyfills.server.mjs | polyfills.server | 570.97 kB |
main.server.mjs      | main.server      |  48.20 kB |
server.mjs           | server           |   1.86 kB |

Application bundle generation complete. [0.030 seconds]

❯ Changes detected. Rebuilding...
✔ Changes detected. Rebuilding...
Browser bundles
Initial chunk files  | Names            |  Raw size
polyfills.js         | polyfills        |  90.20 kB |
main.js              | main             |  46.89 kB |
styles.css           | styles           |  17.20 kB |

                     | Initial total    | 154.29 kB


Server bundles
Initial chunk files  | Names            |  Raw size
polyfills.server.mjs | polyfills.server | 570.97 kB |
main.server.mjs      | main.server      |  48.20 kB |
server.mjs           | server           |   1.86 kB |

Application bundle generation complete. [0.037 seconds]

❯ Changes detected. Rebuilding...
✔ Changes detected. Rebuilding...
Browser bundles
Initial chunk files  | Names            |  Raw size
polyfills.js         | polyfills        |  90.20 kB |
main.js              | main             |  46.89 kB |
styles.css           | styles           |  17.20 kB |

                     | Initial total    | 154.29 kB


Server bundles
Initial chunk files  | Names            |  Raw size
polyfills.server.mjs | polyfills.server | 570.97 kB |
main.server.mjs      | main.server      |  48.20 kB |
server.mjs           | server           |   1.86 kB |

Application bundle generation complete. [0.039 seconds]

❯ Changes detected. Rebuilding...
✔ Changes detected. Rebuilding...
Browser bundles
Initial chunk files  | Names            |  Raw size
polyfills.js         | polyfills        |  90.20 kB |
main.js              | main             |  46.89 kB |
styles.css           | styles           |  17.20 kB |

                     | Initial total    | 154.29 kB


Server bundles
Initial chunk files  | Names            |  Raw size
polyfills.server.mjs | polyfills.server | 570.97 kB |
main.server.mjs      | main.server      |  48.20 kB |
server.mjs           | server           |   1.86 kB |

Application bundle generation complete. [0.030 seconds]

❯ Changes detected. Rebuilding...
✔ Changes detected. Rebuilding...
Browser bundles
Initial chunk files  | Names            |  Raw size
polyfills.js         | polyfills        |  90.20 kB |
main.js              | main             |  46.89 kB |
styles.css           | styles           |  17.20 kB |

                     | Initial total    | 154.29 kB


Server bundles
Initial chunk files  | Names            |  Raw size
polyfills.server.mjs | polyfills.server | 570.97 kB |
main.server.mjs      | main.server      |  48.20 kB |
server.mjs           | server           |   1.86 kB |

Application bundle generation complete. [0.055 seconds]

❯ Changes detected. Rebuilding...
✔ Changes detected. Rebuilding...
Browser bundles
Initial chunk files  | Names            |  Raw size
polyfills.js         | polyfills        |  90.20 kB |
main.js              | main             |  46.89 kB |
styles.css           | styles           |  17.20 kB |

                     | Initial total    | 154.29 kB


Server bundles
Initial chunk files  | Names            |  Raw size
polyfills.server.mjs | polyfills.server | 570.97 kB |
main.server.mjs      | main.server      |  48.20 kB |
server.mjs           | server           |   1.86 kB |

Application bundle generation complete. [0.038 seconds]

❯ Changes detected. Rebuilding...
✔ Changes detected. Rebuilding...
Browser bundles
Initial chunk files  | Names            |  Raw size
polyfills.js         | polyfills        |  90.20 kB |
main.js              | main             |  46.89 kB |
styles.css           | styles           |  17.20 kB |

                     | Initial total    | 154.29 kB


Server bundles
Initial chunk files  | Names            |  Raw size
polyfills.server.mjs | polyfills.server | 570.97 kB |
main.server.mjs      | main.server      |  48.20 kB |
server.mjs           | server           |   1.86 kB |

Application bundle generation complete. [0.035 seconds]

❯ Changes detected. Rebuilding...
✔ Changes detected. Rebuilding...
Browser bundles
Initial chunk files  | Names            |  Raw size
polyfills.js         | polyfills        |  90.20 kB |
main.js              | main             |  46.89 kB |
styles.css           | styles           |  17.20 kB |

                     | Initial total    | 154.29 kB


Server bundles
Initial chunk files  | Names            |  Raw size
polyfills.server.mjs | polyfills.server | 570.97 kB |
main.server.mjs      | main.server      |  48.20 kB |
server.mjs           | server           |   1.86 kB |

Application bundle generation complete. [0.031 seconds]

❯ Changes detected. Rebuilding...
✔ Changes detected. Rebuilding...
Browser bundles
Initial chunk files  | Names            |  Raw size
polyfills.js         | polyfills        |  90.20 kB |
main.js              | main             |  46.89 kB |
styles.css           | styles           |  17.20 kB |

                     | Initial total    | 154.29 kB


Server bundles
Initial chunk files  | Names            |  Raw size
polyfills.server.mjs | polyfills.server | 570.97 kB |
main.server.mjs      | main.server      |  48.20 kB |
server.mjs           | server           |   1.86 kB |

Application bundle generation complete. [0.035 seconds]

❯ Changes detected. Rebuilding...
✔ Changes detected. Rebuilding...
Browser bundles
Initial chunk files  | Names            |  Raw size
polyfills.js         | polyfills        |  90.20 kB |
main.js              | main             |  46.89 kB |
styles.css           | styles           |  17.20 kB |

                     | Initial total    | 154.29 kB


Server bundles
Initial chunk files  | Names            |  Raw size
polyfills.server.mjs | polyfills.server | 570.97 kB |
main.server.mjs      | main.server      |  48.20 kB |
server.mjs           | server           |   1.86 kB |

Application bundle generation complete. [0.037 seconds]

❯ Changes detected. Rebuilding...
✔ Changes detected. Rebuilding...
Browser bundles
Initial chunk files  | Names            |  Raw size
polyfills.js         | polyfills        |  90.20 kB |
main.js              | main             |  46.89 kB |
styles.css           | styles           |  17.20 kB |

                     | Initial total    | 154.29 kB


Server bundles
Initial chunk files  | Names            |  Raw size
polyfills.server.mjs | polyfills.server | 570.97 kB |
main.server.mjs      | main.server      |  48.20 kB |
server.mjs           | server           |   1.86 kB |

Application bundle generation complete. [0.036 seconds]

❯ Changes detected. Rebuilding...
✔ Changes detected. Rebuilding...
Browser bundles
Initial chunk files  | Names            |  Raw size
polyfills.js         | polyfills        |  90.20 kB |
main.js              | main             |  46.89 kB |
styles.css           | styles           |  17.20 kB |

                     | Initial total    | 154.29 kB


Server bundles
Initial chunk files  | Names            |  Raw size
polyfills.server.mjs | polyfills.server | 570.97 kB |
main.server.mjs      | main.server      |  48.20 kB |
server.mjs           | server           |   1.86 kB |

Application bundle generation complete. [0.035 seconds]

❯ Changes detected. Rebuilding...
✔ Changes detected. Rebuilding...
Browser bundles
Initial chunk files  | Names            |  Raw size
polyfills.js         | polyfills        |  90.20 kB |
main.js              | main             |  46.89 kB |
styles.css           | styles           |  17.20 kB |

                     | Initial total    | 154.29 kB


Server bundles
Initial chunk files  | Names            |  Raw size
polyfills.server.mjs | polyfills.server | 570.97 kB |
main.server.mjs      | main.server      |  48.20 kB |
server.mjs           | server           |   1.86 kB |

Application bundle generation complete. [0.034 seconds]

❯ Changes detected. Rebuilding...
✔ Changes detected. Rebuilding...
Browser bundles
Initial chunk files  | Names            |  Raw size
polyfills.js         | polyfills        |  90.20 kB |
main.js              | main             |  46.89 kB |
styles.css           | styles           |  17.20 kB |

                     | Initial total    | 154.29 kB


Server bundles
Initial chunk files  | Names            |  Raw size
polyfills.server.mjs | polyfills.server | 570.97 kB |
main.server.mjs      | main.server      |  48.20 kB |
server.mjs           | server           |   1.86 kB |

Application bundle generation complete. [0.039 seconds]

❯ Changes detected. Rebuilding...
✔ Changes detected. Rebuilding...
Browser bundles
Initial chunk files  | Names            |  Raw size
polyfills.js         | polyfills        |  90.20 kB |
main.js              | main             |  46.89 kB |
styles.css           | styles           |  17.20 kB |

                     | Initial total    | 154.29 kB


Server bundles
Initial chunk files  | Names            |  Raw size
polyfills.server.mjs | polyfills.server | 570.97 kB |
main.server.mjs      | main.server      |  48.20 kB |
server.mjs           | server           |   1.86 kB |

Application bundle generation complete. [0.033 seconds]

❯ Changes detected. Rebuilding...
✔ Changes detected. Rebuilding...
Browser bundles
Initial chunk files  | Names            |  Raw size
polyfills.js         | polyfills        |  90.20 kB |
main.js              | main             |  46.89 kB |
styles.css           | styles           |  17.20 kB |

                     | Initial total    | 154.29 kB


Server bundles
Initial chunk files  | Names            |  Raw size
polyfills.server.mjs | polyfills.server | 570.97 kB |
main.server.mjs      | main.server      |  48.20 kB |
server.mjs           | server           |   1.86 kB |

Application bundle generation complete. [0.031 seconds]

❯ Changes detected. Rebuilding...
✔ Changes detected. Rebuilding...
Browser bundles
Initial chunk files  | Names            |  Raw size
polyfills.js         | polyfills        |  90.20 kB |
main.js              | main             |  46.89 kB |
styles.css           | styles           |  17.20 kB |

                     | Initial total    | 154.29 kB


Server bundles
Initial chunk files  | Names            |  Raw size
polyfills.server.mjs | polyfills.server | 570.97 kB |
main.server.mjs      | main.server      |  48.20 kB |
server.mjs           | server           |   1.86 kB |

Application bundle generation complete. [0.034 seconds]

❯ Changes detected. Rebuilding...
✔ Changes detected. Rebuilding...
Browser bundles
Initial chunk files  | Names            |  Raw size
polyfills.js         | polyfills        |  90.20 kB |
main.js              | main             |  46.89 kB |
styles.css           | styles           |  17.20 kB |

                     | Initial total    | 154.29 kB


Server bundles
Initial chunk files  | Names            |  Raw size
polyfills.server.mjs | polyfills.server | 570.97 kB |
main.server.mjs      | main.server      |  48.20 kB |
server.mjs           | server           |   1.86 kB |

Application bundle generation complete. [0.064 seconds]

❯ Changes detected. Rebuilding...
✔ Changes detected. Rebuilding...
Browser bundles
Initial chunk files  | Names            |  Raw size
polyfills.js         | polyfills        |  90.20 kB |
main.js              | main             |  46.89 kB |
styles.css           | styles           |  17.20 kB |

                     | Initial total    | 154.29 kB


Server bundles
Initial chunk files  | Names            |  Raw size
polyfills.server.mjs | polyfills.server | 570.97 kB |
main.server.mjs      | main.server      |  48.20 kB |
server.mjs           | server           |   1.86 kB |

Application bundle generation complete. [0.035 seconds]

❯ Changes detected. Rebuilding...
✔ Changes detected. Rebuilding...
Browser bundles
Initial chunk files  | Names            |  Raw size
polyfills.js         | polyfills        |  90.20 kB |
main.js              | main             |  46.89 kB |
styles.css           | styles           |  17.20 kB |

                     | Initial total    | 154.29 kB


Server bundles
Initial chunk files  | Names            |  Raw size
polyfills.server.mjs | polyfills.server | 570.97 kB |
main.server.mjs      | main.server      |  48.20 kB |
server.mjs           | server           |   1.86 kB |

Application bundle generation complete. [0.039 seconds]

❯ Changes detected. Rebuilding...
✔ Changes detected. Rebuilding...
Browser bundles
Initial chunk files  | Names            |  Raw size
polyfills.js         | polyfills        |  90.20 kB |
main.js              | main             |  46.89 kB |
styles.css           | styles           |  17.20 kB |

                     | Initial total    | 154.29 kB


Server bundles
Initial chunk files  | Names            |  Raw size
polyfills.server.mjs | polyfills.server | 570.97 kB |
main.server.mjs      | main.server      |  48.20 kB |
server.mjs           | server           |   1.86 kB |

Application bundle generation complete. [0.035 seconds]

❯ Changes detected. Rebuilding...
✔ Changes detected. Rebuilding...
Browser bundles
Initial chunk files  | Names            |  Raw size
polyfills.js         | polyfills        |  90.20 kB |
main.js              | main             |  46.89 kB |
styles.css           | styles           |  17.20 kB |

                     | Initial total    | 154.29 kB


Server bundles
Initial chunk files  | Names            |  Raw size
polyfills.server.mjs | polyfills.server | 570.97 kB |
main.server.mjs      | main.server      |  48.20 kB |
server.mjs           | server           |   1.86 kB |

Application bundle generation complete. [0.034 seconds]

❯ Changes detected. Rebuilding...
✔ Changes detected. Rebuilding...
Browser bundles
Initial chunk files  | Names            |  Raw size
polyfills.js         | polyfills        |  90.20 kB |
main.js              | main             |  46.89 kB |
styles.css           | styles           |  17.20 kB |

                     | Initial total    | 154.29 kB


Server bundles
Initial chunk files  | Names            |  Raw size
polyfills.server.mjs | polyfills.server | 570.97 kB |
main.server.mjs      | main.server      |  48.20 kB |
server.mjs           | server           |   1.86 kB |

Application bundle generation complete. [0.036 seconds]

❯ Changes detected. Rebuilding...
✔ Changes detected. Rebuilding...
Browser bundles
Initial chunk files  | Names            |  Raw size
polyfills.js         | polyfills        |  90.20 kB |
main.js              | main             |  46.89 kB |
styles.css           | styles           |  17.20 kB |

                     | Initial total    | 154.29 kB


Server bundles
Initial chunk files  | Names            |  Raw size
polyfills.server.mjs | polyfills.server | 570.97 kB |
main.server.mjs      | main.server      |  48.20 kB |
server.mjs           | server           |   1.86 kB |

Application bundle generation complete. [0.031 seconds]

❯ Changes detected. Rebuilding...
✔ Changes detected. Rebuilding...
Browser bundles
Initial chunk files  | Names            |  Raw size
polyfills.js         | polyfills        |  90.20 kB |
main.js              | main             |  46.89 kB |
styles.css           | styles           |  17.20 kB |

                     | Initial total    | 154.29 kB


Server bundles
Initial chunk files  | Names            |  Raw size
polyfills.server.mjs | polyfills.server | 570.97 kB |
main.server.mjs      | main.server      |  48.20 kB |
server.mjs           | server           |   1.86 kB |

Application bundle generation complete. [0.037 seconds]

❯ Changes detected. Rebuilding...
✔ Changes detected. Rebuilding...
Browser bundles
Initial chunk files  | Names            |  Raw size
polyfills.js         | polyfills        |  90.20 kB |
main.js              | main             |  46.89 kB |
styles.css           | styles           |  17.20 kB |

                     | Initial total    | 154.29 kB


Server bundles
Initial chunk files  | Names            |  Raw size
polyfills.server.mjs | polyfills.server | 570.97 kB |
main.server.mjs      | main.server      |  48.20 kB |
server.mjs           | server           |   1.86 kB |

Application bundle generation complete. [0.034 seconds]

❯ Changes detected. Rebuilding...
✔ Changes detected. Rebuilding...
Browser bundles
Initial chunk files  | Names            |  Raw size
polyfills.js         | polyfills        |  90.20 kB |
main.js              | main             |  46.89 kB |
styles.css           | styles           |  17.20 kB |

                     | Initial total    | 154.29 kB


Server bundles
Initial chunk files  | Names            |  Raw size
polyfills.server.mjs | polyfills.server | 570.97 kB |
main.server.mjs      | main.server      |  48.20 kB |
server.mjs           | server           |   1.86 kB |

Application bundle generation complete. [0.032 seconds]

❯ Changes detected. Rebuilding...
✔ Changes detected. Rebuilding...
Browser bundles
Initial chunk files  | Names            |  Raw size
polyfills.js         | polyfills        |  90.20 kB |
main.js              | main             |  46.89 kB |
styles.css           | styles           |  17.20 kB |

                     | Initial total    | 154.29 kB


Server bundles
Initial chunk files  | Names            |  Raw size
polyfills.server.mjs | polyfills.server | 570.97 kB |
main.server.mjs      | main.server      |  48.20 kB |
server.mjs           | server           |   1.86 kB |

Application bundle generation complete. [0.033 seconds]

❯ Changes detected. Rebuilding...
✔ Changes detected. Rebuilding...
Browser bundles
Initial chunk files  | Names            |  Raw size
polyfills.js         | polyfills        |  90.20 kB |
main.js              | main             |  46.89 kB |
styles.css           | styles           |  17.20 kB |

                     | Initial total    | 154.29 kB


Server bundles
Initial chunk files  | Names            |  Raw size
polyfills.server.mjs | polyfills.server | 570.97 kB |
main.server.mjs      | main.server      |  48.20 kB |
server.mjs           | server           |   1.86 kB |

Application bundle generation complete. [0.035 seconds]

❯ Changes detected. Rebuilding...
✔ Changes detected. Rebuilding...
Browser bundles
Initial chunk files  | Names            |  Raw size
polyfills.js         | polyfills        |  90.20 kB |
main.js              | main             |  46.89 kB |
styles.css           | styles           |  17.20 kB |

                     | Initial total    | 154.29 kB


Server bundles
Initial chunk files  | Names            |  Raw size
polyfills.server.mjs | polyfills.server | 570.97 kB |
main.server.mjs      | main.server      |  48.20 kB |
server.mjs           | server           |   1.86 kB |

Application bundle generation complete. [0.034 seconds]

❯ Changes detected. Rebuilding...
✔ Changes detected. Rebuilding...
Browser bundles
Initial chunk files  | Names            |  Raw size
polyfills.js         | polyfills        |  90.20 kB |
main.js              | main             |  46.89 kB |
styles.css           | styles           |  17.20 kB |

                     | Initial total    | 154.29 kB


Server bundles
Initial chunk files  | Names            |  Raw size
polyfills.server.mjs | polyfills.server | 570.97 kB |
main.server.mjs      | main.server      |  48.20 kB |
server.mjs           | server           |   1.86 kB |

Application bundle generation complete. [0.035 seconds]

❯ Changes detected. Rebuilding...
✔ Changes detected. Rebuilding...
Browser bundles
Initial chunk files  | Names            |  Raw size
polyfills.js         | polyfills        |  90.20 kB |
main.js              | main             |  46.89 kB |
styles.css           | styles           |  17.20 kB |

                     | Initial total    | 154.29 kB


Server bundles
Initial chunk files  | Names            |  Raw size
polyfills.server.mjs | polyfills.server | 570.97 kB |
main.server.mjs      | main.server      |  48.20 kB |
server.mjs           | server           |   1.86 kB |

Application bundle generation complete. [0.043 seconds]

❯ Changes detected. Rebuilding...
✔ Changes detected. Rebuilding...
Browser bundles
Initial chunk files  | Names            |  Raw size
polyfills.js         | polyfills        |  90.20 kB |
main.js              | main             |  46.89 kB |
styles.css           | styles           |  17.20 kB |

                     | Initial total    | 154.29 kB


Server bundles
Initial chunk files  | Names            |  Raw size
polyfills.server.mjs | polyfills.server | 570.97 kB |
main.server.mjs      | main.server      |  48.20 kB |
server.mjs           | server           |   1.86 kB |

Application bundle generation complete. [0.045 seconds]

❯ Changes detected. Rebuilding...
✔ Changes detected. Rebuilding...
Browser bundles
Initial chunk files  | Names            |  Raw size
polyfills.js         | polyfills        |  90.20 kB |
main.js              | main             |  46.89 kB |
styles.css           | styles           |  17.20 kB |

                     | Initial total    | 154.29 kB


Server bundles
Initial chunk files  | Names            |  Raw size
polyfills.server.mjs | polyfills.server | 570.97 kB |
main.server.mjs      | main.server      |  48.20 kB |
server.mjs           | server           |   1.86 kB |

Application bundle generation complete. [0.033 seconds]

❯ Changes detected. Rebuilding...
✔ Changes detected. Rebuilding...
Browser bundles
Initial chunk files  | Names            |  Raw size
polyfills.js         | polyfills        |  90.20 kB |
main.js              | main             |  46.89 kB |
styles.css           | styles           |  17.20 kB |

                     | Initial total    | 154.29 kB


Server bundles
Initial chunk files  | Names            |  Raw size
polyfills.server.mjs | polyfills.server | 570.97 kB |
main.server.mjs      | main.server      |  48.20 kB |
server.mjs           | server           |   1.86 kB |

Application bundle generation complete. [0.037 seconds]

❯ Changes detected. Rebuilding...
✔ Changes detected. Rebuilding...
Browser bundles
Initial chunk files  | Names            |  Raw size
polyfills.js         | polyfills        |  90.20 kB |
main.js              | main             |  46.89 kB |
styles.css           | styles           |  17.20 kB |

                     | Initial total    | 154.29 kB


Server bundles
Initial chunk files  | Names            |  Raw size
polyfills.server.mjs | polyfills.server | 570.97 kB |
main.server.mjs      | main.server      |  48.20 kB |
server.mjs           | server           |   1.86 kB |

Application bundle generation complete. [0.034 seconds]

❯ Changes detected. Rebuilding...
✔ Changes detected. Rebuilding...
Browser bundles
Initial chunk files  | Names            |  Raw size
polyfills.js         | polyfills        |  90.20 kB |
main.js              | main             |  46.89 kB |
styles.css           | styles           |  17.20 kB |

                     | Initial total    | 154.29 kB


Server bundles
Initial chunk files  | Names            |  Raw size
polyfills.server.mjs | polyfills.server | 570.97 kB |
main.server.mjs      | main.server      |  48.20 kB |
server.mjs           | server           |   1.86 kB |

Application bundle generation complete. [0.038 seconds]

❯ Changes detected. Rebuilding...
✔ Changes detected. Rebuilding...
Browser bundles
Initial chunk files  | Names            |  Raw size
polyfills.js         | polyfills        |  90.20 kB |
main.js              | main             |  46.89 kB |
styles.css           | styles           |  17.20 kB |

                     | Initial total    | 154.29 kB


Server bundles
Initial chunk files  | Names            |  Raw size
polyfills.server.mjs | polyfills.server | 570.97 kB |
main.server.mjs      | main.server      |  48.20 kB |
server.mjs           | server           |   1.86 kB |

Application bundle generation complete. [0.037 seconds]

❯ Changes detected. Rebuilding...
✔ Changes detected. Rebuilding...
Browser bundles
Initial chunk files  | Names            |  Raw size
polyfills.js         | polyfills        |  90.20 kB |
main.js              | main             |  46.89 kB |
styles.css           | styles           |  17.20 kB |

                     | Initial total    | 154.29 kB


Server bundles
Initial chunk files  | Names            |  Raw size
polyfills.server.mjs | polyfills.server | 570.97 kB |
main.server.mjs      | main.server      |  48.20 kB |
server.mjs           | server           |   1.86 kB |

Application bundle generation complete. [0.037 seconds]

❯ Changes detected. Rebuilding...
✔ Changes detected. Rebuilding...
Browser bundles
Initial chunk files  | Names            |  Raw size
polyfills.js         | polyfills        |  90.20 kB |
main.js              | main             |  46.89 kB |
styles.css           | styles           |  17.20 kB |

                     | Initial total    | 154.29 kB


Server bundles
Initial chunk files  | Names            |  Raw size
polyfills.server.mjs | polyfills.server | 570.97 kB |
main.server.mjs      | main.server      |  48.20 kB |
server.mjs           | server           |   1.86 kB |

Application bundle generation complete. [0.041 seconds]

❯ Changes detected. Rebuilding...
✔ Changes detected. Rebuilding...
Browser bundles
Initial chunk files  | Names            |  Raw size
polyfills.js         | polyfills        |  90.20 kB |
main.js              | main             |  46.89 kB |
styles.css           | styles           |  17.20 kB |

                     | Initial total    | 154.29 kB


Server bundles
Initial chunk files  | Names            |  Raw size
polyfills.server.mjs | polyfills.server | 570.97 kB |
main.server.mjs      | main.server      |  48.20 kB |
server.mjs           | server           |   1.86 kB |

Application bundle generation complete. [0.037 seconds]

❯ Changes detected. Rebuilding...
✔ Changes detected. Rebuilding...
Browser bundles
Initial chunk files  | Names            |  Raw size
polyfills.js         | polyfills        |  90.20 kB |
main.js              | main             |  46.89 kB |
styles.css           | styles           |  17.20 kB |

                     | Initial total    | 154.29 kB


Server bundles
Initial chunk files  | Names            |  Raw size
polyfills.server.mjs | polyfills.server | 570.97 kB |
main.server.mjs      | main.server      |  48.20 kB |
server.mjs           | server           |   1.86 kB |

Application bundle generation complete. [0.037 seconds]

❯ Changes detected. Rebuilding...
✔ Changes detected. Rebuilding...
Browser bundles
Initial chunk files  | Names            |  Raw size
polyfills.js         | polyfills        |  90.20 kB |
main.js              | main             |  46.89 kB |
styles.css           | styles           |  17.20 kB |

                     | Initial total    | 154.29 kB


Server bundles
Initial chunk files  | Names            |  Raw size
polyfills.server.mjs | polyfills.server | 570.97 kB |
main.server.mjs      | main.server      |  48.20 kB |
server.mjs           | server           |   1.86 kB |

Application bundle generation complete. [0.035 seconds]

❯ Changes detected. Rebuilding...
✔ Changes detected. Rebuilding...
Browser bundles
Initial chunk files  | Names            |  Raw size
polyfills.js         | polyfills        |  90.20 kB |
main.js              | main             |  46.89 kB |
styles.css           | styles           |  17.20 kB |

                     | Initial total    | 154.29 kB


Server bundles
Initial chunk files  | Names            |  Raw size
polyfills.server.mjs | polyfills.server | 570.97 kB |
main.server.mjs      | main.server      |  48.20 kB |
server.mjs           | server           |   1.86 kB |

Application bundle generation complete. [0.040 seconds]

❯ Changes detected. Rebuilding...
✔ Changes detected. Rebuilding...
Browser bundles
Initial chunk files  | Names            |  Raw size
polyfills.js         | polyfills        |  90.20 kB |
main.js              | main             |  46.89 kB |
styles.css           | styles           |  17.20 kB |

                     | Initial total    | 154.29 kB


Server bundles
Initial chunk files  | Names            |  Raw size
polyfills.server.mjs | polyfills.server | 570.97 kB |
main.server.mjs      | main.server      |  48.20 kB |
server.mjs           | server           |   1.86 kB |

Application bundle generation complete. [0.035 seconds]

❯ Changes detected. Rebuilding...
✔ Changes detected. Rebuilding...
Browser bundles
Initial chunk files  | Names            |  Raw size
polyfills.js         | polyfills        |  90.20 kB |
main.js              | main             |  46.89 kB |
styles.css           | styles           |  17.20 kB |

                     | Initial total    | 154.29 kB


Server bundles
Initial chunk files  | Names            |  Raw size
polyfills.server.mjs | polyfills.server | 570.97 kB |
main.server.mjs      | main.server      |  48.20 kB |
server.mjs           | server           |   1.86 kB |

Application bundle generation complete. [0.040 seconds]

❯ Changes detected. Rebuilding...
✔ Changes detected. Rebuilding...
Browser bundles
Initial chunk files  | Names            |  Raw size
polyfills.js         | polyfills        |  90.20 kB |
main.js              | main             |  46.89 kB |
styles.css           | styles           |  17.20 kB |

                     | Initial total    | 154.29 kB


Server bundles
Initial chunk files  | Names            |  Raw size
polyfills.server.mjs | polyfills.server | 570.97 kB |
main.server.mjs      | main.server      |  48.20 kB |
server.mjs           | server           |   1.86 kB |

Application bundle generation complete. [0.037 seconds]

❯ Changes detected. Rebuilding...
✔ Changes detected. Rebuilding...
Browser bundles
Initial chunk files  | Names            |  Raw size
polyfills.js         | polyfills        |  90.20 kB |
main.js              | main             |  46.89 kB |
styles.css           | styles           |  17.20 kB |

                     | Initial total    | 154.29 kB


Server bundles
Initial chunk files  | Names            |  Raw size
polyfills.server.mjs | polyfills.server | 570.97 kB |
main.server.mjs      | main.server      |  48.20 kB |
server.mjs           | server           |   1.86 kB |

Application bundle generation complete. [0.037 seconds]

❯ Changes detected. Rebuilding...
✔ Changes detected. Rebuilding...
Browser bundles
Initial chunk files  | Names            |  Raw size
polyfills.js         | polyfills        |  90.20 kB |
main.js              | main             |  46.89 kB |
styles.css           | styles           |  17.20 kB |

                     | Initial total    | 154.29 kB


Server bundles
Initial chunk files  | Names            |  Raw size
polyfills.server.mjs | polyfills.server | 570.97 kB |
main.server.mjs      | main.server      |  48.20 kB |
server.mjs           | server           |   1.86 kB |

Application bundle generation complete. [0.035 seconds]

❯ Changes detected. Rebuilding...
✔ Changes detected. Rebuilding...
Browser bundles
Initial chunk files  | Names            |  Raw size
polyfills.js         | polyfills        |  90.20 kB |
main.js              | main             |  46.89 kB |
styles.css           | styles           |  17.20 kB |

                     | Initial total    | 154.29 kB


Server bundles
Initial chunk files  | Names            |  Raw size
polyfills.server.mjs | polyfills.server | 570.97 kB |
main.server.mjs      | main.server      |  48.20 kB |
server.mjs           | server           |   1.86 kB |

Application bundle generation complete. [0.038 seconds]

❯ Changes detected. Rebuilding...
✔ Changes detected. Rebuilding...
Browser bundles
Initial chunk files  | Names            |  Raw size
polyfills.js         | polyfills        |  90.20 kB |
main.js              | main             |  46.89 kB |
styles.css           | styles           |  17.20 kB |

                     | Initial total    | 154.29 kB


Server bundles
Initial chunk files  | Names            |  Raw size
polyfills.server.mjs | polyfills.server | 570.97 kB |
main.server.mjs      | main.server      |  48.20 kB |
server.mjs           | server           |   1.86 kB |

Application bundle generation complete. [0.036 seconds]

❯ Changes detected. Rebuilding...
✔ Changes detected. Rebuilding...
Browser bundles
Initial chunk files  | Names            |  Raw size
polyfills.js         | polyfills        |  90.20 kB |
main.js              | main             |  46.89 kB |
styles.css           | styles           |  17.20 kB |

                     | Initial total    | 154.29 kB


Server bundles
Initial chunk files  | Names            |  Raw size
polyfills.server.mjs | polyfills.server | 570.97 kB |
main.server.mjs      | main.server      |  48.20 kB |
server.mjs           | server           |   1.86 kB |

Application bundle generation complete. [0.036 seconds]

❯ Changes detected. Rebuilding...
✔ Changes detected. Rebuilding...
Browser bundles
Initial chunk files  | Names            |  Raw size
polyfills.js         | polyfills        |  90.20 kB |
main.js              | main             |  46.89 kB |
styles.css           | styles           |  17.20 kB |

                     | Initial total    | 154.29 kB


Server bundles
Initial chunk files  | Names            |  Raw size
polyfills.server.mjs | polyfills.server | 570.97 kB |
main.server.mjs      | main.server      |  48.20 kB |
server.mjs           | server           |   1.86 kB |

Application bundle generation complete. [0.042 seconds]

❯ Changes detected. Rebuilding...
✔ Changes detected. Rebuilding...
Browser bundles
Initial chunk files  | Names            |  Raw size
polyfills.js         | polyfills        |  90.20 kB |
main.js              | main             |  46.89 kB |
styles.css           | styles           |  17.20 kB |

                     | Initial total    | 154.29 kB


Server bundles
Initial chunk files  | Names            |  Raw size
polyfills.server.mjs | polyfills.server | 570.97 kB |
main.server.mjs      | main.server      |  48.20 kB |
server.mjs           | server           |   1.86 kB |

Application bundle generation complete. [0.035 seconds]

❯ Changes detected. Rebuilding...
✔ Changes detected. Rebuilding...
Browser bundles
Initial chunk files  | Names            |  Raw size
polyfills.js         | polyfills        |  90.20 kB |
main.js              | main             |  46.89 kB |
styles.css           | styles           |  17.20 kB |

                     | Initial total    | 154.29 kB


Server bundles
Initial chunk files  | Names            |  Raw size
polyfills.server.mjs | polyfills.server | 570.97 kB |
main.server.mjs      | main.server      |  48.20 kB |
server.mjs           | server           |   1.86 kB |

Application bundle generation complete. [0.039 seconds]

❯ Changes detected. Rebuilding...
✔ Changes detected. Rebuilding...
Browser bundles
Initial chunk files  | Names            |  Raw size
polyfills.js         | polyfills        |  90.20 kB |
main.js              | main             |  46.89 kB |
styles.css           | styles           |  17.20 kB |

                     | Initial total    | 154.29 kB


Server bundles
Initial chunk files  | Names            |  Raw size
polyfills.server.mjs | polyfills.server | 570.97 kB |
main.server.mjs      | main.server      |  48.20 kB |
server.mjs           | server           |   1.86 kB |

Application bundle generation complete. [0.038 seconds]

❯ Changes detected. Rebuilding...
✔ Changes detected. Rebuilding...
Browser bundles
Initial chunk files  | Names            |  Raw size
polyfills.js         | polyfills        |  90.20 kB |
main.js              | main             |  46.89 kB |
styles.css           | styles           |  17.20 kB |

                     | Initial total    | 154.29 kB


Server bundles
Initial chunk files  | Names            |  Raw size
polyfills.server.mjs | polyfills.server | 570.97 kB |
main.server.mjs      | main.server      |  48.20 kB |
server.mjs           | server           |   1.86 kB |

Application bundle generation complete. [0.040 seconds]

❯ Changes detected. Rebuilding...
✔ Changes detected. Rebuilding...
Browser bundles
Initial chunk files  | Names            |  Raw size
polyfills.js         | polyfills        |  90.20 kB |
main.js              | main             |  46.89 kB |
styles.css           | styles           |  17.20 kB |

                     | Initial total    | 154.29 kB


Server bundles
Initial chunk files  | Names            |  Raw size
polyfills.server.mjs | polyfills.server | 570.97 kB |
main.server.mjs      | main.server      |  48.20 kB |
server.mjs           | server           |   1.86 kB |

Application bundle generation complete. [0.042 seconds]

❯ Changes detected. Rebuilding...
✔ Changes detected. Rebuilding...
Browser bundles
Initial chunk files  | Names            |  Raw size
polyfills.js         | polyfills        |  90.20 kB |
main.js              | main             |  46.89 kB |
styles.css           | styles           |  17.20 kB |

                     | Initial total    | 154.29 kB


Server bundles
Initial chunk files  | Names            |  Raw size
polyfills.server.mjs | polyfills.server | 570.97 kB |
main.server.mjs      | main.server      |  48.20 kB |
server.mjs           | server           |   1.86 kB |

Application bundle generation complete. [0.042 seconds]

❯ Changes detected. Rebuilding...
✔ Changes detected. Rebuilding...
Browser bundles
Initial chunk files  | Names            |  Raw size
polyfills.js         | polyfills        |  90.20 kB |
main.js              | main             |  46.89 kB |
styles.css           | styles           |  17.20 kB |

                     | Initial total    | 154.29 kB


Server bundles
Initial chunk files  | Names            |  Raw size
polyfills.server.mjs | polyfills.server | 570.97 kB |
main.server.mjs      | main.server      |  48.20 kB |
server.mjs           | server           |   1.86 kB |

Application bundle generation complete. [0.038 seconds]

❯ Changes detected. Rebuilding...
✔ Changes detected. Rebuilding...
Browser bundles
Initial chunk files  | Names            |  Raw size
polyfills.js         | polyfills        |  90.20 kB |
main.js              | main             |  46.89 kB |
styles.css           | styles           |  17.20 kB |

                     | Initial total    | 154.29 kB


Server bundles
Initial chunk files  | Names            |  Raw size
polyfills.server.mjs | polyfills.server | 570.97 kB |
main.server.mjs      | main.server      |  48.20 kB |
server.mjs           | server           |   1.86 kB |

Application bundle generation complete. [0.042 seconds]

❯ Changes detected. Rebuilding...
✔ Changes detected. Rebuilding...
Browser bundles
Initial chunk files  | Names            |  Raw size
polyfills.js         | polyfills        |  90.20 kB |
main.js              | main             |  46.89 kB |
styles.css           | styles           |  17.20 kB |

                     | Initial total    | 154.29 kB


Server bundles
Initial chunk files  | Names            |  Raw size
polyfills.server.mjs | polyfills.server | 570.97 kB |
main.server.mjs      | main.server      |  48.20 kB |
server.mjs           | server           |   1.86 kB |

Application bundle generation complete. [0.042 seconds]

❯ Changes detected. Rebuilding...
✔ Changes detected. Rebuilding...
Browser bundles
Initial chunk files  | Names            |  Raw size
polyfills.js         | polyfills        |  90.20 kB |
main.js              | main             |  46.89 kB |
styles.css           | styles           |  17.20 kB |

                     | Initial total    | 154.29 kB


Server bundles
Initial chunk files  | Names            |  Raw size
polyfills.server.mjs | polyfills.server | 570.97 kB |
main.server.mjs      | main.server      |  48.20 kB |
server.mjs           | server           |   1.86 kB |

Application bundle generation complete. [0.042 seconds]

❯ Changes detected. Rebuilding...
✔ Changes detected. Rebuilding...
Browser bundles
Initial chunk files  | Names            |  Raw size
polyfills.js         | polyfills        |  90.20 kB |
main.js              | main             |  46.89 kB |
styles.css           | styles           |  17.20 kB |

                     | Initial total    | 154.29 kB


Server bundles
Initial chunk files  | Names            |  Raw size
polyfills.server.mjs | polyfills.server | 570.97 kB |
main.server.mjs      | main.server      |  48.20 kB |
server.mjs           | server           |   1.86 kB |

Application bundle generation complete. [0.037 seconds]

❯ Changes detected. Rebuilding...
✔ Changes detected. Rebuilding...
Browser bundles
Initial chunk files  | Names            |  Raw size
polyfills.js         | polyfills        |  90.20 kB |
main.js              | main             |  46.89 kB |
styles.css           | styles           |  17.20 kB |

                     | Initial total    | 154.29 kB


Server bundles
Initial chunk files  | Names            |  Raw size
polyfills.server.mjs | polyfills.server | 570.97 kB |
main.server.mjs      | main.server      |  48.20 kB |
server.mjs           | server           |   1.86 kB |

Application bundle generation complete. [0.044 seconds]

❯ Changes detected. Rebuilding...
✔ Changes detected. Rebuilding...
Browser bundles
Initial chunk files  | Names            |  Raw size
polyfills.js         | polyfills        |  90.20 kB |
main.js              | main             |  46.89 kB |
styles.css           | styles           |  17.20 kB |

                     | Initial total    | 154.29 kB


Server bundles
Initial chunk files  | Names            |  Raw size
polyfills.server.mjs | polyfills.server | 570.97 kB |
main.server.mjs      | main.server      |  48.20 kB |
server.mjs           | server           |   1.86 kB |

Application bundle generation complete. [0.043 seconds]

❯ Changes detected. Rebuilding...
✔ Changes detected. Rebuilding...
Browser bundles
Initial chunk files  | Names            |  Raw size
polyfills.js         | polyfills        |  90.20 kB |
main.js              | main             |  46.89 kB |
styles.css           | styles           |  17.20 kB |

                     | Initial total    | 154.29 kB


Server bundles
Initial chunk files  | Names            |  Raw size
polyfills.server.mjs | polyfills.server | 570.97 kB |
main.server.mjs      | main.server      |  48.20 kB |
server.mjs           | server           |   1.86 kB |

Application bundle generation complete. [0.040 seconds]

❯ Changes detected. Rebuilding...
✔ Changes detected. Rebuilding...
Browser bundles
Initial chunk files  | Names            |  Raw size
polyfills.js         | polyfills        |  90.20 kB |
main.js              | main             |  46.89 kB |
styles.css           | styles           |  17.20 kB |

                     | Initial total    | 154.29 kB


Server bundles
Initial chunk files  | Names            |  Raw size
polyfills.server.mjs | polyfills.server | 570.97 kB |
main.server.mjs      | main.server      |  48.20 kB |
server.mjs           | server           |   1.86 kB |

Application bundle generation complete. [0.044 seconds]

❯ Changes detected. Rebuilding...
✔ Changes detected. Rebuilding...
Browser bundles
Initial chunk files  | Names            |  Raw size
polyfills.js         | polyfills        |  90.20 kB |
main.js              | main             |  46.89 kB |
styles.css           | styles           |  17.20 kB |

                     | Initial total    | 154.29 kB


Server bundles
Initial chunk files  | Names            |  Raw size
polyfills.server.mjs | polyfills.server | 570.97 kB |
main.server.mjs      | main.server      |  48.20 kB |
server.mjs           | server           |   1.86 kB |

Application bundle generation complete. [0.047 seconds]

❯ Changes detected. Rebuilding...
✔ Changes detected. Rebuilding...
Browser bundles
Initial chunk files  | Names            |  Raw size
polyfills.js         | polyfills        |  90.20 kB |
main.js              | main             |  46.89 kB |
styles.css           | styles           |  17.20 kB |

                     | Initial total    | 154.29 kB


Server bundles
Initial chunk files  | Names            |  Raw size
polyfills.server.mjs | polyfills.server | 570.97 kB |
main.server.mjs      | main.server      |  48.20 kB |
server.mjs           | server           |   1.86 kB |

Application bundle generation complete. [0.040 seconds]

❯ Changes detected. Rebuilding...
✔ Changes detected. Rebuilding...
Browser bundles
Initial chunk files  | Names            |  Raw size
polyfills.js         | polyfills        |  90.20 kB |
main.js              | main             |  46.89 kB |
styles.css           | styles           |  17.20 kB |

                     | Initial total    | 154.29 kB


Server bundles
Initial chunk files  | Names            |  Raw size
polyfills.server.mjs | polyfills.server | 570.97 kB |
main.server.mjs      | main.server      |  48.20 kB |
server.mjs           | server           |   1.86 kB |

Application bundle generation complete. [0.048 seconds]

❯ Changes detected. Rebuilding...
✔ Changes detected. Rebuilding...
Browser bundles
Initial chunk files  | Names            |  Raw size
polyfills.js         | polyfills        |  90.20 kB |
main.js              | main             |  46.89 kB |
styles.css           | styles           |  17.20 kB |

                     | Initial total    | 154.29 kB


Server bundles
Initial chunk files  | Names            |  Raw size
polyfills.server.mjs | polyfills.server | 570.97 kB |
main.server.mjs      | main.server      |  48.20 kB |
server.mjs           | server           |   1.86 kB |

Application bundle generation complete. [0.047 seconds]

❯ Changes detected. Rebuilding...
✔ Changes detected. Rebuilding...
Browser bundles
Initial chunk files  | Names            |  Raw size
polyfills.js         | polyfills        |  90.20 kB |
main.js              | main             |  46.89 kB |
styles.css           | styles           |  17.20 kB |

                     | Initial total    | 154.29 kB


Server bundles
Initial chunk files  | Names            |  Raw size
polyfills.server.mjs | polyfills.server | 570.97 kB |
main.server.mjs      | main.server      |  48.20 kB |
server.mjs           | server           |   1.86 kB |

Application bundle generation complete. [0.044 seconds]

❯ Changes detected. Rebuilding...
✔ Changes detected. Rebuilding...
Browser bundles
Initial chunk files  | Names            |  Raw size
polyfills.js         | polyfills        |  90.20 kB |
main.js              | main             |  46.89 kB |
styles.css           | styles           |  17.20 kB |

                     | Initial total    | 154.29 kB


Server bundles
Initial chunk files  | Names            |  Raw size
polyfills.server.mjs | polyfills.server | 570.97 kB |
main.server.mjs      | main.server      |  48.20 kB |
server.mjs           | server           |   1.86 kB |

Application bundle generation complete. [0.044 seconds]

❯ Changes detected. Rebuilding...
✔ Changes detected. Rebuilding...
Browser bundles
Initial chunk files  | Names            |  Raw size
polyfills.js         | polyfills        |  90.20 kB |
main.js              | main             |  46.89 kB |
styles.css           | styles           |  17.20 kB |

                     | Initial total    | 154.29 kB


Server bundles
Initial chunk files  | Names            |  Raw size
polyfills.server.mjs | polyfills.server | 570.97 kB |
main.server.mjs      | main.server      |  48.20 kB |
server.mjs           | server           |   1.86 kB |

Application bundle generation complete. [0.046 seconds]

❯ Changes detected. Rebuilding...
✔ Changes detected. Rebuilding...
Browser bundles
Initial chunk files  | Names            |  Raw size
polyfills.js         | polyfills        |  90.20 kB |
main.js              | main             |  46.89 kB |
styles.css           | styles           |  17.20 kB |

                     | Initial total    | 154.29 kB


Server bundles
Initial chunk files  | Names            |  Raw size
polyfills.server.mjs | polyfills.server | 570.97 kB |
main.server.mjs      | main.server      |  48.20 kB |
server.mjs           | server           |   1.86 kB |

Application bundle generation complete. [0.040 seconds]

❯ Changes detected. Rebuilding...
✔ Changes detected. Rebuilding...
Browser bundles
Initial chunk files  | Names            |  Raw size
polyfills.js         | polyfills        |  90.20 kB |
main.js              | main             |  46.89 kB |
styles.css           | styles           |  17.20 kB |

                     | Initial total    | 154.29 kB


Server bundles
Initial chunk files  | Names            |  Raw size
polyfills.server.mjs | polyfills.server | 570.97 kB |
main.server.mjs      | main.server      |  48.20 kB |
server.mjs           | server           |   1.86 kB |

Application bundle generation complete. [0.044 seconds]

❯ Changes detected. Rebuilding...
✔ Changes detected. Rebuilding...
Browser bundles
Initial chunk files  | Names            |  Raw size
polyfills.js         | polyfills        |  90.20 kB |
main.js              | main             |  46.89 kB |
styles.css           | styles           |  17.20 kB |

                     | Initial total    | 154.29 kB


Server bundles
Initial chunk files  | Names            |  Raw size
polyfills.server.mjs | polyfills.server | 570.97 kB |
main.server.mjs      | main.server      |  48.20 kB |
server.mjs           | server           |   1.86 kB |

Application bundle generation complete. [0.038 seconds]

❯ Changes detected. Rebuilding...
✔ Changes detected. Rebuilding...
Browser bundles
Initial chunk files  | Names            |  Raw size
polyfills.js         | polyfills        |  90.20 kB |
main.js              | main             |  46.89 kB |
styles.css           | styles           |  17.20 kB |

                     | Initial total    | 154.29 kB


Server bundles
Initial chunk files  | Names            |  Raw size
polyfills.server.mjs | polyfills.server | 570.97 kB |
main.server.mjs      | main.server      |  48.20 kB |
server.mjs           | server           |   1.86 kB |

Application bundle generation complete. [0.040 seconds]

❯ Changes detected. Rebuilding...
✔ Changes detected. Rebuilding...
Browser bundles
Initial chunk files  | Names            |  Raw size
polyfills.js         | polyfills        |  90.20 kB |
main.js              | main             |  46.89 kB |
styles.css           | styles           |  17.20 kB |

                     | Initial total    | 154.29 kB


Server bundles
Initial chunk files  | Names            |  Raw size
polyfills.server.mjs | polyfills.server | 570.97 kB |
main.server.mjs      | main.server      |  48.20 kB |
server.mjs           | server           |   1.86 kB |

Application bundle generation complete. [0.044 seconds]

❯ Changes detected. Rebuilding...
✔ Changes detected. Rebuilding...
Browser bundles
Initial chunk files  | Names            |  Raw size
polyfills.js         | polyfills        |  90.20 kB |
main.js              | main             |  46.89 kB |
styles.css           | styles           |  17.20 kB |

                     | Initial total    | 154.29 kB


Server bundles
Initial chunk files  | Names            |  Raw size
polyfills.server.mjs | polyfills.server | 570.97 kB |
main.server.mjs      | main.server      |  48.20 kB |
server.mjs           | server           |   1.86 kB |

Application bundle generation complete. [0.046 seconds]

❯ Changes detected. Rebuilding...
✔ Changes detected. Rebuilding...
Browser bundles
Initial chunk files  | Names            |  Raw size
polyfills.js         | polyfills        |  90.20 kB |
main.js              | main             |  46.89 kB |
styles.css           | styles           |  17.20 kB |

                     | Initial total    | 154.29 kB


Server bundles
Initial chunk files  | Names            |  Raw size
polyfills.server.mjs | polyfills.server | 570.97 kB |
main.server.mjs      | main.server      |  48.20 kB |
server.mjs           | server           |   1.86 kB |

Application bundle generation complete. [0.043 seconds]

❯ Changes detected. Rebuilding...
✔ Changes detected. Rebuilding...
Browser bundles
Initial chunk files  | Names            |  Raw size
polyfills.js         | polyfills        |  90.20 kB |
main.js              | main             |  46.89 kB |
styles.css           | styles           |  17.20 kB |

                     | Initial total    | 154.29 kB


Server bundles
Initial chunk files  | Names            |  Raw size
polyfills.server.mjs | polyfills.server | 570.97 kB |
main.server.mjs      | main.server      |  48.20 kB |
server.mjs           | server           |   1.86 kB |

Application bundle generation complete. [0.049 seconds]

❯ Changes detected. Rebuilding...
✔ Changes detected. Rebuilding...
Browser bundles
Initial chunk files  | Names            |  Raw size
polyfills.js         | polyfills        |  90.20 kB |
main.js              | main             |  46.89 kB |
styles.css           | styles           |  17.20 kB |

                     | Initial total    | 154.29 kB


Server bundles
Initial chunk files  | Names            |  Raw size
polyfills.server.mjs | polyfills.server | 570.97 kB |
main.server.mjs      | main.server      |  48.20 kB |
server.mjs           | server           |   1.86 kB |

Application bundle generation complete. [0.043 seconds]

❯ Changes detected. Rebuilding...
✔ Changes detected. Rebuilding...
Browser bundles
Initial chunk files  | Names            |  Raw size
polyfills.js         | polyfills        |  90.20 kB |
main.js              | main             |  46.89 kB |
styles.css           | styles           |  17.20 kB |

                     | Initial total    | 154.29 kB


Server bundles
Initial chunk files  | Names            |  Raw size
polyfills.server.mjs | polyfills.server | 570.97 kB |
main.server.mjs      | main.server      |  48.20 kB |
server.mjs           | server           |   1.86 kB |

Application bundle generation complete. [0.045 seconds]

❯ Changes detected. Rebuilding...
✔ Changes detected. Rebuilding...
Browser bundles
Initial chunk files  | Names            |  Raw size
polyfills.js         | polyfills        |  90.20 kB |
main.js              | main             |  46.89 kB |
styles.css           | styles           |  17.20 kB |

                     | Initial total    | 154.29 kB


Server bundles
Initial chunk files  | Names            |  Raw size
polyfills.server.mjs | polyfills.server | 570.97 kB |
main.server.mjs      | main.server      |  48.20 kB |
server.mjs           | server           |   1.86 kB |

Application bundle generation complete. [0.041 seconds]

❯ Changes detected. Rebuilding...
✔ Changes detected. Rebuilding...
Browser bundles
Initial chunk files  | Names            |  Raw size
polyfills.js         | polyfills        |  90.20 kB |
main.js              | main             |  46.89 kB |
styles.css           | styles           |  17.20 kB |

                     | Initial total    | 154.29 kB


Server bundles
Initial chunk files  | Names            |  Raw size
polyfills.server.mjs | polyfills.server | 570.97 kB |
main.server.mjs      | main.server      |  48.20 kB |
server.mjs           | server           |   1.86 kB |

Application bundle generation complete. [0.046 seconds]

❯ Changes detected. Rebuilding...
✔ Changes detected. Rebuilding...
Browser bundles
Initial chunk files  | Names            |  Raw size
polyfills.js         | polyfills        |  90.20 kB |
main.js              | main             |  46.89 kB |
styles.css           | styles           |  17.20 kB |

                     | Initial total    | 154.29 kB


Server bundles
Initial chunk files  | Names            |  Raw size
polyfills.server.mjs | polyfills.server | 570.97 kB |
main.server.mjs      | main.server      |  48.20 kB |
server.mjs           | server           |   1.86 kB |

Application bundle generation complete. [0.041 seconds]

❯ Changes detected. Rebuilding...
✔ Changes detected. Rebuilding...
Browser bundles
Initial chunk files  | Names            |  Raw size
polyfills.js         | polyfills        |  90.20 kB |
main.js              | main             |  46.89 kB |
styles.css           | styles           |  17.20 kB |

                     | Initial total    | 154.29 kB


Server bundles
Initial chunk files  | Names            |  Raw size
polyfills.server.mjs | polyfills.server | 570.97 kB |
main.server.mjs      | main.server      |  48.20 kB |
server.mjs           | server           |   1.86 kB |

Application bundle generation complete. [0.049 seconds]

❯ Changes detected. Rebuilding...
✔ Changes detected. Rebuilding...
Browser bundles
Initial chunk files  | Names            |  Raw size
polyfills.js         | polyfills        |  90.20 kB |
main.js              | main             |  46.89 kB |
styles.css           | styles           |  17.20 kB |

                     | Initial total    | 154.29 kB


Server bundles
Initial chunk files  | Names            |  Raw size
polyfills.server.mjs | polyfills.server | 570.97 kB |
main.server.mjs      | main.server      |  48.20 kB |
server.mjs           | server           |   1.86 kB |

Application bundle generation complete. [0.042 seconds]

❯ Changes detected. Rebuilding...
✔ Changes detected. Rebuilding...
Browser bundles
Initial chunk files  | Names            |  Raw size
polyfills.js         | polyfills        |  90.20 kB |
main.js              | main             |  46.89 kB |
styles.css           | styles           |  17.20 kB |

                     | Initial total    | 154.29 kB


Server bundles
Initial chunk files  | Names            |  Raw size
polyfills.server.mjs | polyfills.server | 570.97 kB |
main.server.mjs      | main.server      |  48.20 kB |
server.mjs           | server           |   1.86 kB |

Application bundle generation complete. [0.043 seconds]

❯ Changes detected. Rebuilding...
✔ Changes detected. Rebuilding...
Browser bundles
Initial chunk files  | Names            |  Raw size
polyfills.js         | polyfills        |  90.20 kB |
main.js              | main             |  46.89 kB |
styles.css           | styles           |  17.20 kB |

                     | Initial total    | 154.29 kB


Server bundles
Initial chunk files  | Names            |  Raw size
polyfills.server.mjs | polyfills.server | 570.97 kB |
main.server.mjs      | main.server      |  48.20 kB |
server.mjs           | server           |   1.86 kB |

Application bundle generation complete. [0.047 seconds]

❯ Changes detected. Rebuilding...
✔ Changes detected. Rebuilding...
Browser bundles
Initial chunk files  | Names            |  Raw size
polyfills.js         | polyfills        |  90.20 kB |
main.js              | main             |  46.89 kB |
styles.css           | styles           |  17.20 kB |

                     | Initial total    | 154.29 kB


Server bundles
Initial chunk files  | Names            |  Raw size
polyfills.server.mjs | polyfills.server | 570.97 kB |
main.server.mjs      | main.server      |  48.20 kB |
server.mjs           | server           |   1.86 kB |

Application bundle generation complete. [0.045 seconds]

❯ Changes detected. Rebuilding...
✔ Changes detected. Rebuilding...
Browser bundles
Initial chunk files  | Names            |  Raw size
polyfills.js         | polyfills        |  90.20 kB |
main.js              | main             |  46.89 kB |
styles.css           | styles           |  17.20 kB |

                     | Initial total    | 154.29 kB


Server bundles
Initial chunk files  | Names            |  Raw size
polyfills.server.mjs | polyfills.server | 570.97 kB |
main.server.mjs      | main.server      |  48.20 kB |
server.mjs           | server           |   1.86 kB |

Application bundle generation complete. [0.049 seconds]

❯ Changes detected. Rebuilding...
✔ Changes detected. Rebuilding...
Browser bundles
Initial chunk files  | Names            |  Raw size
polyfills.js         | polyfills        |  90.20 kB |
main.js              | main             |  46.89 kB |
styles.css           | styles           |  17.20 kB |

                     | Initial total    | 154.29 kB


Server bundles
Initial chunk files  | Names            |  Raw size
polyfills.server.mjs | polyfills.server | 570.97 kB |
main.server.mjs      | main.server      |  48.20 kB |
server.mjs           | server           |   1.86 kB |

Application bundle generation complete. [0.050 seconds]

❯ Changes detected. Rebuilding...
✔ Changes detected. Rebuilding...
Browser bundles
Initial chunk files  | Names            |  Raw size
polyfills.js         | polyfills        |  90.20 kB |
main.js              | main             |  46.89 kB |
styles.css           | styles           |  17.20 kB |

                     | Initial total    | 154.29 kB


Server bundles
Initial chunk files  | Names            |  Raw size
polyfills.server.mjs | polyfills.server | 570.97 kB |
main.server.mjs      | main.server      |  48.20 kB |
server.mjs           | server           |   1.86 kB |

Application bundle generation complete. [0.052 seconds]

❯ Changes detected. Rebuilding...
✔ Changes detected. Rebuilding...
Browser bundles
Initial chunk files  | Names            |  Raw size
polyfills.js         | polyfills        |  90.20 kB |
main.js              | main             |  46.89 kB |
styles.css           | styles           |  17.20 kB |

                     | Initial total    | 154.29 kB


Server bundles
Initial chunk files  | Names            |  Raw size
polyfills.server.mjs | polyfills.server | 570.97 kB |
main.server.mjs      | main.server      |  48.20 kB |
server.mjs           | server           |   1.86 kB |

Application bundle generation complete. [0.045 seconds]

❯ Changes detected. Rebuilding...
✔ Changes detected. Rebuilding...
Browser bundles
Initial chunk files  | Names            |  Raw size
polyfills.js         | polyfills        |  90.20 kB |
main.js              | main             |  46.89 kB |
styles.css           | styles           |  17.20 kB |

                     | Initial total    | 154.29 kB


Server bundles
Initial chunk files  | Names            |  Raw size
polyfills.server.mjs | polyfills.server | 570.97 kB |
main.server.mjs      | main.server      |  48.20 kB |
server.mjs           | server           |   1.86 kB |

Application bundle generation complete. [0.047 seconds]

❯ Changes detected. Rebuilding...
✔ Changes detected. Rebuilding...
Browser bundles
Initial chunk files  | Names            |  Raw size
polyfills.js         | polyfills        |  90.20 kB |
main.js              | main             |  46.89 kB |
styles.css           | styles           |  17.20 kB |

                     | Initial total    | 154.29 kB


Server bundles
Initial chunk files  | Names            |  Raw size
polyfills.server.mjs | polyfills.server | 570.97 kB |
main.server.mjs      | main.server      |  48.20 kB |
server.mjs           | server           |   1.86 kB |

Application bundle generation complete. [0.046 seconds]

❯ Changes detected. Rebuilding...
✔ Changes detected. Rebuilding...
Browser bundles
Initial chunk files  | Names            |  Raw size
polyfills.js         | polyfills        |  90.20 kB |
main.js              | main             |  46.89 kB |
styles.css           | styles           |  17.20 kB |

                     | Initial total    | 154.29 kB


Server bundles
Initial chunk files  | Names            |  Raw size
polyfills.server.mjs | polyfills.server | 570.97 kB |
main.server.mjs      | main.server      |  48.20 kB |
server.mjs           | server           |   1.86 kB |

Application bundle generation complete. [0.054 seconds]

❯ Changes detected. Rebuilding...
✔ Changes detected. Rebuilding...
Browser bundles
Initial chunk files  | Names            |  Raw size
polyfills.js         | polyfills        |  90.20 kB |
main.js              | main             |  46.89 kB |
styles.css           | styles           |  17.20 kB |

                     | Initial total    | 154.29 kB


Server bundles
Initial chunk files  | Names            |  Raw size
polyfills.server.mjs | polyfills.server | 570.97 kB |
main.server.mjs      | main.server      |  48.20 kB |
server.mjs           | server           |   1.86 kB |

Application bundle generation complete. [0.049 seconds]

❯ Changes detected. Rebuilding...
✔ Changes detected. Rebuilding...
Browser bundles
Initial chunk files  | Names            |  Raw size
polyfills.js         | polyfills        |  90.20 kB |
main.js              | main             |  46.89 kB |
styles.css           | styles           |  17.20 kB |

                     | Initial total    | 154.29 kB


Server bundles
Initial chunk files  | Names            |  Raw size
polyfills.server.mjs | polyfills.server | 570.97 kB |
main.server.mjs      | main.server      |  48.20 kB |
server.mjs           | server           |   1.86 kB |

Application bundle generation complete. [0.374 seconds]

❯ Changes detected. Rebuilding...
✔ Changes detected. Rebuilding...
Browser bundles
Initial chunk files  | Names            |  Raw size
polyfills.js         | polyfills        |  90.20 kB |
main.js              | main             |  46.89 kB |
styles.css           | styles           |  17.20 kB |

                     | Initial total    | 154.29 kB


Server bundles
Initial chunk files  | Names            |  Raw size
polyfills.server.mjs | polyfills.server | 570.97 kB |
main.server.mjs      | main.server      |  48.20 kB |
server.mjs           | server           |   1.86 kB |

Application bundle generation complete. [0.248 seconds]

❯ Changes detected. Rebuilding...
✔ Changes detected. Rebuilding...
Browser bundles
Initial chunk files  | Names            |  Raw size
polyfills.js         | polyfills        |  90.20 kB |
main.js              | main             |  46.89 kB |
styles.css           | styles           |  17.20 kB |

                     | Initial total    | 154.29 kB


Server bundles
Initial chunk files  | Names            |  Raw size
polyfills.server.mjs | polyfills.server | 570.97 kB |
main.server.mjs      | main.server      |  48.20 kB |
server.mjs           | server           |   1.86 kB |

Application bundle generation complete. [0.370 seconds]

❯ Changes detected. Rebuilding...
✔ Changes detected. Rebuilding...
Browser bundles
Initial chunk files  | Names            |  Raw size
polyfills.js         | polyfills        |  90.20 kB |
main.js              | main             |  46.89 kB |
styles.css           | styles           |  17.20 kB |

                     | Initial total    | 154.29 kB


Server bundles
Initial chunk files  | Names            |  Raw size
polyfills.server.mjs | polyfills.server | 570.97 kB |
main.server.mjs      | main.server      |  48.20 kB |
server.mjs           | server           |   1.86 kB |

Application bundle generation complete. [0.163 seconds]

❯ Changes detected. Rebuilding...
✔ Changes detected. Rebuilding...
Browser bundles
Initial chunk files  | Names            |  Raw size
polyfills.js         | polyfills        |  90.20 kB |
main.js              | main             |  46.89 kB |
styles.css           | styles           |  17.20 kB |

                     | Initial total    | 154.29 kB


Server bundles
Initial chunk files  | Names            |  Raw size
polyfills.server.mjs | polyfills.server | 570.97 kB |
main.server.mjs      | main.server      |  48.20 kB |
server.mjs           | server           |   1.86 kB |

Application bundle generation complete. [0.212 seconds]

❯ Changes detected. Rebuilding...
✔ Changes detected. Rebuilding...
Browser bundles
Initial chunk files  | Names            |  Raw size
polyfills.js         | polyfills        |  90.20 kB |
main.js              | main             |  46.89 kB |
styles.css           | styles           |  17.20 kB |

                     | Initial total    | 154.29 kB


Server bundles
Initial chunk files  | Names            |  Raw size
polyfills.server.mjs | polyfills.server | 570.97 kB |
main.server.mjs      | main.server      |  48.20 kB |
server.mjs           | server           |   1.86 kB |

Application bundle generation complete. [0.272 seconds]

❯ Changes detected. Rebuilding...
✔ Changes detected. Rebuilding...
Browser bundles
Initial chunk files  | Names            |  Raw size
polyfills.js         | polyfills        |  90.20 kB |
main.js              | main             |  46.89 kB |
styles.css           | styles           |  17.20 kB |

                     | Initial total    | 154.29 kB


Server bundles
Initial chunk files  | Names            |  Raw size
polyfills.server.mjs | polyfills.server | 570.97 kB |
main.server.mjs      | main.server      |  48.20 kB |
server.mjs           | server           |   1.86 kB |

Application bundle generation complete. [0.068 seconds]

❯ Changes detected. Rebuilding...
✔ Changes detected. Rebuilding...
Browser bundles
Initial chunk files  | Names            |  Raw size
polyfills.js         | polyfills        |  90.20 kB |
main.js              | main             |  46.89 kB |
styles.css           | styles           |  17.20 kB |

                     | Initial total    | 154.29 kB


Server bundles
Initial chunk files  | Names            |  Raw size
polyfills.server.mjs | polyfills.server | 570.97 kB |
main.server.mjs      | main.server      |  48.20 kB |
server.mjs           | server           |   1.86 kB |

Application bundle generation complete. [0.067 seconds]

❯ Changes detected. Rebuilding...
✔ Changes detected. Rebuilding...
Browser bundles
Initial chunk files  | Names            |  Raw size
polyfills.js         | polyfills        |  90.20 kB |
main.js              | main             |  46.89 kB |
styles.css           | styles           |  17.20 kB |

                     | Initial total    | 154.29 kB


Server bundles
Initial chunk files  | Names            |  Raw size
polyfills.server.mjs | polyfills.server | 570.97 kB |
main.server.mjs      | main.server      |  48.20 kB |
server.mjs           | server           |   1.86 kB |

Application bundle generation complete. [0.100 seconds]

❯ Changes detected. Rebuilding...
✔ Changes detected. Rebuilding...
Browser bundles
Initial chunk files  | Names            |  Raw size
polyfills.js         | polyfills        |  90.20 kB |
main.js              | main             |  46.89 kB |
styles.css           | styles           |  17.20 kB |

                     | Initial total    | 154.29 kB


Server bundles
Initial chunk files  | Names            |  Raw size
polyfills.server.mjs | polyfills.server | 570.97 kB |
main.server.mjs      | main.server      |  48.20 kB |
server.mjs           | server           |   1.86 kB |

Application bundle generation complete. [0.105 seconds]

❯ Changes detected. Rebuilding...
✔ Changes detected. Rebuilding...
Browser bundles
Initial chunk files  | Names            |  Raw size
polyfills.js         | polyfills        |  90.20 kB |
main.js              | main             |  46.89 kB |
styles.css           | styles           |  17.20 kB |

                     | Initial total    | 154.29 kB


Server bundles
Initial chunk files  | Names            |  Raw size
polyfills.server.mjs | polyfills.server | 570.97 kB |
main.server.mjs      | main.server      |  48.20 kB |
server.mjs           | server           |   1.86 kB |

Application bundle generation complete. [0.108 seconds]

❯ Changes detected. Rebuilding...
✔ Changes detected. Rebuilding...
Browser bundles
Initial chunk files  | Names            |  Raw size
polyfills.js         | polyfills        |  90.20 kB |
main.js              | main             |  46.89 kB |
styles.css           | styles           |  17.20 kB |

                     | Initial total    | 154.29 kB


Server bundles
Initial chunk files  | Names            |  Raw size
polyfills.server.mjs | polyfills.server | 570.97 kB |
main.server.mjs      | main.server      |  48.20 kB |
server.mjs           | server           |   1.86 kB |

Application bundle generation complete. [0.123 seconds]

❯ Changes detected. Rebuilding...
✔ Changes detected. Rebuilding...
Browser bundles
Initial chunk files  | Names            |  Raw size
polyfills.js         | polyfills        |  90.20 kB |
main.js              | main             |  46.89 kB |
styles.css           | styles           |  17.20 kB |

                     | Initial total    | 154.29 kB


Server bundles
Initial chunk files  | Names            |  Raw size
polyfills.server.mjs | polyfills.server | 570.97 kB |
main.server.mjs      | main.server      |  48.20 kB |
server.mjs           | server           |   1.86 kB |

Application bundle generation complete. [0.110 seconds]

❯ Changes detected. Rebuilding...
✔ Changes detected. Rebuilding...
Browser bundles
Initial chunk files  | Names            |  Raw size
polyfills.js         | polyfills        |  90.20 kB |
main.js              | main             |  46.89 kB |
styles.css           | styles           |  17.20 kB |

                     | Initial total    | 154.29 kB


Server bundles
Initial chunk files  | Names            |  Raw size
polyfills.server.mjs | polyfills.server | 570.97 kB |
main.server.mjs      | main.server      |  48.20 kB |
server.mjs           | server           |   1.86 kB |

Application bundle generation complete. [0.098 seconds]

❯ Changes detected. Rebuilding...
✔ Changes detected. Rebuilding...
Browser bundles
Initial chunk files  | Names            |  Raw size
polyfills.js         | polyfills        |  90.20 kB |
main.js              | main             |  46.89 kB |
styles.css           | styles           |  17.20 kB |

                     | Initial total    | 154.29 kB


Server bundles
Initial chunk files  | Names            |  Raw size
polyfills.server.mjs | polyfills.server | 570.97 kB |
main.server.mjs      | main.server      |  48.20 kB |
server.mjs           | server           |   1.86 kB |

Application bundle generation complete. [0.099 seconds]

❯ Changes detected. Rebuilding...
✔ Changes detected. Rebuilding...
Browser bundles
Initial chunk files  | Names            |  Raw size
polyfills.js         | polyfills        |  90.20 kB |
main.js              | main             |  46.89 kB |
styles.css           | styles           |  17.20 kB |

                     | Initial total    | 154.29 kB


Server bundles
Initial chunk files  | Names            |  Raw size
polyfills.server.mjs | polyfills.server | 570.97 kB |
main.server.mjs      | main.server      |  48.20 kB |
server.mjs           | server           |   1.86 kB |

Application bundle generation complete. [0.064 seconds]

❯ Changes detected. Rebuilding...
✔ Changes detected. Rebuilding...
Browser bundles
Initial chunk files  | Names            |  Raw size
polyfills.js         | polyfills        |  90.20 kB |
main.js              | main             |  46.89 kB |
styles.css           | styles           |  17.20 kB |

                     | Initial total    | 154.29 kB


Server bundles
Initial chunk files  | Names            |  Raw size
polyfills.server.mjs | polyfills.server | 570.97 kB |
main.server.mjs      | main.server      |  48.20 kB |
server.mjs           | server           |   1.86 kB |

Application bundle generation complete. [0.062 seconds]

❯ Changes detected. Rebuilding...
✔ Changes detected. Rebuilding...
Browser bundles
Initial chunk files  | Names            |  Raw size
polyfills.js         | polyfills        |  90.20 kB |
main.js              | main             |  46.89 kB |
styles.css           | styles           |  17.20 kB |

                     | Initial total    | 154.29 kB


Server bundles
Initial chunk files  | Names            |  Raw size
polyfills.server.mjs | polyfills.server | 570.97 kB |
main.server.mjs      | main.server      |  48.20 kB |
server.mjs           | server           |   1.86 kB |

Application bundle generation complete. [0.055 seconds]

❯ Changes detected. Rebuilding...
✔ Changes detected. Rebuilding...
Browser bundles
Initial chunk files  | Names            |  Raw size
polyfills.js         | polyfills        |  90.20 kB |
main.js              | main             |  46.89 kB |
styles.css           | styles           |  17.20 kB |

                     | Initial total    | 154.29 kB


Server bundles
Initial chunk files  | Names            |  Raw size
polyfills.server.mjs | polyfills.server | 570.97 kB |
main.server.mjs      | main.server      |  48.20 kB |
server.mjs           | server           |   1.86 kB |

Application bundle generation complete. [0.050 seconds]

❯ Changes detected. Rebuilding...
✔ Changes detected. Rebuilding...
Browser bundles
Initial chunk files  | Names            |  Raw size
polyfills.js         | polyfills        |  90.20 kB |
main.js              | main             |  46.89 kB |
styles.css           | styles           |  17.20 kB |

                     | Initial total    | 154.29 kB


Server bundles
Initial chunk files  | Names            |  Raw size
polyfills.server.mjs | polyfills.server | 570.97 kB |
main.server.mjs      | main.server      |  48.20 kB |
server.mjs           | server           |   1.86 kB |

Application bundle generation complete. [0.052 seconds]

❯ Changes detected. Rebuilding...
✔ Changes detected. Rebuilding...
Browser bundles
Initial chunk files  | Names            |  Raw size
polyfills.js         | polyfills        |  90.20 kB |
main.js              | main             |  46.89 kB |
styles.css           | styles           |  17.20 kB |

                     | Initial total    | 154.29 kB


Server bundles
Initial chunk files  | Names            |  Raw size
polyfills.server.mjs | polyfills.server | 570.97 kB |
main.server.mjs      | main.server      |  48.20 kB |
server.mjs           | server           |   1.86 kB |

Application bundle generation complete. [0.062 seconds]

❯ Changes detected. Rebuilding...
✔ Changes detected. Rebuilding...
Browser bundles
Initial chunk files  | Names            |  Raw size
polyfills.js         | polyfills        |  90.20 kB |
main.js              | main             |  46.89 kB |
styles.css           | styles           |  17.20 kB |

                     | Initial total    | 154.29 kB


Server bundles
Initial chunk files  | Names            |  Raw size
polyfills.server.mjs | polyfills.server | 570.97 kB |
main.server.mjs      | main.server      |  48.20 kB |
server.mjs           | server           |   1.86 kB |

Application bundle generation complete. [0.062 seconds]

❯ Changes detected. Rebuilding...
✔ Changes detected. Rebuilding...
Browser bundles
Initial chunk files  | Names            |  Raw size
polyfills.js         | polyfills        |  90.20 kB |
main.js              | main             |  46.89 kB |
styles.css           | styles           |  17.20 kB |

                     | Initial total    | 154.29 kB


Server bundles
Initial chunk files  | Names            |  Raw size
polyfills.server.mjs | polyfills.server | 570.97 kB |
main.server.mjs      | main.server      |  48.20 kB |
server.mjs           | server           |   1.86 kB |

Application bundle generation complete. [0.055 seconds]

❯ Changes detected. Rebuilding...
✔ Changes detected. Rebuilding...
Browser bundles
Initial chunk files  | Names            |  Raw size
polyfills.js         | polyfills        |  90.20 kB |
main.js              | main             |  46.89 kB |
styles.css           | styles           |  17.20 kB |

                     | Initial total    | 154.29 kB


Server bundles
Initial chunk files  | Names            |  Raw size
polyfills.server.mjs | polyfills.server | 570.97 kB |
main.server.mjs      | main.server      |  48.20 kB |
server.mjs           | server           |   1.86 kB |

Application bundle generation complete. [0.058 seconds]

❯ Changes detected. Rebuilding...
✔ Changes detected. Rebuilding...
Browser bundles
Initial chunk files  | Names            |  Raw size
polyfills.js         | polyfills        |  90.20 kB |
main.js              | main             |  46.89 kB |
styles.css           | styles           |  17.20 kB |

                     | Initial total    | 154.29 kB


Server bundles
Initial chunk files  | Names            |  Raw size
polyfills.server.mjs | polyfills.server | 570.97 kB |
main.server.mjs      | main.server      |  48.20 kB |
server.mjs           | server           |   1.86 kB |

Application bundle generation complete. [0.061 seconds]

❯ Changes detected. Rebuilding...
✔ Changes detected. Rebuilding...
Browser bundles
Initial chunk files  | Names            |  Raw size
polyfills.js         | polyfills        |  90.20 kB |
main.js              | main             |  46.89 kB |
styles.css           | styles           |  17.20 kB |

                     | Initial total    | 154.29 kB


Server bundles
Initial chunk files  | Names            |  Raw size
polyfills.server.mjs | polyfills.server | 570.97 kB |
main.server.mjs      | main.server      |  48.20 kB |
server.mjs           | server           |   1.86 kB |

Application bundle generation complete. [0.051 seconds]

❯ Changes detected. Rebuilding...
✔ Changes detected. Rebuilding...
Browser bundles
Initial chunk files  | Names            |  Raw size
polyfills.js         | polyfills        |  90.20 kB |
main.js              | main             |  46.89 kB |
styles.css           | styles           |  17.20 kB |

                     | Initial total    | 154.29 kB


Server bundles
Initial chunk files  | Names            |  Raw size
polyfills.server.mjs | polyfills.server | 570.97 kB |
main.server.mjs      | main.server      |  48.20 kB |
server.mjs           | server           |   1.86 kB |

Application bundle generation complete. [0.058 seconds]

❯ Changes detected. Rebuilding...
✔ Changes detected. Rebuilding...
Browser bundles
Initial chunk files  | Names            |  Raw size
polyfills.js         | polyfills        |  90.20 kB |
main.js              | main             |  46.89 kB |
styles.css           | styles           |  17.20 kB |

                     | Initial total    | 154.29 kB


Server bundles
Initial chunk files  | Names            |  Raw size
polyfills.server.mjs | polyfills.server | 570.97 kB |
main.server.mjs      | main.server      |  48.20 kB |
server.mjs           | server           |   1.86 kB |

Application bundle generation complete. [0.057 seconds]

❯ Changes detected. Rebuilding...
✔ Changes detected. Rebuilding...
Browser bundles
Initial chunk files  | Names            |  Raw size
polyfills.js         | polyfills        |  90.20 kB |
main.js              | main             |  46.89 kB |
styles.css           | styles           |  17.20 kB |

                     | Initial total    | 154.29 kB


Server bundles
Initial chunk files  | Names            |  Raw size
polyfills.server.mjs | polyfills.server | 570.97 kB |
main.server.mjs      | main.server      |  48.20 kB |
server.mjs           | server           |   1.86 kB |

Application bundle generation complete. [0.060 seconds]

❯ Changes detected. Rebuilding...
✔ Changes detected. Rebuilding...
Browser bundles
Initial chunk files  | Names            |  Raw size
polyfills.js         | polyfills        |  90.20 kB |
main.js              | main             |  46.89 kB |
styles.css           | styles           |  17.20 kB |

                     | Initial total    | 154.29 kB


Server bundles
Initial chunk files  | Names            |  Raw size
polyfills.server.mjs | polyfills.server | 570.97 kB |
main.server.mjs      | main.server      |  48.20 kB |
server.mjs           | server           |   1.86 kB |

Application bundle generation complete. [0.056 seconds]

❯ Changes detected. Rebuilding...
✔ Changes detected. Rebuilding...
Browser bundles
Initial chunk files  | Names            |  Raw size
polyfills.js         | polyfills        |  90.20 kB |
main.js              | main             |  46.89 kB |
styles.css           | styles           |  17.20 kB |

                     | Initial total    | 154.29 kB


Server bundles
Initial chunk files  | Names            |  Raw size
polyfills.server.mjs | polyfills.server | 570.97 kB |
main.server.mjs      | main.server      |  48.20 kB |
server.mjs           | server           |   1.86 kB |

Application bundle generation complete. [0.060 seconds]

❯ Changes detected. Rebuilding...
✔ Changes detected. Rebuilding...
Browser bundles
Initial chunk files  | Names            |  Raw size
polyfills.js         | polyfills        |  90.20 kB |
main.js              | main             |  46.89 kB |
styles.css           | styles           |  17.20 kB |

                     | Initial total    | 154.29 kB


Server bundles
Initial chunk files  | Names            |  Raw size
polyfills.server.mjs | polyfills.server | 570.97 kB |
main.server.mjs      | main.server      |  48.20 kB |
server.mjs           | server           |   1.86 kB |

Application bundle generation complete. [0.061 seconds]

❯ Changes detected. Rebuilding...
✔ Changes detected. Rebuilding...
Browser bundles
Initial chunk files  | Names            |  Raw size
polyfills.js         | polyfills        |  90.20 kB |
main.js              | main             |  46.89 kB |
styles.css           | styles           |  17.20 kB |

                     | Initial total    | 154.29 kB


Server bundles
Initial chunk files  | Names            |  Raw size
polyfills.server.mjs | polyfills.server | 570.97 kB |
main.server.mjs      | main.server      |  48.20 kB |
server.mjs           | server           |   1.86 kB |

Application bundle generation complete. [0.062 seconds]

❯ Changes detected. Rebuilding...
✔ Changes detected. Rebuilding...
Browser bundles
Initial chunk files  | Names            |  Raw size
polyfills.js         | polyfills        |  90.20 kB |
main.js              | main             |  46.89 kB |
styles.css           | styles           |  17.20 kB |

                     | Initial total    | 154.29 kB


Server bundles
Initial chunk files  | Names            |  Raw size
polyfills.server.mjs | polyfills.server | 570.97 kB |
main.server.mjs      | main.server      |  48.20 kB |
server.mjs           | server           |   1.86 kB |

Application bundle generation complete. [0.064 seconds]

❯ Changes detected. Rebuilding...
✔ Changes detected. Rebuilding...
Browser bundles
Initial chunk files  | Names            |  Raw size
polyfills.js         | polyfills        |  90.20 kB |
main.js              | main             |  46.89 kB |
styles.css           | styles           |  17.20 kB |

                     | Initial total    | 154.29 kB


Server bundles
Initial chunk files  | Names            |  Raw size
polyfills.server.mjs | polyfills.server | 570.97 kB |
main.server.mjs      | main.server      |  48.20 kB |
server.mjs           | server           |   1.86 kB |

Application bundle generation complete. [0.056 seconds]

❯ Changes detected. Rebuilding...
✔ Changes detected. Rebuilding...
Browser bundles
Initial chunk files  | Names            |  Raw size
polyfills.js         | polyfills        |  90.20 kB |
main.js              | main             |  46.89 kB |
styles.css           | styles           |  17.20 kB |

                     | Initial total    | 154.29 kB


Server bundles
Initial chunk files  | Names            |  Raw size
polyfills.server.mjs | polyfills.server | 570.97 kB |
main.server.mjs      | main.server      |  48.20 kB |
server.mjs           | server           |   1.86 kB |

Application bundle generation complete. [0.062 seconds]

❯ Changes detected. Rebuilding...
✔ Changes detected. Rebuilding...
Browser bundles
Initial chunk files  | Names            |  Raw size
polyfills.js         | polyfills        |  90.20 kB |
main.js              | main             |  46.89 kB |
styles.css           | styles           |  17.20 kB |

                     | Initial total    | 154.29 kB


Server bundles
Initial chunk files  | Names            |  Raw size
polyfills.server.mjs | polyfills.server | 570.97 kB |
main.server.mjs      | main.server      |  48.20 kB |
server.mjs           | server           |   1.86 kB |

Application bundle generation complete. [0.070 seconds]

❯ Changes detected. Rebuilding...
✔ Changes detected. Rebuilding...
Browser bundles
Initial chunk files  | Names            |  Raw size
polyfills.js         | polyfills        |  90.20 kB |
main.js              | main             |  46.89 kB |
styles.css           | styles           |  17.20 kB |

                     | Initial total    | 154.29 kB


Server bundles
Initial chunk files  | Names            |  Raw size
polyfills.server.mjs | polyfills.server | 570.97 kB |
main.server.mjs      | main.server      |  48.20 kB |
server.mjs           | server           |   1.86 kB |

Application bundle generation complete. [0.063 seconds]

❯ Changes detected. Rebuilding...
✔ Changes detected. Rebuilding...
Browser bundles
Initial chunk files  | Names            |  Raw size
polyfills.js         | polyfills        |  90.20 kB |
main.js              | main             |  46.89 kB |
styles.css           | styles           |  17.20 kB |

                     | Initial total    | 154.29 kB


Server bundles
Initial chunk files  | Names            |  Raw size
polyfills.server.mjs | polyfills.server | 570.97 kB |
main.server.mjs      | main.server      |  48.20 kB |
server.mjs           | server           |   1.86 kB |

Application bundle generation complete. [0.055 seconds]

❯ Changes detected. Rebuilding...
✔ Changes detected. Rebuilding...
Browser bundles
Initial chunk files  | Names            |  Raw size
polyfills.js         | polyfills        |  90.20 kB |
main.js              | main             |  46.89 kB |
styles.css           | styles           |  17.20 kB |

                     | Initial total    | 154.29 kB


Server bundles
Initial chunk files  | Names            |  Raw size
polyfills.server.mjs | polyfills.server | 570.97 kB |
main.server.mjs      | main.server      |  48.20 kB |
server.mjs           | server           |   1.86 kB |

Application bundle generation complete. [0.056 seconds]

❯ Changes detected. Rebuilding...
✔ Changes detected. Rebuilding...
Browser bundles
Initial chunk files  | Names            |  Raw size
polyfills.js         | polyfills        |  90.20 kB |
main.js              | main             |  46.89 kB |
styles.css           | styles           |  17.20 kB |

                     | Initial total    | 154.29 kB


Server bundles
Initial chunk files  | Names            |  Raw size
polyfills.server.mjs | polyfills.server | 570.97 kB |
main.server.mjs      | main.server      |  48.20 kB |
server.mjs           | server           |   1.86 kB |

Application bundle generation complete. [0.059 seconds]

❯ Changes detected. Rebuilding...
✔ Changes detected. Rebuilding...
Browser bundles
Initial chunk files  | Names            |  Raw size
polyfills.js         | polyfills        |  90.20 kB |
main.js              | main             |  46.89 kB |
styles.css           | styles           |  17.20 kB |

                     | Initial total    | 154.29 kB


Server bundles
Initial chunk files  | Names            |  Raw size
polyfills.server.mjs | polyfills.server | 570.97 kB |
main.server.mjs      | main.server      |  48.20 kB |
server.mjs           | server           |   1.86 kB |

Application bundle generation complete. [0.055 seconds]

❯ Changes detected. Rebuilding...
✔ Changes detected. Rebuilding...
Browser bundles
Initial chunk files  | Names            |  Raw size
polyfills.js         | polyfills        |  90.20 kB |
main.js              | main             |  46.89 kB |
styles.css           | styles           |  17.20 kB |

                     | Initial total    | 154.29 kB


Server bundles
Initial chunk files  | Names            |  Raw size
polyfills.server.mjs | polyfills.server | 570.97 kB |
main.server.mjs      | main.server      |  48.20 kB |
server.mjs           | server           |   1.86 kB |

Application bundle generation complete. [0.057 seconds]

❯ Changes detected. Rebuilding...
✔ Changes detected. Rebuilding...
Browser bundles
Initial chunk files  | Names            |  Raw size
polyfills.js         | polyfills        |  90.20 kB |
main.js              | main             |  46.89 kB |
styles.css           | styles           |  17.20 kB |

                     | Initial total    | 154.29 kB


Server bundles
Initial chunk files  | Names            |  Raw size
polyfills.server.mjs | polyfills.server | 570.97 kB |
main.server.mjs      | main.server      |  48.20 kB |
server.mjs           | server           |   1.86 kB |

Application bundle generation complete. [0.058 seconds]

❯ Changes detected. Rebuilding...
✔ Changes detected. Rebuilding...
Browser bundles
Initial chunk files  | Names            |  Raw size
polyfills.js         | polyfills        |  90.20 kB |
main.js              | main             |  46.89 kB |
styles.css           | styles           |  17.20 kB |

                     | Initial total    | 154.29 kB


Server bundles
Initial chunk files  | Names            |  Raw size
polyfills.server.mjs | polyfills.server | 570.97 kB |
main.server.mjs      | main.server      |  48.20 kB |
server.mjs           | server           |   1.86 kB |

Application bundle generation complete. [0.061 seconds]

❯ Changes detected. Rebuilding...
✔ Changes detected. Rebuilding...
Browser bundles
Initial chunk files  | Names            |  Raw size
polyfills.js         | polyfills        |  90.20 kB |
main.js              | main             |  46.89 kB |
styles.css           | styles           |  17.20 kB |

                     | Initial total    | 154.29 kB


Server bundles
Initial chunk files  | Names            |  Raw size
polyfills.server.mjs | polyfills.server | 570.97 kB |
main.server.mjs      | main.server      |  48.20 kB |
server.mjs           | server           |   1.86 kB |

Application bundle generation complete. [0.057 seconds]

❯ Changes detected. Rebuilding...
✔ Changes detected. Rebuilding...
Browser bundles
Initial chunk files  | Names            |  Raw size
polyfills.js         | polyfills        |  90.20 kB |
main.js              | main             |  46.89 kB |
styles.css           | styles           |  17.20 kB |

                     | Initial total    | 154.29 kB


Server bundles
Initial chunk files  | Names            |  Raw size
polyfills.server.mjs | polyfills.server | 570.97 kB |
main.server.mjs      | main.server      |  48.20 kB |
server.mjs           | server           |   1.86 kB |

Application bundle generation complete. [0.063 seconds]

❯ Changes detected. Rebuilding...
✔ Changes detected. Rebuilding...
Browser bundles
Initial chunk files  | Names            |  Raw size
polyfills.js         | polyfills        |  90.20 kB |
main.js              | main             |  46.89 kB |
styles.css           | styles           |  17.20 kB |

                     | Initial total    | 154.29 kB


Server bundles
Initial chunk files  | Names            |  Raw size
polyfills.server.mjs | polyfills.server | 570.97 kB |
main.server.mjs      | main.server      |  48.20 kB |
server.mjs           | server           |   1.86 kB |

Application bundle generation complete. [0.066 seconds]

❯ Changes detected. Rebuilding...
✔ Changes detected. Rebuilding...
Browser bundles
Initial chunk files  | Names            |  Raw size
polyfills.js         | polyfills        |  90.20 kB |
main.js              | main             |  46.89 kB |
styles.css           | styles           |  17.20 kB |

                     | Initial total    | 154.29 kB


Server bundles
Initial chunk files  | Names            |  Raw size
polyfills.server.mjs | polyfills.server | 570.97 kB |
main.server.mjs      | main.server      |  48.20 kB |
server.mjs           | server           |   1.86 kB |

Application bundle generation complete. [0.077 seconds]

❯ Changes detected. Rebuilding...
✔ Changes detected. Rebuilding...
Browser bundles
Initial chunk files  | Names            |  Raw size
polyfills.js         | polyfills        |  90.20 kB |
main.js              | main             |  46.89 kB |
styles.css           | styles           |  17.20 kB |

                     | Initial total    | 154.29 kB


Server bundles
Initial chunk files  | Names            |  Raw size
polyfills.server.mjs | polyfills.server | 570.97 kB |
main.server.mjs      | main.server      |  48.20 kB |
server.mjs           | server           |   1.86 kB |

Application bundle generation complete. [0.062 seconds]

❯ Changes detected. Rebuilding...
✔ Changes detected. Rebuilding...
Browser bundles
Initial chunk files  | Names            |  Raw size
polyfills.js         | polyfills        |  90.20 kB |
main.js              | main             |  46.89 kB |
styles.css           | styles           |  17.20 kB |

                     | Initial total    | 154.29 kB


Server bundles
Initial chunk files  | Names            |  Raw size
polyfills.server.mjs | polyfills.server | 570.97 kB |
main.server.mjs      | main.server      |  48.20 kB |
server.mjs           | server           |   1.86 kB |

Application bundle generation complete. [0.064 seconds]

❯ Changes detected. Rebuilding...
✔ Changes detected. Rebuilding...
Browser bundles
Initial chunk files  | Names            |  Raw size
polyfills.js         | polyfills        |  90.20 kB |
main.js              | main             |  46.89 kB |
styles.css           | styles           |  17.20 kB |

                     | Initial total    | 154.29 kB


Server bundles
Initial chunk files  | Names            |  Raw size
polyfills.server.mjs | polyfills.server | 570.97 kB |
main.server.mjs      | main.server      |  48.20 kB |
server.mjs           | server           |   1.86 kB |

Application bundle generation complete. [0.057 seconds]

❯ Changes detected. Rebuilding...
✔ Changes detected. Rebuilding...
Browser bundles
Initial chunk files  | Names            |  Raw size
polyfills.js         | polyfills        |  90.20 kB |
main.js              | main             |  46.89 kB |
styles.css           | styles           |  17.20 kB |

                     | Initial total    | 154.29 kB


Server bundles
Initial chunk files  | Names            |  Raw size
polyfills.server.mjs | polyfills.server | 570.97 kB |
main.server.mjs      | main.server      |  48.20 kB |
server.mjs           | server           |   1.86 kB |

Application bundle generation complete. [0.066 seconds]

❯ Changes detected. Rebuilding...
✔ Changes detected. Rebuilding...
Browser bundles
Initial chunk files  | Names            |  Raw size
polyfills.js         | polyfills        |  90.20 kB |
main.js              | main             |  46.89 kB |
styles.css           | styles           |  17.20 kB |

                     | Initial total    | 154.29 kB


Server bundles
Initial chunk files  | Names            |  Raw size
polyfills.server.mjs | polyfills.server | 570.97 kB |
main.server.mjs      | main.server      |  48.20 kB |
server.mjs           | server           |   1.86 kB |

Application bundle generation complete. [0.060 seconds]

❯ Changes detected. Rebuilding...
✔ Changes detected. Rebuilding...
Browser bundles
Initial chunk files  | Names            |  Raw size
polyfills.js         | polyfills        |  90.20 kB |
main.js              | main             |  46.89 kB |
styles.css           | styles           |  17.20 kB |

                     | Initial total    | 154.29 kB


Server bundles
Initial chunk files  | Names            |  Raw size
polyfills.server.mjs | polyfills.server | 570.97 kB |
main.server.mjs      | main.server      |  48.20 kB |
server.mjs           | server           |   1.86 kB |

Application bundle generation complete. [0.063 seconds]

❯ Changes detected. Rebuilding...
✔ Changes detected. Rebuilding...
Browser bundles
Initial chunk files  | Names            |  Raw size
polyfills.js         | polyfills        |  90.20 kB |
main.js              | main             |  46.89 kB |
styles.css           | styles           |  17.20 kB |

                     | Initial total    | 154.29 kB


Server bundles
Initial chunk files  | Names            |  Raw size
polyfills.server.mjs | polyfills.server | 570.97 kB |
main.server.mjs      | main.server      |  48.20 kB |
server.mjs           | server           |   1.86 kB |

Application bundle generation complete. [0.066 seconds]

❯ Changes detected. Rebuilding...
✔ Changes detected. Rebuilding...
Browser bundles
Initial chunk files  | Names            |  Raw size
polyfills.js         | polyfills        |  90.20 kB |
main.js              | main             |  46.89 kB |
styles.css           | styles           |  17.20 kB |

                     | Initial total    | 154.29 kB


Server bundles
Initial chunk files  | Names            |  Raw size
polyfills.server.mjs | polyfills.server | 570.97 kB |
main.server.mjs      | main.server      |  48.20 kB |
server.mjs           | server           |   1.86 kB |

Application bundle generation complete. [0.066 seconds]

❯ Changes detected. Rebuilding...
✔ Changes detected. Rebuilding...
Browser bundles
Initial chunk files  | Names            |  Raw size
polyfills.js         | polyfills        |  90.20 kB |
main.js              | main             |  46.89 kB |
styles.css           | styles           |  17.20 kB |

                     | Initial total    | 154.29 kB


Server bundles
Initial chunk files  | Names            |  Raw size
polyfills.server.mjs | polyfills.server | 570.97 kB |
main.server.mjs      | main.server      |  48.20 kB |
server.mjs           | server           |   1.86 kB |

Application bundle generation complete. [0.069 seconds]

❯ Changes detected. Rebuilding...
✔ Changes detected. Rebuilding...
Browser bundles
Initial chunk files  | Names            |  Raw size
polyfills.js         | polyfills        |  90.20 kB |
main.js              | main             |  46.89 kB |
styles.css           | styles           |  17.20 kB |

                     | Initial total    | 154.29 kB


Server bundles
Initial chunk files  | Names            |  Raw size
polyfills.server.mjs | polyfills.server | 570.97 kB |
main.server.mjs      | main.server      |  48.20 kB |
server.mjs           | server           |   1.86 kB |

Application bundle generation complete. [0.071 seconds]

❯ Changes detected. Rebuilding...
✔ Changes detected. Rebuilding...
Browser bundles
Initial chunk files  | Names            |  Raw size
polyfills.js         | polyfills        |  90.20 kB |
main.js              | main             |  46.89 kB |
styles.css           | styles           |  17.20 kB |

                     | Initial total    | 154.29 kB


Server bundles
Initial chunk files  | Names            |  Raw size
polyfills.server.mjs | polyfills.server | 570.97 kB |
main.server.mjs      | main.server      |  48.20 kB |
server.mjs           | server           |   1.86 kB |

Application bundle generation complete. [0.076 seconds]

❯ Changes detected. Rebuilding...
✔ Changes detected. Rebuilding...
Browser bundles
Initial chunk files  | Names            |  Raw size
polyfills.js         | polyfills        |  90.20 kB |
main.js              | main             |  46.89 kB |
styles.css           | styles           |  17.20 kB |

                     | Initial total    | 154.29 kB


Server bundles
Initial chunk files  | Names            |  Raw size
polyfills.server.mjs | polyfills.server | 570.97 kB |
main.server.mjs      | main.server      |  48.20 kB |
server.mjs           | server           |   1.86 kB |

Application bundle generation complete. [0.076 seconds]

❯ Changes detected. Rebuilding...
✔ Changes detected. Rebuilding...
Browser bundles
Initial chunk files  | Names            |  Raw size
polyfills.js         | polyfills        |  90.20 kB |
main.js              | main             |  46.89 kB |
styles.css           | styles           |  17.20 kB |

                     | Initial total    | 154.29 kB


Server bundles
Initial chunk files  | Names            |  Raw size
polyfills.server.mjs | polyfills.server | 570.97 kB |
main.server.mjs      | main.server      |  48.20 kB |
server.mjs           | server           |   1.86 kB |

Application bundle generation complete. [0.065 seconds]

❯ Changes detected. Rebuilding...
✔ Changes detected. Rebuilding...
Browser bundles
Initial chunk files  | Names            |  Raw size
polyfills.js         | polyfills        |  90.20 kB |
main.js              | main             |  46.89 kB |
styles.css           | styles           |  17.20 kB |

                     | Initial total    | 154.29 kB


Server bundles
Initial chunk files  | Names            |  Raw size
polyfills.server.mjs | polyfills.server | 570.97 kB |
main.server.mjs      | main.server      |  48.20 kB |
server.mjs           | server           |   1.86 kB |

Application bundle generation complete. [0.073 seconds]

❯ Changes detected. Rebuilding...
✔ Changes detected. Rebuilding...
Browser bundles
Initial chunk files  | Names            |  Raw size
polyfills.js         | polyfills        |  90.20 kB |
main.js              | main             |  46.89 kB |
styles.css           | styles           |  17.20 kB |

                     | Initial total    | 154.29 kB


Server bundles
Initial chunk files  | Names            |  Raw size
polyfills.server.mjs | polyfills.server | 570.97 kB |
main.server.mjs      | main.server      |  48.20 kB |
server.mjs           | server           |   1.86 kB |

Application bundle generation complete. [0.067 seconds]

❯ Changes detected. Rebuilding...
✔ Changes detected. Rebuilding...
Browser bundles
Initial chunk files  | Names            |  Raw size
polyfills.js         | polyfills        |  90.20 kB |
main.js              | main             |  46.89 kB |
styles.css           | styles           |  17.20 kB |

                     | Initial total    | 154.29 kB


Server bundles
Initial chunk files  | Names            |  Raw size
polyfills.server.mjs | polyfills.server | 570.97 kB |
main.server.mjs      | main.server      |  48.20 kB |
server.mjs           | server           |   1.86 kB |

Application bundle generation complete. [0.071 seconds]

❯ Changes detected. Rebuilding...
✔ Changes detected. Rebuilding...
Browser bundles
Initial chunk files  | Names            |  Raw size
polyfills.js         | polyfills        |  90.20 kB |
main.js              | main             |  46.89 kB |
styles.css           | styles           |  17.20 kB |

                     | Initial total    | 154.29 kB


Server bundles
Initial chunk files  | Names            |  Raw size
polyfills.server.mjs | polyfills.server | 570.97 kB |
main.server.mjs      | main.server      |  48.20 kB |
server.mjs           | server           |   1.86 kB |

Application bundle generation complete. [0.071 seconds]

❯ Changes detected. Rebuilding...
✔ Changes detected. Rebuilding...
Browser bundles
Initial chunk files  | Names            |  Raw size
polyfills.js         | polyfills        |  90.20 kB |
main.js              | main             |  46.89 kB |
styles.css           | styles           |  17.20 kB |

                     | Initial total    | 154.29 kB


Server bundles
Initial chunk files  | Names            |  Raw size
polyfills.server.mjs | polyfills.server | 570.97 kB |
main.server.mjs      | main.server      |  48.20 kB |
server.mjs           | server           |   1.86 kB |

Application bundle generation complete. [0.063 seconds]

❯ Changes detected. Rebuilding...
✔ Changes detected. Rebuilding...
Browser bundles
Initial chunk files  | Names            |  Raw size
polyfills.js         | polyfills        |  90.20 kB |
main.js              | main             |  46.89 kB |
styles.css           | styles           |  17.20 kB |

                     | Initial total    | 154.29 kB


Server bundles
Initial chunk files  | Names            |  Raw size
polyfills.server.mjs | polyfills.server | 570.97 kB |
main.server.mjs      | main.server      |  48.20 kB |
server.mjs           | server           |   1.86 kB |

Application bundle generation complete. [0.068 seconds]

❯ Changes detected. Rebuilding...
✔ Changes detected. Rebuilding...
Browser bundles
Initial chunk files  | Names            |  Raw size
polyfills.js         | polyfills        |  90.20 kB |
main.js              | main             |  46.89 kB |
styles.css           | styles           |  17.20 kB |

                     | Initial total    | 154.29 kB


Server bundles
Initial chunk files  | Names            |  Raw size
polyfills.server.mjs | polyfills.server | 570.97 kB |
main.server.mjs      | main.server      |  48.20 kB |
server.mjs           | server           |   1.86 kB |

Application bundle generation complete. [0.075 seconds]

❯ Changes detected. Rebuilding...
✔ Changes detected. Rebuilding...
Browser bundles
Initial chunk files  | Names            |  Raw size
polyfills.js         | polyfills        |  90.20 kB |
main.js              | main             |  46.89 kB |
styles.css           | styles           |  17.20 kB |

                     | Initial total    | 154.29 kB


Server bundles
Initial chunk files  | Names            |  Raw size
polyfills.server.mjs | polyfills.server | 570.97 kB |
main.server.mjs      | main.server      |  48.20 kB |
server.mjs           | server           |   1.86 kB |

Application bundle generation complete. [0.066 seconds]

❯ Changes detected. Rebuilding...
✔ Changes detected. Rebuilding...
Browser bundles
Initial chunk files  | Names            |  Raw size
polyfills.js         | polyfills        |  90.20 kB |
main.js              | main             |  46.89 kB |
styles.css           | styles           |  17.20 kB |

                     | Initial total    | 154.29 kB


Server bundles
Initial chunk files  | Names            |  Raw size
polyfills.server.mjs | polyfills.server | 570.97 kB |
main.server.mjs      | main.server      |  48.20 kB |
server.mjs           | server           |   1.86 kB |

Application bundle generation complete. [0.071 seconds]

❯ Changes detected. Rebuilding...
✔ Changes detected. Rebuilding...
Browser bundles
Initial chunk files  | Names            |  Raw size
polyfills.js         | polyfills        |  90.20 kB |
main.js              | main             |  46.89 kB |
styles.css           | styles           |  17.20 kB |

                     | Initial total    | 154.29 kB


Server bundles
Initial chunk files  | Names            |  Raw size
polyfills.server.mjs | polyfills.server | 570.97 kB |
main.server.mjs      | main.server      |  48.20 kB |
server.mjs           | server           |   1.86 kB |

Application bundle generation complete. [0.076 seconds]

❯ Changes detected. Rebuilding...
✔ Changes detected. Rebuilding...
Browser bundles
Initial chunk files  | Names            |  Raw size
polyfills.js         | polyfills        |  90.20 kB |
main.js              | main             |  46.89 kB |
styles.css           | styles           |  17.20 kB |

                     | Initial total    | 154.29 kB


Server bundles
Initial chunk files  | Names            |  Raw size
polyfills.server.mjs | polyfills.server | 570.97 kB |
main.server.mjs      | main.server      |  48.20 kB |
server.mjs           | server           |   1.86 kB |

Application bundle generation complete. [0.069 seconds]

❯ Changes detected. Rebuilding...
✔ Changes detected. Rebuilding...
Browser bundles
Initial chunk files  | Names            |  Raw size
polyfills.js         | polyfills        |  90.20 kB |
main.js              | main             |  46.89 kB |
styles.css           | styles           |  17.20 kB |

                     | Initial total    | 154.29 kB


Server bundles
Initial chunk files  | Names            |  Raw size
polyfills.server.mjs | polyfills.server | 570.97 kB |
main.server.mjs      | main.server      |  48.20 kB |
server.mjs           | server           |   1.86 kB |

Application bundle generation complete. [0.072 seconds]

❯ Changes detected. Rebuilding...
✔ Changes detected. Rebuilding...
Browser bundles
Initial chunk files  | Names            |  Raw size
polyfills.js         | polyfills        |  90.20 kB |
main.js              | main             |  46.89 kB |
styles.css           | styles           |  17.20 kB |

                     | Initial total    | 154.29 kB


Server bundles
Initial chunk files  | Names            |  Raw size
polyfills.server.mjs | polyfills.server | 570.97 kB |
main.server.mjs      | main.server      |  48.20 kB |
server.mjs           | server           |   1.86 kB |

Application bundle generation complete. [0.066 seconds]

❯ Changes detected. Rebuilding...
✔ Changes detected. Rebuilding...
Browser bundles
Initial chunk files  | Names            |  Raw size
polyfills.js         | polyfills        |  90.20 kB |
main.js              | main             |  46.89 kB |
styles.css           | styles           |  17.20 kB |

                     | Initial total    | 154.29 kB


Server bundles
Initial chunk files  | Names            |  Raw size
polyfills.server.mjs | polyfills.server | 570.97 kB |
main.server.mjs      | main.server      |  48.20 kB |
server.mjs           | server           |   1.86 kB |

Application bundle generation complete. [0.069 seconds]

❯ Changes detected. Rebuilding...
✔ Changes detected. Rebuilding...
Browser bundles
Initial chunk files  | Names            |  Raw size
polyfills.js         | polyfills        |  90.20 kB |
main.js              | main             |  46.89 kB |
styles.css           | styles           |  17.20 kB |

                     | Initial total    | 154.29 kB


Server bundles
Initial chunk files  | Names            |  Raw size
polyfills.server.mjs | polyfills.server | 570.97 kB |
main.server.mjs      | main.server      |  48.20 kB |
server.mjs           | server           |   1.86 kB |

Application bundle generation complete. [0.079 seconds]

❯ Changes detected. Rebuilding...
✔ Changes detected. Rebuilding...
Browser bundles
Initial chunk files  | Names            |  Raw size
polyfills.js         | polyfills        |  90.20 kB |
main.js              | main             |  46.89 kB |
styles.css           | styles           |  17.20 kB |

                     | Initial total    | 154.29 kB


Server bundles
Initial chunk files  | Names            |  Raw size
polyfills.server.mjs | polyfills.server | 570.97 kB |
main.server.mjs      | main.server      |  48.20 kB |
server.mjs           | server           |   1.86 kB |

Application bundle generation complete. [0.067 seconds]

❯ Changes detected. Rebuilding...
✔ Changes detected. Rebuilding...
Browser bundles
Initial chunk files  | Names            |  Raw size
polyfills.js         | polyfills        |  90.20 kB |
main.js              | main             |  46.89 kB |
styles.css           | styles           |  17.20 kB |

                     | Initial total    | 154.29 kB


Server bundles
Initial chunk files  | Names            |  Raw size
polyfills.server.mjs | polyfills.server | 570.97 kB |
main.server.mjs      | main.server      |  48.20 kB |
server.mjs           | server           |   1.86 kB |

Application bundle generation complete. [0.069 seconds]

❯ Changes detected. Rebuilding...
✔ Changes detected. Rebuilding...
Browser bundles
Initial chunk files  | Names            |  Raw size
polyfills.js         | polyfills        |  90.20 kB |
main.js              | main             |  46.89 kB |
styles.css           | styles           |  17.20 kB |

                     | Initial total    | 154.29 kB


Server bundles
Initial chunk files  | Names            |  Raw size
polyfills.server.mjs | polyfills.server | 570.97 kB |
main.server.mjs      | main.server      |  48.20 kB |
server.mjs           | server           |   1.86 kB |

Application bundle generation complete. [0.064 seconds]

❯ Changes detected. Rebuilding...
✔ Changes detected. Rebuilding...
Browser bundles
Initial chunk files  | Names            |  Raw size
polyfills.js         | polyfills        |  90.20 kB |
main.js              | main             |  46.89 kB |
styles.css           | styles           |  17.20 kB |

                     | Initial total    | 154.29 kB


Server bundles
Initial chunk files  | Names            |  Raw size
polyfills.server.mjs | polyfills.server | 570.97 kB |
main.server.mjs      | main.server      |  48.20 kB |
server.mjs           | server           |   1.86 kB |

Application bundle generation complete. [0.081 seconds]

❯ Changes detected. Rebuilding...
✔ Changes detected. Rebuilding...
Browser bundles
Initial chunk files  | Names            |  Raw size
polyfills.js         | polyfills        |  90.20 kB |
main.js              | main             |  46.89 kB |
styles.css           | styles           |  17.20 kB |

                     | Initial total    | 154.29 kB


Server bundles
Initial chunk files  | Names            |  Raw size
polyfills.server.mjs | polyfills.server | 570.97 kB |
main.server.mjs      | main.server      |  48.20 kB |
server.mjs           | server           |   1.86 kB |

Application bundle generation complete. [0.063 seconds]

❯ Changes detected. Rebuilding...
✔ Changes detected. Rebuilding...
Browser bundles
Initial chunk files  | Names            |  Raw size
polyfills.js         | polyfills        |  90.20 kB |
main.js              | main             |  46.89 kB |
styles.css           | styles           |  17.20 kB |

                     | Initial total    | 154.29 kB


Server bundles
Initial chunk files  | Names            |  Raw size
polyfills.server.mjs | polyfills.server | 570.97 kB |
main.server.mjs      | main.server      |  48.20 kB |
server.mjs           | server           |   1.86 kB |

Application bundle generation complete. [0.074 seconds]

❯ Changes detected. Rebuilding...
✔ Changes detected. Rebuilding...
Browser bundles
Initial chunk files  | Names            |  Raw size
polyfills.js         | polyfills        |  90.20 kB |
main.js              | main             |  46.89 kB |
styles.css           | styles           |  17.20 kB |

                     | Initial total    | 154.29 kB


Server bundles
Initial chunk files  | Names            |  Raw size
polyfills.server.mjs | polyfills.server | 570.97 kB |
main.server.mjs      | main.server      |  48.20 kB |
server.mjs           | server           |   1.86 kB |

Application bundle generation complete. [0.070 seconds]

❯ Changes detected. Rebuilding...
✔ Changes detected. Rebuilding...
Browser bundles
Initial chunk files  | Names            |  Raw size
polyfills.js         | polyfills        |  90.20 kB |
main.js              | main             |  46.89 kB |
styles.css           | styles           |  17.20 kB |

                     | Initial total    | 154.29 kB


Server bundles
Initial chunk files  | Names            |  Raw size
polyfills.server.mjs | polyfills.server | 570.97 kB |
main.server.mjs      | main.server      |  48.20 kB |
server.mjs           | server           |   1.86 kB |

Application bundle generation complete. [0.078 seconds]

❯ Changes detected. Rebuilding...
✔ Changes detected. Rebuilding...
Browser bundles
Initial chunk files  | Names            |  Raw size
polyfills.js         | polyfills        |  90.20 kB |
main.js              | main             |  46.89 kB |
styles.css           | styles           |  17.20 kB |

                     | Initial total    | 154.29 kB


Server bundles
Initial chunk files  | Names            |  Raw size
polyfills.server.mjs | polyfills.server | 570.97 kB |
main.server.mjs      | main.server      |  48.20 kB |
server.mjs           | server           |   1.86 kB |

Application bundle generation complete. [0.067 seconds]

❯ Changes detected. Rebuilding...
✔ Changes detected. Rebuilding...
Browser bundles
Initial chunk files  | Names            |  Raw size
polyfills.js         | polyfills        |  90.20 kB |
main.js              | main             |  46.89 kB |
styles.css           | styles           |  17.20 kB |

                     | Initial total    | 154.29 kB


Server bundles
Initial chunk files  | Names            |  Raw size
polyfills.server.mjs | polyfills.server | 570.97 kB |
main.server.mjs      | main.server      |  48.20 kB |
server.mjs           | server           |   1.86 kB |

Application bundle generation complete. [0.072 seconds]

❯ Changes detected. Rebuilding...
✔ Changes detected. Rebuilding...
Browser bundles
Initial chunk files  | Names            |  Raw size
polyfills.js         | polyfills        |  90.20 kB |
main.js              | main             |  46.89 kB |
styles.css           | styles           |  17.20 kB |

                     | Initial total    | 154.29 kB


Server bundles
Initial chunk files  | Names            |  Raw size
polyfills.server.mjs | polyfills.server | 570.97 kB |
main.server.mjs      | main.server      |  48.20 kB |
server.mjs           | server           |   1.86 kB |

Application bundle generation complete. [0.082 seconds]

❯ Changes detected. Rebuilding...
✔ Changes detected. Rebuilding...
Browser bundles
Initial chunk files  | Names            |  Raw size
polyfills.js         | polyfills        |  90.20 kB |
main.js              | main             |  46.89 kB |
styles.css           | styles           |  17.20 kB |

                     | Initial total    | 154.29 kB


Server bundles
Initial chunk files  | Names            |  Raw size
polyfills.server.mjs | polyfills.server | 570.97 kB |
main.server.mjs      | main.server      |  48.20 kB |
server.mjs           | server           |   1.86 kB |

Application bundle generation complete. [0.072 seconds]

❯ Changes detected. Rebuilding...
✔ Changes detected. Rebuilding...
Browser bundles
Initial chunk files  | Names            |  Raw size
polyfills.js         | polyfills        |  90.20 kB |
main.js              | main             |  46.89 kB |
styles.css           | styles           |  17.20 kB |

                     | Initial total    | 154.29 kB


Server bundles
Initial chunk files  | Names            |  Raw size
polyfills.server.mjs | polyfills.server | 570.97 kB |
main.server.mjs      | main.server      |  48.20 kB |
server.mjs           | server           |   1.86 kB |

Application bundle generation complete. [0.067 seconds]

❯ Changes detected. Rebuilding...
✔ Changes detected. Rebuilding...
Browser bundles
Initial chunk files  | Names            |  Raw size
polyfills.js         | polyfills        |  90.20 kB |
main.js              | main             |  46.89 kB |
styles.css           | styles           |  17.20 kB |

                     | Initial total    | 154.29 kB


Server bundles
Initial chunk files  | Names            |  Raw size
polyfills.server.mjs | polyfills.server | 570.97 kB |
main.server.mjs      | main.server      |  48.20 kB |
server.mjs           | server           |   1.86 kB |

Application bundle generation complete. [0.072 seconds]

❯ Changes detected. Rebuilding...
✔ Changes detected. Rebuilding...
Browser bundles
Initial chunk files  | Names            |  Raw size
polyfills.js         | polyfills        |  90.20 kB |
main.js              | main             |  46.89 kB |
styles.css           | styles           |  17.20 kB |

                     | Initial total    | 154.29 kB


Server bundles
Initial chunk files  | Names            |  Raw size
polyfills.server.mjs | polyfills.server | 570.97 kB |
main.server.mjs      | main.server      |  48.20 kB |
server.mjs           | server           |   1.86 kB |

Application bundle generation complete. [0.070 seconds]

❯ Changes detected. Rebuilding...
✔ Changes detected. Rebuilding...
Browser bundles
Initial chunk files  | Names            |  Raw size
polyfills.js         | polyfills        |  90.20 kB |
main.js              | main             |  46.89 kB |
styles.css           | styles           |  17.20 kB |

                     | Initial total    | 154.29 kB


Server bundles
Initial chunk files  | Names            |  Raw size
polyfills.server.mjs | polyfills.server | 570.97 kB |
main.server.mjs      | main.server      |  48.20 kB |
server.mjs           | server           |   1.86 kB |

Application bundle generation complete. [0.072 seconds]

❯ Changes detected. Rebuilding...
✔ Changes detected. Rebuilding...
Browser bundles
Initial chunk files  | Names            |  Raw size
polyfills.js         | polyfills        |  90.20 kB |
main.js              | main             |  46.89 kB |
styles.css           | styles           |  17.20 kB |

                     | Initial total    | 154.29 kB


Server bundles
Initial chunk files  | Names            |  Raw size
polyfills.server.mjs | polyfills.server | 570.97 kB |
main.server.mjs      | main.server      |  48.20 kB |
server.mjs           | server           |   1.86 kB |

Application bundle generation complete. [0.073 seconds]

❯ Changes detected. Rebuilding...
✔ Changes detected. Rebuilding...
Browser bundles
Initial chunk files  | Names            |  Raw size
polyfills.js         | polyfills        |  90.20 kB |
main.js              | main             |  46.89 kB |
styles.css           | styles           |  17.20 kB |

                     | Initial total    | 154.29 kB


Server bundles
Initial chunk files  | Names            |  Raw size
polyfills.server.mjs | polyfills.server | 570.97 kB |
main.server.mjs      | main.server      |  48.20 kB |
server.mjs           | server           |   1.86 kB |

Application bundle generation complete. [0.068 seconds]

❯ Changes detected. Rebuilding...
✔ Changes detected. Rebuilding...
Browser bundles
Initial chunk files  | Names            |  Raw size
polyfills.js         | polyfills        |  90.20 kB |
main.js              | main             |  46.89 kB |
styles.css           | styles           |  17.20 kB |

                     | Initial total    | 154.29 kB


Server bundles
Initial chunk files  | Names            |  Raw size
polyfills.server.mjs | polyfills.server | 570.97 kB |
main.server.mjs      | main.server      |  48.20 kB |
server.mjs           | server           |   1.86 kB |

Application bundle generation complete. [0.071 seconds]

❯ Changes detected. Rebuilding...
✔ Changes detected. Rebuilding...
Browser bundles
Initial chunk files  | Names            |  Raw size
polyfills.js         | polyfills        |  90.20 kB |
main.js              | main             |  46.89 kB |
styles.css           | styles           |  17.20 kB |

                     | Initial total    | 154.29 kB


Server bundles
Initial chunk files  | Names            |  Raw size
polyfills.server.mjs | polyfills.server | 570.97 kB |
main.server.mjs      | main.server      |  48.20 kB |
server.mjs           | server           |   1.86 kB |

Application bundle generation complete. [0.075 seconds]

❯ Changes detected. Rebuilding...
✔ Changes detected. Rebuilding...
Browser bundles
Initial chunk files  | Names            |  Raw size
polyfills.js         | polyfills        |  90.20 kB |
main.js              | main             |  46.89 kB |
styles.css           | styles           |  17.20 kB |

                     | Initial total    | 154.29 kB


Server bundles
Initial chunk files  | Names            |  Raw size
polyfills.server.mjs | polyfills.server | 570.97 kB |
main.server.mjs      | main.server      |  48.20 kB |
server.mjs           | server           |   1.86 kB |

Application bundle generation complete. [0.078 seconds]

❯ Changes detected. Rebuilding...
✔ Changes detected. Rebuilding...
Browser bundles
Initial chunk files  | Names            |  Raw size
polyfills.js         | polyfills        |  90.20 kB |
main.js              | main             |  46.89 kB |
styles.css           | styles           |  17.20 kB |

                     | Initial total    | 154.29 kB


Server bundles
Initial chunk files  | Names            |  Raw size
polyfills.server.mjs | polyfills.server | 570.97 kB |
main.server.mjs      | main.server      |  48.20 kB |
server.mjs           | server           |   1.86 kB |

Application bundle generation complete. [0.070 seconds]

❯ Changes detected. Rebuilding...
✔ Changes detected. Rebuilding...
Browser bundles
Initial chunk files  | Names            |  Raw size
polyfills.js         | polyfills        |  90.20 kB |
main.js              | main             |  46.89 kB |
styles.css           | styles           |  17.20 kB |

                     | Initial total    | 154.29 kB


Server bundles
Initial chunk files  | Names            |  Raw size
polyfills.server.mjs | polyfills.server | 570.97 kB |
main.server.mjs      | main.server      |  48.20 kB |
server.mjs           | server           |   1.86 kB |

Application bundle generation complete. [0.073 seconds]

❯ Changes detected. Rebuilding...
✔ Changes detected. Rebuilding...
Browser bundles
Initial chunk files  | Names            |  Raw size
polyfills.js         | polyfills        |  90.20 kB |
main.js              | main             |  46.89 kB |
styles.css           | styles           |  17.20 kB |

                     | Initial total    | 154.29 kB


Server bundles
Initial chunk files  | Names            |  Raw size
polyfills.server.mjs | polyfills.server | 570.97 kB |
main.server.mjs      | main.server      |  48.20 kB |
server.mjs           | server           |   1.86 kB |

Application bundle generation complete. [0.076 seconds]

❯ Changes detected. Rebuilding...
✔ Changes detected. Rebuilding...
Browser bundles
Initial chunk files  | Names            |  Raw size
polyfills.js         | polyfills        |  90.20 kB |
main.js              | main             |  46.89 kB |
styles.css           | styles           |  17.20 kB |

                     | Initial total    | 154.29 kB


Server bundles
Initial chunk files  | Names            |  Raw size
polyfills.server.mjs | polyfills.server | 570.97 kB |
main.server.mjs      | main.server      |  48.20 kB |
server.mjs           | server           |   1.86 kB |

Application bundle generation complete. [0.074 seconds]

❯ Changes detected. Rebuilding...
✔ Changes detected. Rebuilding...
Browser bundles
Initial chunk files  | Names            |  Raw size
polyfills.js         | polyfills        |  90.20 kB |
main.js              | main             |  46.89 kB |
styles.css           | styles           |  17.20 kB |

                     | Initial total    | 154.29 kB


Server bundles
Initial chunk files  | Names            |  Raw size
polyfills.server.mjs | polyfills.server | 570.97 kB |
main.server.mjs      | main.server      |  48.20 kB |
server.mjs           | server           |   1.86 kB |

Application bundle generation complete. [0.081 seconds]

❯ Changes detected. Rebuilding...
✔ Changes detected. Rebuilding...
Browser bundles
Initial chunk files  | Names            |  Raw size
polyfills.js         | polyfills        |  90.20 kB |
main.js              | main             |  46.89 kB |
styles.css           | styles           |  17.20 kB |

                     | Initial total    | 154.29 kB


Server bundles
Initial chunk files  | Names            |  Raw size
polyfills.server.mjs | polyfills.server | 570.97 kB |
main.server.mjs      | main.server      |  48.20 kB |
server.mjs           | server           |   1.86 kB |

Application bundle generation complete. [0.086 seconds]

❯ Changes detected. Rebuilding...
✔ Changes detected. Rebuilding...
Browser bundles
Initial chunk files  | Names            |  Raw size
polyfills.js         | polyfills        |  90.20 kB |
main.js              | main             |  46.89 kB |
styles.css           | styles           |  17.20 kB |

                     | Initial total    | 154.29 kB


Server bundles
Initial chunk files  | Names            |  Raw size
polyfills.server.mjs | polyfills.server | 570.97 kB |
main.server.mjs      | main.server      |  48.20 kB |
server.mjs           | server           |   1.86 kB |

Application bundle generation complete. [0.086 seconds]

❯ Changes detected. Rebuilding...
✔ Changes detected. Rebuilding...
Browser bundles
Initial chunk files  | Names            |  Raw size
polyfills.js         | polyfills        |  90.20 kB |
main.js              | main             |  46.89 kB |
styles.css           | styles           |  17.20 kB |

                     | Initial total    | 154.29 kB


Server bundles
Initial chunk files  | Names            |  Raw size
polyfills.server.mjs | polyfills.server | 570.97 kB |
main.server.mjs      | main.server      |  48.20 kB |
server.mjs           | server           |   1.86 kB |

Application bundle generation complete. [0.105 seconds]

❯ Changes detected. Rebuilding...
✔ Changes detected. Rebuilding...
Browser bundles
Initial chunk files  | Names            |  Raw size
polyfills.js         | polyfills        |  90.20 kB |
main.js              | main             |  46.89 kB |
styles.css           | styles           |  17.20 kB |

                     | Initial total    | 154.29 kB


Server bundles
Initial chunk files  | Names            |  Raw size
polyfills.server.mjs | polyfills.server | 570.97 kB |
main.server.mjs      | main.server      |  48.20 kB |
server.mjs           | server           |   1.86 kB |

Application bundle generation complete. [0.073 seconds]

❯ Changes detected. Rebuilding...
✔ Changes detected. Rebuilding...
Browser bundles
Initial chunk files  | Names            |  Raw size
polyfills.js         | polyfills        |  90.20 kB |
main.js              | main             |  46.89 kB |
styles.css           | styles           |  17.20 kB |

                     | Initial total    | 154.29 kB


Server bundles
Initial chunk files  | Names            |  Raw size
polyfills.server.mjs | polyfills.server | 570.97 kB |
main.server.mjs      | main.server      |  48.20 kB |
server.mjs           | server           |   1.86 kB |

Application bundle generation complete. [0.081 seconds]

❯ Changes detected. Rebuilding...
✔ Changes detected. Rebuilding...
Browser bundles
Initial chunk files  | Names            |  Raw size
polyfills.js         | polyfills        |  90.20 kB |
main.js              | main             |  46.89 kB |
styles.css           | styles           |  17.20 kB |

                     | Initial total    | 154.29 kB


Server bundles
Initial chunk files  | Names            |  Raw size
polyfills.server.mjs | polyfills.server | 570.97 kB |
main.server.mjs      | main.server      |  48.20 kB |
server.mjs           | server           |   1.86 kB |

Application bundle generation complete. [0.076 seconds]

❯ Changes detected. Rebuilding...
✔ Changes detected. Rebuilding...
Browser bundles
Initial chunk files  | Names            |  Raw size
polyfills.js         | polyfills        |  90.20 kB |
main.js              | main             |  46.89 kB |
styles.css           | styles           |  17.20 kB |

                     | Initial total    | 154.29 kB


Server bundles
Initial chunk files  | Names            |  Raw size
polyfills.server.mjs | polyfills.server | 570.97 kB |
main.server.mjs      | main.server      |  48.20 kB |
server.mjs           | server           |   1.86 kB |

Application bundle generation complete. [0.079 seconds]

❯ Changes detected. Rebuilding...
✔ Changes detected. Rebuilding...
Browser bundles
Initial chunk files  | Names            |  Raw size
polyfills.js         | polyfills        |  90.20 kB |
main.js              | main             |  46.89 kB |
styles.css           | styles           |  17.20 kB |

                     | Initial total    | 154.29 kB


Server bundles
Initial chunk files  | Names            |  Raw size
polyfills.server.mjs | polyfills.server | 570.97 kB |
main.server.mjs      | main.server      |  48.20 kB |
server.mjs           | server           |   1.86 kB |

Application bundle generation complete. [0.083 seconds]

❯ Changes detected. Rebuilding...
✔ Changes detected. Rebuilding...
Browser bundles
Initial chunk files  | Names            |  Raw size
polyfills.js         | polyfills        |  90.20 kB |
main.js              | main             |  46.89 kB |
styles.css           | styles           |  17.20 kB |

                     | Initial total    | 154.29 kB


Server bundles
Initial chunk files  | Names            |  Raw size
polyfills.server.mjs | polyfills.server | 570.97 kB |
main.server.mjs      | main.server      |  48.20 kB |
server.mjs           | server           |   1.86 kB |

Application bundle generation complete. [0.072 seconds]

❯ Changes detected. Rebuilding...
✔ Changes detected. Rebuilding...
Browser bundles
Initial chunk files  | Names            |  Raw size
polyfills.js         | polyfills        |  90.20 kB |
main.js              | main             |  46.89 kB |
styles.css           | styles           |  17.20 kB |

                     | Initial total    | 154.29 kB


Server bundles
Initial chunk files  | Names            |  Raw size
polyfills.server.mjs | polyfills.server | 570.97 kB |
main.server.mjs      | main.server      |  48.20 kB |
server.mjs           | server           |   1.86 kB |

Application bundle generation complete. [0.072 seconds]

❯ Changes detected. Rebuilding...
✔ Changes detected. Rebuilding...
Browser bundles
Initial chunk files  | Names            |  Raw size
polyfills.js         | polyfills        |  90.20 kB |
main.js              | main             |  46.89 kB |
styles.css           | styles           |  17.20 kB |

                     | Initial total    | 154.29 kB


Server bundles
Initial chunk files  | Names            |  Raw size
polyfills.server.mjs | polyfills.server | 570.97 kB |
main.server.mjs      | main.server      |  48.20 kB |
server.mjs           | server           |   1.86 kB |

Application bundle generation complete. [0.091 seconds]

❯ Changes detected. Rebuilding...
✔ Changes detected. Rebuilding...
Browser bundles
Initial chunk files  | Names            |  Raw size
polyfills.js         | polyfills        |  90.20 kB |
main.js              | main             |  46.89 kB |
styles.css           | styles           |  17.20 kB |

                     | Initial total    | 154.29 kB


Server bundles
Initial chunk files  | Names            |  Raw size
polyfills.server.mjs | polyfills.server | 570.97 kB |
main.server.mjs      | main.server      |  48.20 kB |
server.mjs           | server           |   1.86 kB |

Application bundle generation complete. [0.082 seconds]

❯ Changes detected. Rebuilding...
✔ Changes detected. Rebuilding...
Browser bundles
Initial chunk files  | Names            |  Raw size
polyfills.js         | polyfills        |  90.20 kB |
main.js              | main             |  46.89 kB |
styles.css           | styles           |  17.20 kB |

                     | Initial total    | 154.29 kB


Server bundles
Initial chunk files  | Names            |  Raw size
polyfills.server.mjs | polyfills.server | 570.97 kB |
main.server.mjs      | main.server      |  48.20 kB |
server.mjs           | server           |   1.86 kB |

Application bundle generation complete. [0.079 seconds]

❯ Changes detected. Rebuilding...
✔ Changes detected. Rebuilding...
Browser bundles
Initial chunk files  | Names            |  Raw size
polyfills.js         | polyfills        |  90.20 kB |
main.js              | main             |  46.89 kB |
styles.css           | styles           |  17.20 kB |

                     | Initial total    | 154.29 kB


Server bundles
Initial chunk files  | Names            |  Raw size
polyfills.server.mjs | polyfills.server | 570.97 kB |
main.server.mjs      | main.server      |  48.20 kB |
server.mjs           | server           |   1.86 kB |

Application bundle generation complete. [0.091 seconds]

❯ Changes detected. Rebuilding...
✔ Changes detected. Rebuilding...
Browser bundles
Initial chunk files  | Names            |  Raw size
polyfills.js         | polyfills        |  90.20 kB |
main.js              | main             |  46.89 kB |
styles.css           | styles           |  17.20 kB |

                     | Initial total    | 154.29 kB


Server bundles
Initial chunk files  | Names            |  Raw size
polyfills.server.mjs | polyfills.server | 570.97 kB |
main.server.mjs      | main.server      |  48.20 kB |
server.mjs           | server           |   1.86 kB |

Application bundle generation complete. [0.082 seconds]

❯ Changes detected. Rebuilding...
✔ Changes detected. Rebuilding...
Browser bundles
Initial chunk files  | Names            |  Raw size
polyfills.js         | polyfills        |  90.20 kB |
main.js              | main             |  46.89 kB |
styles.css           | styles           |  17.20 kB |

                     | Initial total    | 154.29 kB


Server bundles
Initial chunk files  | Names            |  Raw size
polyfills.server.mjs | polyfills.server | 570.97 kB |
main.server.mjs      | main.server      |  48.20 kB |
server.mjs           | server           |   1.86 kB |

Application bundle generation complete. [0.078 seconds]

❯ Changes detected. Rebuilding...
✔ Changes detected. Rebuilding...
Browser bundles
Initial chunk files  | Names            |  Raw size
polyfills.js         | polyfills        |  90.20 kB |
main.js              | main             |  46.89 kB |
styles.css           | styles           |  17.20 kB |

                     | Initial total    | 154.29 kB


Server bundles
Initial chunk files  | Names            |  Raw size
polyfills.server.mjs | polyfills.server | 570.97 kB |
main.server.mjs      | main.server      |  48.20 kB |
server.mjs           | server           |   1.86 kB |

Application bundle generation complete. [0.080 seconds]

❯ Changes detected. Rebuilding...
✔ Changes detected. Rebuilding...
Browser bundles
Initial chunk files  | Names            |  Raw size
polyfills.js         | polyfills        |  90.20 kB |
main.js              | main             |  46.89 kB |
styles.css           | styles           |  17.20 kB |

                     | Initial total    | 154.29 kB


Server bundles
Initial chunk files  | Names            |  Raw size
polyfills.server.mjs | polyfills.server | 570.97 kB |
main.server.mjs      | main.server      |  48.20 kB |
server.mjs           | server           |   1.86 kB |

Application bundle generation complete. [0.082 seconds]

❯ Changes detected. Rebuilding...
✔ Changes detected. Rebuilding...
Browser bundles
Initial chunk files  | Names            |  Raw size
polyfills.js         | polyfills        |  90.20 kB |
main.js              | main             |  46.89 kB |
styles.css           | styles           |  17.20 kB |

                     | Initial total    | 154.29 kB


Server bundles
Initial chunk files  | Names            |  Raw size
polyfills.server.mjs | polyfills.server | 570.97 kB |
main.server.mjs      | main.server      |  48.20 kB |
server.mjs           | server           |   1.86 kB |

Application bundle generation complete. [0.087 seconds]

❯ Changes detected. Rebuilding...
✔ Changes detected. Rebuilding...
Browser bundles
Initial chunk files  | Names            |  Raw size
polyfills.js         | polyfills        |  90.20 kB |
main.js              | main             |  46.89 kB |
styles.css           | styles           |  17.20 kB |

                     | Initial total    | 154.29 kB


Server bundles
Initial chunk files  | Names            |  Raw size
polyfills.server.mjs | polyfills.server | 570.97 kB |
main.server.mjs      | main.server      |  48.20 kB |
server.mjs           | server           |   1.86 kB |

Application bundle generation complete. [0.083 seconds]

❯ Changes detected. Rebuilding...
✔ Changes detected. Rebuilding...
Browser bundles
Initial chunk files  | Names            |  Raw size
polyfills.js         | polyfills        |  90.20 kB |
main.js              | main             |  46.89 kB |
styles.css           | styles           |  17.20 kB |

                     | Initial total    | 154.29 kB


Server bundles
Initial chunk files  | Names            |  Raw size
polyfills.server.mjs | polyfills.server | 570.97 kB |
main.server.mjs      | main.server      |  48.20 kB |
server.mjs           | server           |   1.86 kB |

Application bundle generation complete. [0.090 seconds]

❯ Changes detected. Rebuilding...
✔ Changes detected. Rebuilding...
Browser bundles
Initial chunk files  | Names            |  Raw size
polyfills.js         | polyfills        |  90.20 kB |
main.js              | main             |  46.89 kB |
styles.css           | styles           |  17.20 kB |

                     | Initial total    | 154.29 kB


Server bundles
Initial chunk files  | Names            |  Raw size
polyfills.server.mjs | polyfills.server | 570.97 kB |
main.server.mjs      | main.server      |  48.20 kB |
server.mjs           | server           |   1.86 kB |

Application bundle generation complete. [0.086 seconds]

❯ Changes detected. Rebuilding...
✔ Changes detected. Rebuilding...
Browser bundles
Initial chunk files  | Names            |  Raw size
polyfills.js         | polyfills        |  90.20 kB |
main.js              | main             |  46.89 kB |
styles.css           | styles           |  17.20 kB |

                     | Initial total    | 154.29 kB


Server bundles
Initial chunk files  | Names            |  Raw size
polyfills.server.mjs | polyfills.server | 570.97 kB |
main.server.mjs      | main.server      |  48.20 kB |
server.mjs           | server           |   1.86 kB |

Application bundle generation complete. [0.093 seconds]

❯ Changes detected. Rebuilding...
✔ Changes detected. Rebuilding...
Browser bundles
Initial chunk files  | Names            |  Raw size
polyfills.js         | polyfills        |  90.20 kB |
main.js              | main             |  46.89 kB |
styles.css           | styles           |  17.20 kB |

                     | Initial total    | 154.29 kB


Server bundles
Initial chunk files  | Names            |  Raw size
polyfills.server.mjs | polyfills.server | 570.97 kB |
main.server.mjs      | main.server      |  48.20 kB |
server.mjs           | server           |   1.86 kB |

Application bundle generation complete. [0.079 seconds]

❯ Changes detected. Rebuilding...
✔ Changes detected. Rebuilding...
Browser bundles
Initial chunk files  | Names            |  Raw size
polyfills.js         | polyfills        |  90.20 kB |
main.js              | main             |  46.89 kB |
styles.css           | styles           |  17.20 kB |

                     | Initial total    | 154.29 kB


Server bundles
Initial chunk files  | Names            |  Raw size
polyfills.server.mjs | polyfills.server | 570.97 kB |
main.server.mjs      | main.server      |  48.20 kB |
server.mjs           | server           |   1.86 kB |

Application bundle generation complete. [0.081 seconds]

❯ Changes detected. Rebuilding...
✔ Changes detected. Rebuilding...
Browser bundles
Initial chunk files  | Names            |  Raw size
polyfills.js         | polyfills        |  90.20 kB |
main.js              | main             |  46.89 kB |
styles.css           | styles           |  17.20 kB |

                     | Initial total    | 154.29 kB


Server bundles
Initial chunk files  | Names            |  Raw size
polyfills.server.mjs | polyfills.server | 570.97 kB |
main.server.mjs      | main.server      |  48.20 kB |
server.mjs           | server           |   1.86 kB |

Application bundle generation complete. [0.083 seconds]

❯ Changes detected. Rebuilding...
✔ Changes detected. Rebuilding...
Browser bundles
Initial chunk files  | Names            |  Raw size
polyfills.js         | polyfills        |  90.20 kB |
main.js              | main             |  46.89 kB |
styles.css           | styles           |  17.20 kB |

                     | Initial total    | 154.29 kB


Server bundles
Initial chunk files  | Names            |  Raw size
polyfills.server.mjs | polyfills.server | 570.97 kB |
main.server.mjs      | main.server      |  48.20 kB |
server.mjs           | server           |   1.86 kB |

Application bundle generation complete. [0.081 seconds]

❯ Changes detected. Rebuilding...
✔ Changes detected. Rebuilding...
Browser bundles
Initial chunk files  | Names            |  Raw size
polyfills.js         | polyfills        |  90.20 kB |
main.js              | main             |  46.89 kB |
styles.css           | styles           |  17.20 kB |

                     | Initial total    | 154.29 kB


Server bundles
Initial chunk files  | Names            |  Raw size
polyfills.server.mjs | polyfills.server | 570.97 kB |
main.server.mjs      | main.server      |  48.20 kB |
server.mjs           | server           |   1.86 kB |

Application bundle generation complete. [0.090 seconds]

❯ Changes detected. Rebuilding...
✔ Changes detected. Rebuilding...
Browser bundles
Initial chunk files  | Names            |  Raw size
polyfills.js         | polyfills        |  90.20 kB |
main.js              | main             |  46.89 kB |
styles.css           | styles           |  17.20 kB |

                     | Initial total    | 154.29 kB


Server bundles
Initial chunk files  | Names            |  Raw size
polyfills.server.mjs | polyfills.server | 570.97 kB |
main.server.mjs      | main.server      |  48.20 kB |
server.mjs           | server           |   1.86 kB |

Application bundle generation complete. [0.087 seconds]

❯ Changes detected. Rebuilding...
✔ Changes detected. Rebuilding...
Browser bundles
Initial chunk files  | Names            |  Raw size
polyfills.js         | polyfills        |  90.20 kB |
main.js              | main             |  46.89 kB |
styles.css           | styles           |  17.20 kB |

                     | Initial total    | 154.29 kB


Server bundles
Initial chunk files  | Names            |  Raw size
polyfills.server.mjs | polyfills.server | 570.97 kB |
main.server.mjs      | main.server      |  48.20 kB |
server.mjs           | server           |   1.86 kB |

Application bundle generation complete. [0.083 seconds]

❯ Changes detected. Rebuilding...
✔ Changes detected. Rebuilding...
Browser bundles
Initial chunk files  | Names            |  Raw size
polyfills.js         | polyfills        |  90.20 kB |
main.js              | main             |  46.89 kB |
styles.css           | styles           |  17.20 kB |

                     | Initial total    | 154.29 kB


Server bundles
Initial chunk files  | Names            |  Raw size
polyfills.server.mjs | polyfills.server | 570.97 kB |
main.server.mjs      | main.server      |  48.20 kB |
server.mjs           | server           |   1.86 kB |

Application bundle generation complete. [0.092 seconds]

❯ Changes detected. Rebuilding...
✔ Changes detected. Rebuilding...
Browser bundles
Initial chunk files  | Names            |  Raw size
polyfills.js         | polyfills        |  90.20 kB |
main.js              | main             |  46.89 kB |
styles.css           | styles           |  17.20 kB |

                     | Initial total    | 154.29 kB


Server bundles
Initial chunk files  | Names            |  Raw size
polyfills.server.mjs | polyfills.server | 570.97 kB |
main.server.mjs      | main.server      |  48.20 kB |
server.mjs           | server           |   1.86 kB |

Application bundle generation complete. [0.078 seconds]

❯ Changes detected. Rebuilding...
✔ Changes detected. Rebuilding...
Browser bundles
Initial chunk files  | Names            |  Raw size
polyfills.js         | polyfills        |  90.20 kB |
main.js              | main             |  46.89 kB |
styles.css           | styles           |  17.20 kB |

                     | Initial total    | 154.29 kB


Server bundles
Initial chunk files  | Names            |  Raw size
polyfills.server.mjs | polyfills.server | 570.97 kB |
main.server.mjs      | main.server      |  48.20 kB |
server.mjs           | server           |   1.86 kB |

Application bundle generation complete. [0.092 seconds]

❯ Changes detected. Rebuilding...
✔ Changes detected. Rebuilding...
Browser bundles
Initial chunk files  | Names            |  Raw size
polyfills.js         | polyfills        |  90.20 kB |
main.js              | main             |  46.89 kB |
styles.css           | styles           |  17.20 kB |

                     | Initial total    | 154.29 kB


Server bundles
Initial chunk files  | Names            |  Raw size
polyfills.server.mjs | polyfills.server | 570.97 kB |
main.server.mjs      | main.server      |  48.20 kB |
server.mjs           | server           |   1.86 kB |

Application bundle generation complete. [0.097 seconds]

❯ Changes detected. Rebuilding...
✔ Changes detected. Rebuilding...
Browser bundles
Initial chunk files  | Names            |  Raw size
polyfills.js         | polyfills        |  90.20 kB |
main.js              | main             |  46.89 kB |
styles.css           | styles           |  17.20 kB |

                     | Initial total    | 154.29 kB


Server bundles
Initial chunk files  | Names            |  Raw size
polyfills.server.mjs | polyfills.server | 570.97 kB |
main.server.mjs      | main.server      |  48.20 kB |
server.mjs           | server           |   1.86 kB |

Application bundle generation complete. [0.087 seconds]

❯ Changes detected. Rebuilding...
✔ Changes detected. Rebuilding...
Browser bundles
Initial chunk files  | Names            |  Raw size
polyfills.js         | polyfills        |  90.20 kB |
main.js              | main             |  46.89 kB |
styles.css           | styles           |  17.20 kB |

                     | Initial total    | 154.29 kB


Server bundles
Initial chunk files  | Names            |  Raw size
polyfills.server.mjs | polyfills.server | 570.97 kB |
main.server.mjs      | main.server      |  48.20 kB |
server.mjs           | server           |   1.86 kB |

Application bundle generation complete. [0.107 seconds]

❯ Changes detected. Rebuilding...
✔ Changes detected. Rebuilding...
Browser bundles
Initial chunk files  | Names            |  Raw size
polyfills.js         | polyfills        |  90.20 kB |
main.js              | main             |  46.89 kB |
styles.css           | styles           |  17.20 kB |

                     | Initial total    | 154.29 kB


Server bundles
Initial chunk files  | Names            |  Raw size
polyfills.server.mjs | polyfills.server | 570.97 kB |
main.server.mjs      | main.server      |  48.20 kB |
server.mjs           | server           |   1.86 kB |

Application bundle generation complete. [0.096 seconds]

❯ Changes detected. Rebuilding...
✔ Changes detected. Rebuilding...
Browser bundles
Initial chunk files  | Names            |  Raw size
polyfills.js         | polyfills        |  90.20 kB |
main.js              | main             |  46.89 kB |
styles.css           | styles           |  17.20 kB |

                     | Initial total    | 154.29 kB


Server bundles
Initial chunk files  | Names            |  Raw size
polyfills.server.mjs | polyfills.server | 570.97 kB |
main.server.mjs      | main.server      |  48.20 kB |
server.mjs           | server           |   1.86 kB |

Application bundle generation complete. [0.085 seconds]

❯ Changes detected. Rebuilding...
✔ Changes detected. Rebuilding...
Browser bundles
Initial chunk files  | Names            |  Raw size
polyfills.js         | polyfills        |  90.20 kB |
main.js              | main             |  46.89 kB |
styles.css           | styles           |  17.20 kB |

                     | Initial total    | 154.29 kB


Server bundles
Initial chunk files  | Names            |  Raw size
polyfills.server.mjs | polyfills.server | 570.97 kB |
main.server.mjs      | main.server      |  48.20 kB |
server.mjs           | server           |   1.86 kB |

Application bundle generation complete. [0.094 seconds]

❯ Changes detected. Rebuilding...
✔ Changes detected. Rebuilding...
Browser bundles
Initial chunk files  | Names            |  Raw size
polyfills.js         | polyfills        |  90.20 kB |
main.js              | main             |  46.89 kB |
styles.css           | styles           |  17.20 kB |

                     | Initial total    | 154.29 kB


Server bundles
Initial chunk files  | Names            |  Raw size
polyfills.server.mjs | polyfills.server | 570.97 kB |
main.server.mjs      | main.server      |  48.20 kB |
server.mjs           | server           |   1.86 kB |

Application bundle generation complete. [0.099 seconds]

❯ Changes detected. Rebuilding...
✔ Changes detected. Rebuilding...
Browser bundles
Initial chunk files  | Names            |  Raw size
polyfills.js         | polyfills        |  90.20 kB |
main.js              | main             |  46.89 kB |
styles.css           | styles           |  17.20 kB |

                     | Initial total    | 154.29 kB


Server bundles
Initial chunk files  | Names            |  Raw size
polyfills.server.mjs | polyfills.server | 570.97 kB |
main.server.mjs      | main.server      |  48.20 kB |
server.mjs           | server           |   1.86 kB |

Application bundle generation complete. [0.083 seconds]

❯ Changes detected. Rebuilding...
✔ Changes detected. Rebuilding...
Browser bundles
Initial chunk files  | Names            |  Raw size
polyfills.js         | polyfills        |  90.20 kB |
main.js              | main             |  46.89 kB |
styles.css           | styles           |  17.20 kB |

                     | Initial total    | 154.29 kB


Server bundles
Initial chunk files  | Names            |  Raw size
polyfills.server.mjs | polyfills.server | 570.97 kB |
main.server.mjs      | main.server      |  48.20 kB |
server.mjs           | server           |   1.86 kB |

Application bundle generation complete. [0.094 seconds]

❯ Changes detected. Rebuilding...
✔ Changes detected. Rebuilding...
Browser bundles
Initial chunk files  | Names            |  Raw size
polyfills.js         | polyfills        |  90.20 kB |
main.js              | main             |  46.89 kB |
styles.css           | styles           |  17.20 kB |

                     | Initial total    | 154.29 kB


Server bundles
Initial chunk files  | Names            |  Raw size
polyfills.server.mjs | polyfills.server | 570.97 kB |
main.server.mjs      | main.server      |  48.20 kB |
server.mjs           | server           |   1.86 kB |

Application bundle generation complete. [0.089 seconds]

❯ Changes detected. Rebuilding...
✔ Changes detected. Rebuilding...
Browser bundles
Initial chunk files  | Names            |  Raw size
polyfills.js         | polyfills        |  90.20 kB |
main.js              | main             |  46.89 kB |
styles.css           | styles           |  17.20 kB |

                     | Initial total    | 154.29 kB


Server bundles
Initial chunk files  | Names            |  Raw size
polyfills.server.mjs | polyfills.server | 570.97 kB |
main.server.mjs      | main.server      |  48.20 kB |
server.mjs           | server           |   1.86 kB |

Application bundle generation complete. [0.092 seconds]

❯ Changes detected. Rebuilding...
✔ Changes detected. Rebuilding...
Browser bundles
Initial chunk files  | Names            |  Raw size
polyfills.js         | polyfills        |  90.20 kB |
main.js              | main             |  46.89 kB |
styles.css           | styles           |  17.20 kB |

                     | Initial total    | 154.29 kB


Server bundles
Initial chunk files  | Names            |  Raw size
polyfills.server.mjs | polyfills.server | 570.97 kB |
main.server.mjs      | main.server      |  48.20 kB |
server.mjs           | server           |   1.86 kB |

Application bundle generation complete. [0.104 seconds]

❯ Changes detected. Rebuilding...
✔ Changes detected. Rebuilding...
Browser bundles
Initial chunk files  | Names            |  Raw size
polyfills.js         | polyfills        |  90.20 kB |
main.js              | main             |  46.89 kB |
styles.css           | styles           |  17.20 kB |

                     | Initial total    | 154.29 kB


Server bundles
Initial chunk files  | Names            |  Raw size
polyfills.server.mjs | polyfills.server | 570.97 kB |
main.server.mjs      | main.server      |  48.20 kB |
server.mjs           | server           |   1.86 kB |

Application bundle generation complete. [0.100 seconds]

❯ Changes detected. Rebuilding...
✔ Changes detected. Rebuilding...
Browser bundles
Initial chunk files  | Names            |  Raw size
polyfills.js         | polyfills        |  90.20 kB |
main.js              | main             |  46.89 kB |
styles.css           | styles           |  17.20 kB |

                     | Initial total    | 154.29 kB


Server bundles
Initial chunk files  | Names            |  Raw size
polyfills.server.mjs | polyfills.server | 570.97 kB |
main.server.mjs      | main.server      |  48.20 kB |
server.mjs           | server           |   1.86 kB |

Application bundle generation complete. [0.099 seconds]

❯ Changes detected. Rebuilding...
✔ Changes detected. Rebuilding...
Browser bundles
Initial chunk files  | Names            |  Raw size
polyfills.js         | polyfills        |  90.20 kB |
main.js              | main             |  46.89 kB |
styles.css           | styles           |  17.20 kB |

                     | Initial total    | 154.29 kB


Server bundles
Initial chunk files  | Names            |  Raw size
polyfills.server.mjs | polyfills.server | 570.97 kB |
main.server.mjs      | main.server      |  48.20 kB |
server.mjs           | server           |   1.86 kB |

Application bundle generation complete. [0.095 seconds]

❯ Changes detected. Rebuilding...
✔ Changes detected. Rebuilding...
Browser bundles
Initial chunk files  | Names            |  Raw size
polyfills.js         | polyfills        |  90.20 kB |
main.js              | main             |  46.89 kB |
styles.css           | styles           |  17.20 kB |

                     | Initial total    | 154.29 kB


Server bundles
Initial chunk files  | Names            |  Raw size
polyfills.server.mjs | polyfills.server | 570.97 kB |
main.server.mjs      | main.server      |  48.20 kB |
server.mjs           | server           |   1.86 kB |

Application bundle generation complete. [0.083 seconds]

❯ Changes detected. Rebuilding...
✔ Changes detected. Rebuilding...
Browser bundles
Initial chunk files  | Names            |  Raw size
polyfills.js         | polyfills        |  90.20 kB |
main.js              | main             |  46.89 kB |
styles.css           | styles           |  17.20 kB |

                     | Initial total    | 154.29 kB


Server bundles
Initial chunk files  | Names            |  Raw size
polyfills.server.mjs | polyfills.server | 570.97 kB |
main.server.mjs      | main.server      |  48.20 kB |
server.mjs           | server           |   1.86 kB |

Application bundle generation complete. [0.092 seconds]

❯ Changes detected. Rebuilding...
✔ Changes detected. Rebuilding...
Browser bundles
Initial chunk files  | Names            |  Raw size
polyfills.js         | polyfills        |  90.20 kB |
main.js              | main             |  46.89 kB |
styles.css           | styles           |  17.20 kB |

                     | Initial total    | 154.29 kB


Server bundles
Initial chunk files  | Names            |  Raw size
polyfills.server.mjs | polyfills.server | 570.97 kB |
main.server.mjs      | main.server      |  48.20 kB |
server.mjs           | server           |   1.86 kB |

Application bundle generation complete. [0.103 seconds]

❯ Changes detected. Rebuilding...
✔ Changes detected. Rebuilding...
Browser bundles
Initial chunk files  | Names            |  Raw size
polyfills.js         | polyfills        |  90.20 kB |
main.js              | main             |  46.89 kB |
styles.css           | styles           |  17.20 kB |

                     | Initial total    | 154.29 kB


Server bundles
Initial chunk files  | Names            |  Raw size
polyfills.server.mjs | polyfills.server | 570.97 kB |
main.server.mjs      | main.server      |  48.20 kB |
server.mjs           | server           |   1.86 kB |

Application bundle generation complete. [0.090 seconds]

❯ Changes detected. Rebuilding...
✔ Changes detected. Rebuilding...
Browser bundles
Initial chunk files  | Names            |  Raw size
polyfills.js         | polyfills        |  90.20 kB |
main.js              | main             |  46.89 kB |
styles.css           | styles           |  17.20 kB |

                     | Initial total    | 154.29 kB


Server bundles
Initial chunk files  | Names            |  Raw size
polyfills.server.mjs | polyfills.server | 570.97 kB |
main.server.mjs      | main.server      |  48.20 kB |
server.mjs           | server           |   1.86 kB |

Application bundle generation complete. [0.094 seconds]

❯ Changes detected. Rebuilding...
✔ Changes detected. Rebuilding...
Browser bundles
Initial chunk files  | Names            |  Raw size
polyfills.js         | polyfills        |  90.20 kB |
main.js              | main             |  46.89 kB |
styles.css           | styles           |  17.20 kB |

                     | Initial total    | 154.29 kB


Server bundles
Initial chunk files  | Names            |  Raw size
polyfills.server.mjs | polyfills.server | 570.97 kB |
main.server.mjs      | main.server      |  48.20 kB |
server.mjs           | server           |   1.86 kB |

Application bundle generation complete. [0.092 seconds]

❯ Changes detected. Rebuilding...
✔ Changes detected. Rebuilding...
Browser bundles
Initial chunk files  | Names            |  Raw size
polyfills.js         | polyfills        |  90.20 kB |
main.js              | main             |  46.89 kB |
styles.css           | styles           |  17.20 kB |

                     | Initial total    | 154.29 kB


Server bundles
Initial chunk files  | Names            |  Raw size
polyfills.server.mjs | polyfills.server | 570.97 kB |
main.server.mjs      | main.server      |  48.20 kB |
server.mjs           | server           |   1.86 kB |

Application bundle generation complete. [0.097 seconds]

❯ Changes detected. Rebuilding...
✔ Changes detected. Rebuilding...
Browser bundles
Initial chunk files  | Names            |  Raw size
polyfills.js         | polyfills        |  90.20 kB |
main.js              | main             |  46.89 kB |
styles.css           | styles           |  17.20 kB |

                     | Initial total    | 154.29 kB


Server bundles
Initial chunk files  | Names            |  Raw size
polyfills.server.mjs | polyfills.server | 570.97 kB |
main.server.mjs      | main.server      |  48.20 kB |
server.mjs           | server           |   1.86 kB |

Application bundle generation complete. [0.100 seconds]

❯ Changes detected. Rebuilding...
✔ Changes detected. Rebuilding...
Browser bundles
Initial chunk files  | Names            |  Raw size
polyfills.js         | polyfills        |  90.20 kB |
main.js              | main             |  46.89 kB |
styles.css           | styles           |  17.20 kB |

                     | Initial total    | 154.29 kB


Server bundles
Initial chunk files  | Names            |  Raw size
polyfills.server.mjs | polyfills.server | 570.97 kB |
main.server.mjs      | main.server      |  48.20 kB |
server.mjs           | server           |   1.86 kB |

Application bundle generation complete. [0.114 seconds]

❯ Changes detected. Rebuilding...
✔ Changes detected. Rebuilding...
Browser bundles
Initial chunk files  | Names            |  Raw size
polyfills.js         | polyfills        |  90.20 kB |
main.js              | main             |  46.89 kB |
styles.css           | styles           |  17.20 kB |

                     | Initial total    | 154.29 kB


Server bundles
Initial chunk files  | Names            |  Raw size
polyfills.server.mjs | polyfills.server | 570.97 kB |
main.server.mjs      | main.server      |  48.20 kB |
server.mjs           | server           |   1.86 kB |

Application bundle generation complete. [0.098 seconds]

❯ Changes detected. Rebuilding...
✔ Changes detected. Rebuilding...
Browser bundles
Initial chunk files  | Names            |  Raw size
polyfills.js         | polyfills        |  90.20 kB |
main.js              | main             |  46.89 kB |
styles.css           | styles           |  17.20 kB |

                     | Initial total    | 154.29 kB


Server bundles
Initial chunk files  | Names            |  Raw size
polyfills.server.mjs | polyfills.server | 570.97 kB |
main.server.mjs      | main.server      |  48.20 kB |
server.mjs           | server           |   1.86 kB |

Application bundle generation complete. [0.098 seconds]

❯ Changes detected. Rebuilding...
✔ Changes detected. Rebuilding...
Browser bundles
Initial chunk files  | Names            |  Raw size
polyfills.js         | polyfills        |  90.20 kB |
main.js              | main             |  46.89 kB |
styles.css           | styles           |  17.20 kB |

                     | Initial total    | 154.29 kB


Server bundles
Initial chunk files  | Names            |  Raw size
polyfills.server.mjs | polyfills.server | 570.97 kB |
main.server.mjs      | main.server      |  48.20 kB |
server.mjs           | server           |   1.86 kB |

Application bundle generation complete. [0.111 seconds]

❯ Changes detected. Rebuilding...
✔ Changes detected. Rebuilding...
Browser bundles
Initial chunk files  | Names            |  Raw size
polyfills.js         | polyfills        |  90.20 kB |
main.js              | main             |  46.89 kB |
styles.css           | styles           |  17.20 kB |

                     | Initial total    | 154.29 kB


Server bundles
Initial chunk files  | Names            |  Raw size
polyfills.server.mjs | polyfills.server | 570.97 kB |
main.server.mjs      | main.server      |  48.20 kB |
server.mjs           | server           |   1.86 kB |

Application bundle generation complete. [0.101 seconds]

❯ Changes detected. Rebuilding...
✔ Changes detected. Rebuilding...
Browser bundles
Initial chunk files  | Names            |  Raw size
polyfills.js         | polyfills        |  90.20 kB |
main.js              | main             |  46.89 kB |
styles.css           | styles           |  17.20 kB |

                     | Initial total    | 154.29 kB


Server bundles
Initial chunk files  | Names            |  Raw size
polyfills.server.mjs | polyfills.server | 570.97 kB |
main.server.mjs      | main.server      |  48.20 kB |
server.mjs           | server           |   1.86 kB |

Application bundle generation complete. [0.114 seconds]

❯ Changes detected. Rebuilding...
✔ Changes detected. Rebuilding...
Browser bundles
Initial chunk files  | Names            |  Raw size
polyfills.js         | polyfills        |  90.20 kB |
main.js              | main             |  46.89 kB |
styles.css           | styles           |  17.20 kB |

                     | Initial total    | 154.29 kB


Server bundles
Initial chunk files  | Names            |  Raw size
polyfills.server.mjs | polyfills.server | 570.97 kB |
main.server.mjs      | main.server      |  48.20 kB |
server.mjs           | server           |   1.86 kB |

Application bundle generation complete. [0.117 seconds]

❯ Changes detected. Rebuilding...
✔ Changes detected. Rebuilding...
Browser bundles
Initial chunk files  | Names            |  Raw size
polyfills.js         | polyfills        |  90.20 kB |
main.js              | main             |  46.89 kB |
styles.css           | styles           |  17.20 kB |

                     | Initial total    | 154.29 kB


Server bundles
Initial chunk files  | Names            |  Raw size
polyfills.server.mjs | polyfills.server | 570.97 kB |
main.server.mjs      | main.server      |  48.20 kB |
server.mjs           | server           |   1.86 kB |

Application bundle generation complete. [0.102 seconds]

❯ Changes detected. Rebuilding...
✔ Changes detected. Rebuilding...
Browser bundles
Initial chunk files  | Names            |  Raw size
polyfills.js         | polyfills        |  90.20 kB |
main.js              | main             |  46.89 kB |
styles.css           | styles           |  17.20 kB |

                     | Initial total    | 154.29 kB


Server bundles
Initial chunk files  | Names            |  Raw size
polyfills.server.mjs | polyfills.server | 570.97 kB |
main.server.mjs      | main.server      |  48.20 kB |
server.mjs           | server           |   1.86 kB |

Application bundle generation complete. [0.123 seconds]

❯ Changes detected. Rebuilding...
✔ Changes detected. Rebuilding...
Browser bundles
Initial chunk files  | Names            |  Raw size
polyfills.js         | polyfills        |  90.20 kB |
main.js              | main             |  46.89 kB |
styles.css           | styles           |  17.20 kB |

                     | Initial total    | 154.29 kB


Server bundles
Initial chunk files  | Names            |  Raw size
polyfills.server.mjs | polyfills.server | 570.97 kB |
main.server.mjs      | main.server      |  48.20 kB |
server.mjs           | server           |   1.86 kB |

Application bundle generation complete. [0.119 seconds]

❯ Changes detected. Rebuilding...
✔ Changes detected. Rebuilding...
Browser bundles
Initial chunk files  | Names            |  Raw size
polyfills.js         | polyfills        |  90.20 kB |
main.js              | main             |  46.89 kB |
styles.css           | styles           |  17.20 kB |

                     | Initial total    | 154.29 kB


Server bundles
Initial chunk files  | Names            |  Raw size
polyfills.server.mjs | polyfills.server | 570.97 kB |
main.server.mjs      | main.server      |  48.20 kB |
server.mjs           | server           |   1.86 kB |

Application bundle generation complete. [0.101 seconds]

❯ Changes detected. Rebuilding...
✔ Changes detected. Rebuilding...
Browser bundles
Initial chunk files  | Names            |  Raw size
polyfills.js         | polyfills        |  90.20 kB |
main.js              | main             |  46.89 kB |
styles.css           | styles           |  17.20 kB |

                     | Initial total    | 154.29 kB


Server bundles
Initial chunk files  | Names            |  Raw size
polyfills.server.mjs | polyfills.server | 570.97 kB |
main.server.mjs      | main.server      |  48.20 kB |
server.mjs           | server           |   1.86 kB |

Application bundle generation complete. [0.109 seconds]

❯ Changes detected. Rebuilding...
✔ Changes detected. Rebuilding...
Browser bundles
Initial chunk files  | Names            |  Raw size
polyfills.js         | polyfills        |  90.20 kB |
main.js              | main             |  46.89 kB |
styles.css           | styles           |  17.20 kB |

                     | Initial total    | 154.29 kB


Server bundles
Initial chunk files  | Names            |  Raw size
polyfills.server.mjs | polyfills.server | 570.97 kB |
main.server.mjs      | main.server      |  48.20 kB |
server.mjs           | server           |   1.86 kB |

Application bundle generation complete. [0.132 seconds]

❯ Changes detected. Rebuilding...
✔ Changes detected. Rebuilding...
Browser bundles
Initial chunk files  | Names            |  Raw size
polyfills.js         | polyfills        |  90.20 kB |
main.js              | main             |  46.89 kB |
styles.css           | styles           |  17.20 kB |

                     | Initial total    | 154.29 kB


Server bundles
Initial chunk files  | Names            |  Raw size
polyfills.server.mjs | polyfills.server | 570.97 kB |
main.server.mjs      | main.server      |  48.20 kB |
server.mjs           | server           |   1.86 kB |

Application bundle generation complete. [0.117 seconds]

❯ Changes detected. Rebuilding...
✔ Changes detected. Rebuilding...
Browser bundles
Initial chunk files  | Names            |  Raw size
polyfills.js         | polyfills        |  90.20 kB |
main.js              | main             |  46.89 kB |
styles.css           | styles           |  17.20 kB |

                     | Initial total    | 154.29 kB


Server bundles
Initial chunk files  | Names            |  Raw size
polyfills.server.mjs | polyfills.server | 570.97 kB |
main.server.mjs      | main.server      |  48.20 kB |
server.mjs           | server           |   1.86 kB |

Application bundle generation complete. [0.126 seconds]

❯ Changes detected. Rebuilding...
✔ Changes detected. Rebuilding...
Browser bundles
Initial chunk files  | Names            |  Raw size
polyfills.js         | polyfills        |  90.20 kB |
main.js              | main             |  46.89 kB |
styles.css           | styles           |  17.20 kB |

                     | Initial total    | 154.29 kB


Server bundles
Initial chunk files  | Names            |  Raw size
polyfills.server.mjs | polyfills.server | 570.97 kB |
main.server.mjs      | main.server      |  48.20 kB |
server.mjs           | server           |   1.86 kB |

Application bundle generation complete. [0.118 seconds]

❯ Changes detected. Rebuilding...
✔ Changes detected. Rebuilding...
Browser bundles
Initial chunk files  | Names            |  Raw size
polyfills.js         | polyfills        |  90.20 kB |
main.js              | main             |  46.89 kB |
styles.css           | styles           |  17.20 kB |

                     | Initial total    | 154.29 kB


Server bundles
Initial chunk files  | Names            |  Raw size
polyfills.server.mjs | polyfills.server | 570.97 kB |
main.server.mjs      | main.server      |  48.20 kB |
server.mjs           | server           |   1.86 kB |

Application bundle generation complete. [0.108 seconds]

❯ Changes detected. Rebuilding...
✔ Changes detected. Rebuilding...
Browser bundles
Initial chunk files  | Names            |  Raw size
polyfills.js         | polyfills        |  90.20 kB |
main.js              | main             |  46.89 kB |
styles.css           | styles           |  17.20 kB |

                     | Initial total    | 154.29 kB


Server bundles
Initial chunk files  | Names            |  Raw size
polyfills.server.mjs | polyfills.server | 570.97 kB |
main.server.mjs      | main.server      |  48.20 kB |
server.mjs           | server           |   1.86 kB |

Application bundle generation complete. [0.115 seconds]

❯ Changes detected. Rebuilding...
✔ Changes detected. Rebuilding...
Browser bundles
Initial chunk files  | Names            |  Raw size
polyfills.js         | polyfills        |  90.20 kB |
main.js              | main             |  46.89 kB |
styles.css           | styles           |  17.20 kB |

                     | Initial total    | 154.29 kB


Server bundles
Initial chunk files  | Names            |  Raw size
polyfills.server.mjs | polyfills.server | 570.97 kB |
main.server.mjs      | main.server      |  48.20 kB |
server.mjs           | server           |   1.86 kB |

Application bundle generation complete. [0.106 seconds]

❯ Changes detected. Rebuilding...
✔ Changes detected. Rebuilding...
Browser bundles
Initial chunk files  | Names            |  Raw size
polyfills.js         | polyfills        |  90.20 kB |
main.js              | main             |  46.89 kB |
styles.css           | styles           |  17.20 kB |

                     | Initial total    | 154.29 kB


Server bundles
Initial chunk files  | Names            |  Raw size
polyfills.server.mjs | polyfills.server | 570.97 kB |
main.server.mjs      | main.server      |  48.20 kB |
server.mjs           | server           |   1.86 kB |

Application bundle generation complete. [0.105 seconds]

❯ Changes detected. Rebuilding...
✔ Changes detected. Rebuilding...
Browser bundles
Initial chunk files  | Names            |  Raw size
polyfills.js         | polyfills        |  90.20 kB |
main.js              | main             |  46.89 kB |
styles.css           | styles           |  17.20 kB |

                     | Initial total    | 154.29 kB


Server bundles
Initial chunk files  | Names            |  Raw size
polyfills.server.mjs | polyfills.server | 570.97 kB |
main.server.mjs      | main.server      |  48.20 kB |
server.mjs           | server           |   1.86 kB |

Application bundle generation complete. [0.118 seconds]

❯ Changes detected. Rebuilding...
✔ Changes detected. Rebuilding...
Browser bundles
Initial chunk files  | Names            |  Raw size
polyfills.js         | polyfills        |  90.20 kB |
main.js              | main             |  46.89 kB |
styles.css           | styles           |  17.20 kB |

                     | Initial total    | 154.29 kB


Server bundles
Initial chunk files  | Names            |  Raw size
polyfills.server.mjs | polyfills.server | 570.97 kB |
main.server.mjs      | main.server      |  48.20 kB |
server.mjs           | server           |   1.86 kB |

Application bundle generation complete. [0.110 seconds]

❯ Changes detected. Rebuilding...
✔ Changes detected. Rebuilding...
Browser bundles
Initial chunk files  | Names            |  Raw size
polyfills.js         | polyfills        |  90.20 kB |
main.js              | main             |  46.89 kB |
styles.css           | styles           |  17.20 kB |

                     | Initial total    | 154.29 kB


Server bundles
Initial chunk files  | Names            |  Raw size
polyfills.server.mjs | polyfills.server | 570.97 kB |
main.server.mjs      | main.server      |  48.20 kB |
server.mjs           | server           |   1.86 kB |

Application bundle generation complete. [0.114 seconds]

❯ Changes detected. Rebuilding...
✔ Changes detected. Rebuilding...
Browser bundles
Initial chunk files  | Names            |  Raw size
polyfills.js         | polyfills        |  90.20 kB |
main.js              | main             |  46.89 kB |
styles.css           | styles           |  17.20 kB |

                     | Initial total    | 154.29 kB


Server bundles
Initial chunk files  | Names            |  Raw size
polyfills.server.mjs | polyfills.server | 570.97 kB |
main.server.mjs      | main.server      |  48.20 kB |
server.mjs           | server           |   1.86 kB |

Application bundle generation complete. [0.119 seconds]

❯ Changes detected. Rebuilding...
✔ Changes detected. Rebuilding...
Browser bundles
Initial chunk files  | Names            |  Raw size
polyfills.js         | polyfills        |  90.20 kB |
main.js              | main             |  46.89 kB |
styles.css           | styles           |  17.20 kB |

                     | Initial total    | 154.29 kB


Server bundles
Initial chunk files  | Names            |  Raw size
polyfills.server.mjs | polyfills.server | 570.97 kB |
main.server.mjs      | main.server      |  48.20 kB |
server.mjs           | server           |   1.86 kB |

Application bundle generation complete. [0.107 seconds]

❯ Changes detected. Rebuilding...
✔ Changes detected. Rebuilding...
Browser bundles
Initial chunk files  | Names            |  Raw size
polyfills.js         | polyfills        |  90.20 kB |
main.js              | main             |  46.89 kB |
styles.css           | styles           |  17.20 kB |

                     | Initial total    | 154.29 kB


Server bundles
Initial chunk files  | Names            |  Raw size
polyfills.server.mjs | polyfills.server | 570.97 kB |
main.server.mjs      | main.server      |  48.20 kB |
server.mjs           | server           |   1.86 kB |

Application bundle generation complete. [0.123 seconds]

❯ Changes detected. Rebuilding...
✔ Changes detected. Rebuilding...
Browser bundles
Initial chunk files  | Names            |  Raw size
polyfills.js         | polyfills        |  90.20 kB |
main.js              | main             |  46.89 kB |
styles.css           | styles           |  17.20 kB |

                     | Initial total    | 154.29 kB


Server bundles
Initial chunk files  | Names            |  Raw size
polyfills.server.mjs | polyfills.server | 570.97 kB |
main.server.mjs      | main.server      |  48.20 kB |
server.mjs           | server           |   1.86 kB |

Application bundle generation complete. [0.121 seconds]

❯ Changes detected. Rebuilding...
✔ Changes detected. Rebuilding...
Browser bundles
Initial chunk files  | Names            |  Raw size
polyfills.js         | polyfills        |  90.20 kB |
main.js              | main             |  46.89 kB |
styles.css           | styles           |  17.20 kB |

                     | Initial total    | 154.29 kB


Server bundles
Initial chunk files  | Names            |  Raw size
polyfills.server.mjs | polyfills.server | 570.97 kB |
main.server.mjs      | main.server      |  48.20 kB |
server.mjs           | server           |   1.86 kB |

Application bundle generation complete. [0.111 seconds]

❯ Changes detected. Rebuilding...
✔ Changes detected. Rebuilding...
Browser bundles
Initial chunk files  | Names            |  Raw size
polyfills.js         | polyfills        |  90.20 kB |
main.js              | main             |  46.89 kB |
styles.css           | styles           |  17.20 kB |

                     | Initial total    | 154.29 kB


Server bundles
Initial chunk files  | Names            |  Raw size
polyfills.server.mjs | polyfills.server | 570.97 kB |
main.server.mjs      | main.server      |  48.20 kB |
server.mjs           | server           |   1.86 kB |

Application bundle generation complete. [0.122 seconds]

❯ Changes detected. Rebuilding...
✔ Changes detected. Rebuilding...
Browser bundles
Initial chunk files  | Names            |  Raw size
polyfills.js         | polyfills        |  90.20 kB |
main.js              | main             |  46.89 kB |
styles.css           | styles           |  17.20 kB |

                     | Initial total    | 154.29 kB


Server bundles
Initial chunk files  | Names            |  Raw size
polyfills.server.mjs | polyfills.server | 570.97 kB |
main.server.mjs      | main.server      |  48.20 kB |
server.mjs           | server           |   1.86 kB |

Application bundle generation complete. [0.175 seconds]

❯ Changes detected. Rebuilding...
✔ Changes detected. Rebuilding...
Browser bundles
Initial chunk files  | Names            |  Raw size
polyfills.js         | polyfills        |  90.20 kB |
main.js              | main             |  46.89 kB |
styles.css           | styles           |  17.20 kB |

                     | Initial total    | 154.29 kB


Server bundles
Initial chunk files  | Names            |  Raw size
polyfills.server.mjs | polyfills.server | 570.97 kB |
main.server.mjs      | main.server      |  48.20 kB |
server.mjs           | server           |   1.86 kB |

Application bundle generation complete. [0.129 seconds]

❯ Changes detected. Rebuilding...
✔ Changes detected. Rebuilding...
Browser bundles
Initial chunk files  | Names            |  Raw size
polyfills.js         | polyfills        |  90.20 kB |
main.js              | main             |  46.89 kB |
styles.css           | styles           |  17.20 kB |

                     | Initial total    | 154.29 kB


Server bundles
Initial chunk files  | Names            |  Raw size
polyfills.server.mjs | polyfills.server | 570.97 kB |
main.server.mjs      | main.server      |  48.20 kB |
server.mjs           | server           |   1.86 kB |

Application bundle generation complete. [0.160 seconds]

❯ Changes detected. Rebuilding...
✔ Changes detected. Rebuilding...
Browser bundles
Initial chunk files  | Names            |  Raw size
polyfills.js         | polyfills        |  90.20 kB |
main.js              | main             |  46.89 kB |
styles.css           | styles           |  17.20 kB |

                     | Initial total    | 154.29 kB


Server bundles
Initial chunk files  | Names            |  Raw size
polyfills.server.mjs | polyfills.server | 570.97 kB |
main.server.mjs      | main.server      |  48.20 kB |
server.mjs           | server           |   1.86 kB |

Application bundle generation complete. [0.142 seconds]

❯ Changes detected. Rebuilding...
✔ Changes detected. Rebuilding...
Browser bundles
Initial chunk files  | Names            |  Raw size
polyfills.js         | polyfills        |  90.20 kB |
main.js              | main             |  46.89 kB |
styles.css           | styles           |  17.20 kB |

                     | Initial total    | 154.29 kB


Server bundles
Initial chunk files  | Names            |  Raw size
polyfills.server.mjs | polyfills.server | 570.97 kB |
main.server.mjs      | main.server      |  48.20 kB |
server.mjs           | server           |   1.86 kB |

Application bundle generation complete. [0.116 seconds]

❯ Changes detected. Rebuilding...
✔ Changes detected. Rebuilding...
Browser bundles
Initial chunk files  | Names            |  Raw size
polyfills.js         | polyfills        |  90.20 kB |
main.js              | main             |  46.89 kB |
styles.css           | styles           |  17.20 kB |

                     | Initial total    | 154.29 kB


Server bundles
Initial chunk files  | Names            |  Raw size
polyfills.server.mjs | polyfills.server | 570.97 kB |
main.server.mjs      | main.server      |  48.20 kB |
server.mjs           | server           |   1.86 kB |

Application bundle generation complete. [0.113 seconds]

❯ Changes detected. Rebuilding...
✔ Changes detected. Rebuilding...
Browser bundles
Initial chunk files  | Names            |  Raw size
polyfills.js         | polyfills        |  90.20 kB |
main.js              | main             |  46.89 kB |
styles.css           | styles           |  17.20 kB |

                     | Initial total    | 154.29 kB


Server bundles
Initial chunk files  | Names            |  Raw size
polyfills.server.mjs | polyfills.server | 570.97 kB |
main.server.mjs      | main.server      |  48.20 kB |
server.mjs           | server           |   1.86 kB |

Application bundle generation complete. [0.122 seconds]

❯ Changes detected. Rebuilding...
✔ Changes detected. Rebuilding...
Browser bundles
Initial chunk files  | Names            |  Raw size
polyfills.js         | polyfills        |  90.20 kB |
main.js              | main             |  46.89 kB |
styles.css           | styles           |  17.20 kB |

                     | Initial total    | 154.29 kB


Server bundles
Initial chunk files  | Names            |  Raw size
polyfills.server.mjs | polyfills.server | 570.97 kB |
main.server.mjs      | main.server      |  48.20 kB |
server.mjs           | server           |   1.86 kB |

Application bundle generation complete. [0.109 seconds]

❯ Changes detected. Rebuilding...
✔ Changes detected. Rebuilding...
Browser bundles
Initial chunk files  | Names            |  Raw size
polyfills.js         | polyfills        |  90.20 kB |
main.js              | main             |  46.89 kB |
styles.css           | styles           |  17.20 kB |

                     | Initial total    | 154.29 kB


Server bundles
Initial chunk files  | Names            |  Raw size
polyfills.server.mjs | polyfills.server | 570.97 kB |
main.server.mjs      | main.server      |  48.20 kB |
server.mjs           | server           |   1.86 kB |

Application bundle generation complete. [0.118 seconds]

❯ Changes detected. Rebuilding...
✔ Changes detected. Rebuilding...
Browser bundles
Initial chunk files  | Names            |  Raw size
polyfills.js         | polyfills        |  90.20 kB |
main.js              | main             |  46.89 kB |
styles.css           | styles           |  17.20 kB |

                     | Initial total    | 154.29 kB


Server bundles
Initial chunk files  | Names            |  Raw size
polyfills.server.mjs | polyfills.server | 570.97 kB |
main.server.mjs      | main.server      |  48.20 kB |
server.mjs           | server           |   1.86 kB |

Application bundle generation complete. [0.118 seconds]

❯ Changes detected. Rebuilding...
✔ Changes detected. Rebuilding...
Browser bundles
Initial chunk files  | Names            |  Raw size
polyfills.js         | polyfills        |  90.20 kB |
main.js              | main             |  46.89 kB |
styles.css           | styles           |  17.20 kB |

                     | Initial total    | 154.29 kB


Server bundles
Initial chunk files  | Names            |  Raw size
polyfills.server.mjs | polyfills.server | 570.97 kB |
main.server.mjs      | main.server      |  48.20 kB |
server.mjs           | server           |   1.86 kB |

Application bundle generation complete. [0.118 seconds]

❯ Changes detected. Rebuilding...
✔ Changes detected. Rebuilding...
Browser bundles
Initial chunk files  | Names            |  Raw size
polyfills.js         | polyfills        |  90.20 kB |
main.js              | main             |  46.89 kB |
styles.css           | styles           |  17.20 kB |

                     | Initial total    | 154.29 kB


Server bundles
Initial chunk files  | Names            |  Raw size
polyfills.server.mjs | polyfills.server | 570.97 kB |
main.server.mjs      | main.server      |  48.20 kB |
server.mjs           | server           |   1.86 kB |

Application bundle generation complete. [0.119 seconds]

❯ Changes detected. Rebuilding...
✔ Changes detected. Rebuilding...
Browser bundles
Initial chunk files  | Names            |  Raw size
polyfills.js         | polyfills        |  90.20 kB |
main.js              | main             |  46.89 kB |
styles.css           | styles           |  17.20 kB |

                     | Initial total    | 154.29 kB


Server bundles
Initial chunk files  | Names            |  Raw size
polyfills.server.mjs | polyfills.server | 570.97 kB |
main.server.mjs      | main.server      |  48.20 kB |
server.mjs           | server           |   1.86 kB |

Application bundle generation complete. [0.119 seconds]

❯ Changes detected. Rebuilding...
✔ Changes detected. Rebuilding...
Browser bundles
Initial chunk files  | Names            |  Raw size
polyfills.js         | polyfills        |  90.20 kB |
main.js              | main             |  46.89 kB |
styles.css           | styles           |  17.20 kB |

                     | Initial total    | 154.29 kB


Server bundles
Initial chunk files  | Names            |  Raw size
polyfills.server.mjs | polyfills.server | 570.97 kB |
main.server.mjs      | main.server      |  48.20 kB |
server.mjs           | server           |   1.86 kB |

Application bundle generation complete. [0.124 seconds]

❯ Changes detected. Rebuilding...
✔ Changes detected. Rebuilding...
Browser bundles
Initial chunk files  | Names            |  Raw size
polyfills.js         | polyfills        |  90.20 kB |
main.js              | main             |  46.89 kB |
styles.css           | styles           |  17.20 kB |

                     | Initial total    | 154.29 kB


Server bundles
Initial chunk files  | Names            |  Raw size
polyfills.server.mjs | polyfills.server | 570.97 kB |
main.server.mjs      | main.server      |  48.20 kB |
server.mjs           | server           |   1.86 kB |

Application bundle generation complete. [0.124 seconds]

❯ Changes detected. Rebuilding...
✔ Changes detected. Rebuilding...
Browser bundles
Initial chunk files  | Names            |  Raw size
polyfills.js         | polyfills        |  90.20 kB |
main.js              | main             |  46.89 kB |
styles.css           | styles           |  17.20 kB |

                     | Initial total    | 154.29 kB


Server bundles
Initial chunk files  | Names            |  Raw size
polyfills.server.mjs | polyfills.server | 570.97 kB |
main.server.mjs      | main.server      |  48.20 kB |
server.mjs           | server           |   1.86 kB |

Application bundle generation complete. [0.141 seconds]

❯ Changes detected. Rebuilding...
✔ Changes detected. Rebuilding...
Browser bundles
Initial chunk files  | Names            |  Raw size
polyfills.js         | polyfills        |  90.20 kB |
main.js              | main             |  46.89 kB |
styles.css           | styles           |  17.20 kB |

                     | Initial total    | 154.29 kB


Server bundles
Initial chunk files  | Names            |  Raw size
polyfills.server.mjs | polyfills.server | 570.97 kB |
main.server.mjs      | main.server      |  48.20 kB |
server.mjs           | server           |   1.86 kB |

Application bundle generation complete. [0.133 seconds]

❯ Changes detected. Rebuilding...
✔ Changes detected. Rebuilding...
Browser bundles
Initial chunk files  | Names            |  Raw size
polyfills.js         | polyfills        |  90.20 kB |
main.js              | main             |  46.89 kB |
styles.css           | styles           |  17.20 kB |

                     | Initial total    | 154.29 kB


Server bundles
Initial chunk files  | Names            |  Raw size
polyfills.server.mjs | polyfills.server | 570.97 kB |
main.server.mjs      | main.server      |  48.20 kB |
server.mjs           | server           |   1.86 kB |

Application bundle generation complete. [0.129 seconds]

❯ Changes detected. Rebuilding...
✔ Changes detected. Rebuilding...
Browser bundles
Initial chunk files  | Names            |  Raw size
polyfills.js         | polyfills        |  90.20 kB |
main.js              | main             |  46.89 kB |
styles.css           | styles           |  17.20 kB |

                     | Initial total    | 154.29 kB


Server bundles
Initial chunk files  | Names            |  Raw size
polyfills.server.mjs | polyfills.server | 570.97 kB |
main.server.mjs      | main.server      |  48.20 kB |
server.mjs           | server           |   1.86 kB |

Application bundle generation complete. [0.133 seconds]

❯ Changes detected. Rebuilding...
✔ Changes detected. Rebuilding...
Browser bundles
Initial chunk files  | Names            |  Raw size
polyfills.js         | polyfills        |  90.20 kB |
main.js              | main             |  46.89 kB |
styles.css           | styles           |  17.20 kB |

                     | Initial total    | 154.29 kB


Server bundles
Initial chunk files  | Names            |  Raw size
polyfills.server.mjs | polyfills.server | 570.97 kB |
main.server.mjs      | main.server      |  48.20 kB |
server.mjs           | server           |   1.86 kB |

Application bundle generation complete. [0.145 seconds]

❯ Changes detected. Rebuilding...
✔ Changes detected. Rebuilding...
Browser bundles
Initial chunk files  | Names            |  Raw size
polyfills.js         | polyfills        |  90.20 kB |
main.js              | main             |  46.89 kB |
styles.css           | styles           |  17.20 kB |

                     | Initial total    | 154.29 kB


Server bundles
Initial chunk files  | Names            |  Raw size
polyfills.server.mjs | polyfills.server | 570.97 kB |
main.server.mjs      | main.server      |  48.20 kB |
server.mjs           | server           |   1.86 kB |

Application bundle generation complete. [0.141 seconds]

❯ Changes detected. Rebuilding...
✔ Changes detected. Rebuilding...
Browser bundles
Initial chunk files  | Names            |  Raw size
polyfills.js         | polyfills        |  90.20 kB |
main.js              | main             |  46.89 kB |
styles.css           | styles           |  17.20 kB |

                     | Initial total    | 154.29 kB


Server bundles
Initial chunk files  | Names            |  Raw size
polyfills.server.mjs | polyfills.server | 570.97 kB |
main.server.mjs      | main.server      |  48.20 kB |
server.mjs           | server           |   1.86 kB |

Application bundle generation complete. [0.141 seconds]

❯ Changes detected. Rebuilding...
✔ Changes detected. Rebuilding...
Browser bundles
Initial chunk files  | Names            |  Raw size
polyfills.js         | polyfills        |  90.20 kB |
main.js              | main             |  46.89 kB |
styles.css           | styles           |  17.20 kB |

                     | Initial total    | 154.29 kB


Server bundles
Initial chunk files  | Names            |  Raw size
polyfills.server.mjs | polyfills.server | 570.97 kB |
main.server.mjs      | main.server      |  48.20 kB |
server.mjs           | server           |   1.86 kB |

Application bundle generation complete. [0.164 seconds]

❯ Changes detected. Rebuilding...
✔ Changes detected. Rebuilding...
Browser bundles
Initial chunk files  | Names            |  Raw size
polyfills.js         | polyfills        |  90.20 kB |
main.js              | main             |  46.89 kB |
styles.css           | styles           |  17.20 kB |

                     | Initial total    | 154.29 kB


Server bundles
Initial chunk files  | Names            |  Raw size
polyfills.server.mjs | polyfills.server | 570.97 kB |
main.server.mjs      | main.server      |  48.20 kB |
server.mjs           | server           |   1.86 kB |

Application bundle generation complete. [0.308 seconds]

❯ Changes detected. Rebuilding...
✔ Changes detected. Rebuilding...
Browser bundles
Initial chunk files  | Names            |  Raw size
polyfills.js         | polyfills        |  90.20 kB |
main.js              | main             |  46.89 kB |
styles.css           | styles           |  17.20 kB |

                     | Initial total    | 154.29 kB


Server bundles
Initial chunk files  | Names            |  Raw size
polyfills.server.mjs | polyfills.server | 570.97 kB |
main.server.mjs      | main.server      |  48.20 kB |
server.mjs           | server           |   1.86 kB |

Application bundle generation complete. [0.177 seconds]

❯ Changes detected. Rebuilding...
✔ Changes detected. Rebuilding...
Browser bundles
Initial chunk files  | Names            |  Raw size
polyfills.js         | polyfills        |  90.20 kB |
main.js              | main             |  46.89 kB |
styles.css           | styles           |  17.20 kB |

                     | Initial total    | 154.29 kB


Server bundles
Initial chunk files  | Names            |  Raw size
polyfills.server.mjs | polyfills.server | 570.97 kB |
main.server.mjs      | main.server      |  48.20 kB |
server.mjs           | server           |   1.86 kB |

Application bundle generation complete. [0.144 seconds]

❯ Changes detected. Rebuilding...
✔ Changes detected. Rebuilding...
Browser bundles
Initial chunk files  | Names            |  Raw size
polyfills.js         | polyfills        |  90.20 kB |
main.js              | main             |  46.89 kB |
styles.css           | styles           |  17.20 kB |

                     | Initial total    | 154.29 kB


Server bundles
Initial chunk files  | Names            |  Raw size
polyfills.server.mjs | polyfills.server | 570.97 kB |
main.server.mjs      | main.server      |  48.20 kB |
server.mjs           | server           |   1.86 kB |

Application bundle generation complete. [0.180 seconds]

❯ Changes detected. Rebuilding...
✔ Changes detected. Rebuilding...
Browser bundles
Initial chunk files  | Names            |  Raw size
polyfills.js         | polyfills        |  90.20 kB |
main.js              | main             |  46.89 kB |
styles.css           | styles           |  17.20 kB |

                     | Initial total    | 154.29 kB


Server bundles
Initial chunk files  | Names            |  Raw size
polyfills.server.mjs | polyfills.server | 570.97 kB |
main.server.mjs      | main.server      |  48.20 kB |
server.mjs           | server           |   1.86 kB |

Application bundle generation complete. [0.196 seconds]

❯ Changes detected. Rebuilding...
✔ Changes detected. Rebuilding...
Browser bundles
Initial chunk files  | Names            |  Raw size
polyfills.js         | polyfills        |  90.20 kB |
main.js              | main             |  46.89 kB |
styles.css           | styles           |  17.20 kB |

                     | Initial total    | 154.29 kB


Server bundles
Initial chunk files  | Names            |  Raw size
polyfills.server.mjs | polyfills.server | 570.97 kB |
main.server.mjs      | main.server      |  48.20 kB |
server.mjs           | server           |   1.86 kB |

Application bundle generation complete. [0.170 seconds]

❯ Changes detected. Rebuilding...
✔ Changes detected. Rebuilding...
Browser bundles
Initial chunk files  | Names            |  Raw size
polyfills.js         | polyfills        |  90.20 kB |
main.js              | main             |  46.89 kB |
styles.css           | styles           |  17.20 kB |

                     | Initial total    | 154.29 kB


Server bundles
Initial chunk files  | Names            |  Raw size
polyfills.server.mjs | polyfills.server | 570.97 kB |
main.server.mjs      | main.server      |  48.20 kB |
server.mjs           | server           |   1.86 kB |

Application bundle generation complete. [0.150 seconds]

❯ Changes detected. Rebuilding...
✔ Changes detected. Rebuilding...
Browser bundles
Initial chunk files  | Names            |  Raw size
polyfills.js         | polyfills        |  90.20 kB |
main.js              | main             |  46.89 kB |
styles.css           | styles           |  17.20 kB |

                     | Initial total    | 154.29 kB


Server bundles
Initial chunk files  | Names            |  Raw size
polyfills.server.mjs | polyfills.server | 570.97 kB |
main.server.mjs      | main.server      |  48.20 kB |
server.mjs           | server           |   1.86 kB |

Application bundle generation complete. [0.191 seconds]

❯ Changes detected. Rebuilding...
✔ Changes detected. Rebuilding...
Browser bundles
Initial chunk files  | Names            |  Raw size
polyfills.js         | polyfills        |  90.20 kB |
main.js              | main             |  46.89 kB |
styles.css           | styles           |  17.20 kB |

                     | Initial total    | 154.29 kB


Server bundles
Initial chunk files  | Names            |  Raw size
polyfills.server.mjs | polyfills.server | 570.97 kB |
main.server.mjs      | main.server      |  48.20 kB |
server.mjs           | server           |   1.86 kB |

Application bundle generation complete. [0.198 seconds]

❯ Changes detected. Rebuilding...
✔ Changes detected. Rebuilding...
Browser bundles
Initial chunk files  | Names            |  Raw size
polyfills.js         | polyfills        |  90.20 kB |
main.js              | main             |  46.89 kB |
styles.css           | styles           |  17.20 kB |

                     | Initial total    | 154.29 kB


Server bundles
Initial chunk files  | Names            |  Raw size
polyfills.server.mjs | polyfills.server | 570.97 kB |
main.server.mjs      | main.server      |  48.20 kB |
server.mjs           | server           |   1.86 kB |

Application bundle generation complete. [0.162 seconds]

❯ Changes detected. Rebuilding...
✔ Changes detected. Rebuilding...
Browser bundles
Initial chunk files  | Names            |  Raw size
polyfills.js         | polyfills        |  90.20 kB |
main.js              | main             |  46.89 kB |
styles.css           | styles           |  17.20 kB |

                     | Initial total    | 154.29 kB


Server bundles
Initial chunk files  | Names            |  Raw size
polyfills.server.mjs | polyfills.server | 570.97 kB |
main.server.mjs      | main.server      |  48.20 kB |
server.mjs           | server           |   1.86 kB |

Application bundle generation complete. [0.210 seconds]

❯ Changes detected. Rebuilding...
✔ Changes detected. Rebuilding...
Browser bundles
Initial chunk files  | Names            |  Raw size
polyfills.js         | polyfills        |  90.20 kB |
main.js              | main             |  46.89 kB |
styles.css           | styles           |  17.20 kB |

                     | Initial total    | 154.29 kB


Server bundles
Initial chunk files  | Names            |  Raw size
polyfills.server.mjs | polyfills.server | 570.97 kB |
main.server.mjs      | main.server      |  48.20 kB |
server.mjs           | server           |   1.86 kB |

Application bundle generation complete. [0.224 seconds]

❯ Changes detected. Rebuilding...
✔ Changes detected. Rebuilding...
Browser bundles
Initial chunk files  | Names            |  Raw size
polyfills.js         | polyfills        |  90.20 kB |
main.js              | main             |  46.89 kB |
styles.css           | styles           |  17.20 kB |

                     | Initial total    | 154.29 kB


Server bundles
Initial chunk files  | Names            |  Raw size
polyfills.server.mjs | polyfills.server | 570.97 kB |
main.server.mjs      | main.server      |  48.20 kB |
server.mjs           | server           |   1.86 kB |

Application bundle generation complete. [0.145 seconds]

❯ Changes detected. Rebuilding...
✔ Changes detected. Rebuilding...
Browser bundles
Initial chunk files  | Names            |  Raw size
polyfills.js         | polyfills        |  90.20 kB |
main.js              | main             |  46.89 kB |
styles.css           | styles           |  17.20 kB |

                     | Initial total    | 154.29 kB


Server bundles
Initial chunk files  | Names            |  Raw size
polyfills.server.mjs | polyfills.server | 570.97 kB |
main.server.mjs      | main.server      |  48.20 kB |
server.mjs           | server           |   1.86 kB |

Application bundle generation complete. [0.183 seconds]

❯ Changes detected. Rebuilding...
✔ Changes detected. Rebuilding...
Browser bundles
Initial chunk files  | Names            |  Raw size
polyfills.js         | polyfills        |  90.20 kB |
main.js              | main             |  46.89 kB |
styles.css           | styles           |  17.20 kB |

                     | Initial total    | 154.29 kB


Server bundles
Initial chunk files  | Names            |  Raw size
polyfills.server.mjs | polyfills.server | 570.97 kB |
main.server.mjs      | main.server      |  48.20 kB |
server.mjs           | server           |   1.86 kB |

Application bundle generation complete. [0.178 seconds]

❯ Changes detected. Rebuilding...
✔ Changes detected. Rebuilding...
Browser bundles
Initial chunk files  | Names            |  Raw size
polyfills.js         | polyfills        |  90.20 kB |
main.js              | main             |  46.89 kB |
styles.css           | styles           |  17.20 kB |

                     | Initial total    | 154.29 kB


Server bundles
Initial chunk files  | Names            |  Raw size
polyfills.server.mjs | polyfills.server | 570.97 kB |
main.server.mjs      | main.server      |  48.20 kB |
server.mjs           | server           |   1.86 kB |

Application bundle generation complete. [0.165 seconds]

❯ Changes detected. Rebuilding...
✔ Changes detected. Rebuilding...
Browser bundles
Initial chunk files  | Names            |  Raw size
polyfills.js         | polyfills        |  90.20 kB |
main.js              | main             |  46.89 kB |
styles.css           | styles           |  17.20 kB |

                     | Initial total    | 154.29 kB


Server bundles
Initial chunk files  | Names            |  Raw size
polyfills.server.mjs | polyfills.server | 570.97 kB |
main.server.mjs      | main.server      |  48.20 kB |
server.mjs           | server           |   1.86 kB |

Application bundle generation complete. [0.177 seconds]

❯ Changes detected. Rebuilding...
✔ Changes detected. Rebuilding...
Browser bundles
Initial chunk files  | Names            |  Raw size
polyfills.js         | polyfills        |  90.20 kB |
main.js              | main             |  46.89 kB |
styles.css           | styles           |  17.20 kB |

                     | Initial total    | 154.29 kB


Server bundles
Initial chunk files  | Names            |  Raw size
polyfills.server.mjs | polyfills.server | 570.97 kB |
main.server.mjs      | main.server      |  48.20 kB |
server.mjs           | server           |   1.86 kB |

Application bundle generation complete. [0.199 seconds]

❯ Changes detected. Rebuilding...
✔ Changes detected. Rebuilding...
Browser bundles
Initial chunk files  | Names            |  Raw size
polyfills.js         | polyfills        |  90.20 kB |
main.js              | main             |  46.89 kB |
styles.css           | styles           |  17.20 kB |

                     | Initial total    | 154.29 kB


Server bundles
Initial chunk files  | Names            |  Raw size
polyfills.server.mjs | polyfills.server | 570.97 kB |
main.server.mjs      | main.server      |  48.20 kB |
server.mjs           | server           |   1.86 kB |

Application bundle generation complete. [0.212 seconds]

❯ Changes detected. Rebuilding...
✔ Changes detected. Rebuilding...
Browser bundles
Initial chunk files  | Names            |  Raw size
polyfills.js         | polyfills        |  90.20 kB |
main.js              | main             |  46.89 kB |
styles.css           | styles           |  17.20 kB |

                     | Initial total    | 154.29 kB


Server bundles
Initial chunk files  | Names            |  Raw size
polyfills.server.mjs | polyfills.server | 570.97 kB |
main.server.mjs      | main.server      |  48.20 kB |
server.mjs           | server           |   1.86 kB |

Application bundle generation complete. [0.173 seconds]

❯ Changes detected. Rebuilding...
✔ Changes detected. Rebuilding...
Browser bundles
Initial chunk files  | Names            |  Raw size
polyfills.js         | polyfills        |  90.20 kB |
main.js              | main             |  46.89 kB |
styles.css           | styles           |  17.20 kB |

                     | Initial total    | 154.29 kB


Server bundles
Initial chunk files  | Names            |  Raw size
polyfills.server.mjs | polyfills.server | 570.97 kB |
main.server.mjs      | main.server      |  48.20 kB |
server.mjs           | server           |   1.86 kB |

Application bundle generation complete. [0.166 seconds]

❯ Changes detected. Rebuilding...
✔ Changes detected. Rebuilding...
Browser bundles
Initial chunk files  | Names            |  Raw size
polyfills.js         | polyfills        |  90.20 kB |
main.js              | main             |  46.89 kB |
styles.css           | styles           |  17.20 kB |

                     | Initial total    | 154.29 kB


Server bundles
Initial chunk files  | Names            |  Raw size
polyfills.server.mjs | polyfills.server | 570.97 kB |
main.server.mjs      | main.server      |  48.20 kB |
server.mjs           | server           |   1.86 kB |

Application bundle generation complete. [0.216 seconds]

❯ Changes detected. Rebuilding...
✔ Changes detected. Rebuilding...
Browser bundles
Initial chunk files  | Names            |  Raw size
polyfills.js         | polyfills        |  90.20 kB |
main.js              | main             |  46.89 kB |
styles.css           | styles           |  17.20 kB |

                     | Initial total    | 154.29 kB


Server bundles
Initial chunk files  | Names            |  Raw size
polyfills.server.mjs | polyfills.server | 570.97 kB |
main.server.mjs      | main.server      |  48.20 kB |
server.mjs           | server           |   1.86 kB |

Application bundle generation complete. [0.243 seconds]

❯ Changes detected. Rebuilding...
✔ Changes detected. Rebuilding...
Browser bundles
Initial chunk files  | Names            |  Raw size
polyfills.js         | polyfills        |  90.20 kB |
main.js              | main             |  46.89 kB |
styles.css           | styles           |  17.20 kB |

                     | Initial total    | 154.29 kB


Server bundles
Initial chunk files  | Names            |  Raw size
polyfills.server.mjs | polyfills.server | 570.97 kB |
main.server.mjs      | main.server      |  48.20 kB |
server.mjs           | server           |   1.86 kB |

Application bundle generation complete. [0.143 seconds]

❯ Changes detected. Rebuilding...
✔ Changes detected. Rebuilding...
Browser bundles
Initial chunk files  | Names            |  Raw size
polyfills.js         | polyfills        |  90.20 kB |
main.js              | main             |  46.89 kB |
styles.css           | styles           |  17.20 kB |

                     | Initial total    | 154.29 kB


Server bundles
Initial chunk files  | Names            |  Raw size
polyfills.server.mjs | polyfills.server | 570.97 kB |
main.server.mjs      | main.server      |  48.20 kB |
server.mjs           | server           |   1.86 kB |

Application bundle generation complete. [0.147 seconds]

❯ Changes detected. Rebuilding...
✔ Changes detected. Rebuilding...
Browser bundles
Initial chunk files  | Names            |  Raw size
polyfills.js         | polyfills        |  90.20 kB |
main.js              | main             |  46.89 kB |
styles.css           | styles           |  17.20 kB |

                     | Initial total    | 154.29 kB


Server bundles
Initial chunk files  | Names            |  Raw size
polyfills.server.mjs | polyfills.server | 570.97 kB |
main.server.mjs      | main.server      |  48.20 kB |
server.mjs           | server           |   1.86 kB |

Application bundle generation complete. [0.131 seconds]

❯ Changes detected. Rebuilding...
✔ Changes detected. Rebuilding...
Browser bundles
Initial chunk files  | Names            |  Raw size
polyfills.js         | polyfills        |  90.20 kB |
main.js              | main             |  46.89 kB |
styles.css           | styles           |  17.20 kB |

                     | Initial total    | 154.29 kB


Server bundles
Initial chunk files  | Names            |  Raw size
polyfills.server.mjs | polyfills.server | 570.97 kB |
main.server.mjs      | main.server      |  48.20 kB |
server.mjs           | server           |   1.86 kB |

Application bundle generation complete. [0.164 seconds]

❯ Changes detected. Rebuilding...
✔ Changes detected. Rebuilding...
Browser bundles
Initial chunk files  | Names            |  Raw size
polyfills.js         | polyfills        |  90.20 kB |
main.js              | main             |  46.89 kB |
styles.css           | styles           |  17.20 kB |

                     | Initial total    | 154.29 kB


Server bundles
Initial chunk files  | Names            |  Raw size
polyfills.server.mjs | polyfills.server | 570.97 kB |
main.server.mjs      | main.server      |  48.20 kB |
server.mjs           | server           |   1.86 kB |

Application bundle generation complete. [0.175 seconds]

❯ Changes detected. Rebuilding...
✔ Changes detected. Rebuilding...
Browser bundles
Initial chunk files  | Names            |  Raw size
polyfills.js         | polyfills        |  90.20 kB |
main.js              | main             |  46.89 kB |
styles.css           | styles           |  17.20 kB |

                     | Initial total    | 154.29 kB


Server bundles
Initial chunk files  | Names            |  Raw size
polyfills.server.mjs | polyfills.server | 570.97 kB |
main.server.mjs      | main.server      |  48.20 kB |
server.mjs           | server           |   1.86 kB |

Application bundle generation complete. [0.132 seconds]

❯ Changes detected. Rebuilding...
✔ Changes detected. Rebuilding...
Browser bundles
Initial chunk files  | Names            |  Raw size
polyfills.js         | polyfills        |  90.20 kB |
main.js              | main             |  46.89 kB |
styles.css           | styles           |  17.20 kB |

                     | Initial total    | 154.29 kB


Server bundles
Initial chunk files  | Names            |  Raw size
polyfills.server.mjs | polyfills.server | 570.97 kB |
main.server.mjs      | main.server      |  48.20 kB |
server.mjs           | server           |   1.86 kB |

Application bundle generation complete. [0.145 seconds]

❯ Changes detected. Rebuilding...
✔ Changes detected. Rebuilding...
Browser bundles
Initial chunk files  | Names            |  Raw size
polyfills.js         | polyfills        |  90.20 kB |
main.js              | main             |  46.89 kB |
styles.css           | styles           |  17.20 kB |

                     | Initial total    | 154.29 kB


Server bundles
Initial chunk files  | Names            |  Raw size
polyfills.server.mjs | polyfills.server | 570.97 kB |
main.server.mjs      | main.server      |  48.20 kB |
server.mjs           | server           |   1.86 kB |

Application bundle generation complete. [0.139 seconds]

❯ Changes detected. Rebuilding...
✔ Changes detected. Rebuilding...
Browser bundles
Initial chunk files  | Names            |  Raw size
polyfills.js         | polyfills        |  90.20 kB |
main.js              | main             |  46.89 kB |
styles.css           | styles           |  17.20 kB |

                     | Initial total    | 154.29 kB


Server bundles
Initial chunk files  | Names            |  Raw size
polyfills.server.mjs | polyfills.server | 570.97 kB |
main.server.mjs      | main.server      |  48.20 kB |
server.mjs           | server           |   1.86 kB |

Application bundle generation complete. [0.144 seconds]

❯ Changes detected. Rebuilding...
✔ Changes detected. Rebuilding...
Browser bundles
Initial chunk files  | Names            |  Raw size
polyfills.js         | polyfills        |  90.20 kB |
main.js              | main             |  46.89 kB |
styles.css           | styles           |  17.20 kB |

                     | Initial total    | 154.29 kB


Server bundles
Initial chunk files  | Names            |  Raw size
polyfills.server.mjs | polyfills.server | 570.97 kB |
main.server.mjs      | main.server      |  48.20 kB |
server.mjs           | server           |   1.86 kB |

Application bundle generation complete. [0.148 seconds]

❯ Changes detected. Rebuilding...
✔ Changes detected. Rebuilding...
Browser bundles
Initial chunk files  | Names            |  Raw size
polyfills.js         | polyfills        |  90.20 kB |
main.js              | main             |  46.89 kB |
styles.css           | styles           |  17.20 kB |

                     | Initial total    | 154.29 kB


Server bundles
Initial chunk files  | Names            |  Raw size
polyfills.server.mjs | polyfills.server | 570.97 kB |
main.server.mjs      | main.server      |  48.20 kB |
server.mjs           | server           |   1.86 kB |

Application bundle generation complete. [0.134 seconds]

❯ Changes detected. Rebuilding...
✔ Changes detected. Rebuilding...
Browser bundles
Initial chunk files  | Names            |  Raw size
polyfills.js         | polyfills        |  90.20 kB |
main.js              | main             |  46.89 kB |
styles.css           | styles           |  17.20 kB |

                     | Initial total    | 154.29 kB


Server bundles
Initial chunk files  | Names            |  Raw size
polyfills.server.mjs | polyfills.server | 570.97 kB |
main.server.mjs      | main.server      |  48.20 kB |
server.mjs           | server           |   1.86 kB |

Application bundle generation complete. [0.149 seconds]

❯ Changes detected. Rebuilding...
✔ Changes detected. Rebuilding...
Browser bundles
Initial chunk files  | Names            |  Raw size
polyfills.js         | polyfills        |  90.20 kB |
main.js              | main             |  46.89 kB |
styles.css           | styles           |  17.20 kB |

                     | Initial total    | 154.29 kB


Server bundles
Initial chunk files  | Names            |  Raw size
polyfills.server.mjs | polyfills.server | 570.97 kB |
main.server.mjs      | main.server      |  48.20 kB |
server.mjs           | server           |   1.86 kB |

Application bundle generation complete. [0.303 seconds]

❯ Changes detected. Rebuilding...
✔ Changes detected. Rebuilding...
Browser bundles
Initial chunk files  | Names            |  Raw size
polyfills.js         | polyfills        |  90.20 kB |
main.js              | main             |  46.89 kB |
styles.css           | styles           |  17.20 kB |

                     | Initial total    | 154.29 kB


Server bundles
Initial chunk files  | Names            |  Raw size
polyfills.server.mjs | polyfills.server | 570.97 kB |
main.server.mjs      | main.server      |  48.20 kB |
server.mjs           | server           |   1.86 kB |

Application bundle generation complete. [0.172 seconds]

❯ Changes detected. Rebuilding...
✔ Changes detected. Rebuilding...
Browser bundles
Initial chunk files  | Names            |  Raw size
polyfills.js         | polyfills        |  90.20 kB |
main.js              | main             |  46.89 kB |
styles.css           | styles           |  17.20 kB |

                     | Initial total    | 154.29 kB


Server bundles
Initial chunk files  | Names            |  Raw size
polyfills.server.mjs | polyfills.server | 570.97 kB |
main.server.mjs      | main.server      |  48.20 kB |
server.mjs           | server           |   1.86 kB |

Application bundle generation complete. [0.294 seconds]

❯ Changes detected. Rebuilding...
✔ Changes detected. Rebuilding...
Browser bundles
Initial chunk files  | Names            |  Raw size
polyfills.js         | polyfills        |  90.20 kB |
main.js              | main             |  46.89 kB |
styles.css           | styles           |  17.20 kB |

                     | Initial total    | 154.29 kB


Server bundles
Initial chunk files  | Names            |  Raw size
polyfills.server.mjs | polyfills.server | 570.97 kB |
main.server.mjs      | main.server      |  48.20 kB |
server.mjs           | server           |   1.86 kB |

Application bundle generation complete. [0.166 seconds]

❯ Changes detected. Rebuilding...
✔ Changes detected. Rebuilding...
Browser bundles
Initial chunk files  | Names            |  Raw size
polyfills.js         | polyfills        |  90.20 kB |
main.js              | main             |  46.89 kB |
styles.css           | styles           |  17.20 kB |

                     | Initial total    | 154.29 kB


Server bundles
Initial chunk files  | Names            |  Raw size
polyfills.server.mjs | polyfills.server | 570.97 kB |
main.server.mjs      | main.server      |  48.20 kB |
server.mjs           | server           |   1.86 kB |

Application bundle generation complete. [0.192 seconds]

❯ Changes detected. Rebuilding...
✔ Changes detected. Rebuilding...
Browser bundles
Initial chunk files  | Names            |  Raw size
polyfills.js         | polyfills        |  90.20 kB |
main.js              | main             |  46.89 kB |
styles.css           | styles           |  17.20 kB |

                     | Initial total    | 154.29 kB


Server bundles
Initial chunk files  | Names            |  Raw size
polyfills.server.mjs | polyfills.server | 570.97 kB |
main.server.mjs      | main.server      |  48.20 kB |
server.mjs           | server           |   1.86 kB |

Application bundle generation complete. [0.307 seconds]

❯ Changes detected. Rebuilding...
✔ Changes detected. Rebuilding...
Browser bundles
Initial chunk files  | Names            |  Raw size
polyfills.js         | polyfills        |  90.20 kB |
main.js              | main             |  46.89 kB |
styles.css           | styles           |  17.20 kB |

                     | Initial total    | 154.29 kB


Server bundles
Initial chunk files  | Names            |  Raw size
polyfills.server.mjs | polyfills.server | 570.97 kB |
main.server.mjs      | main.server      |  48.20 kB |
server.mjs           | server           |   1.86 kB |

Application bundle generation complete. [0.420 seconds]

❯ Changes detected. Rebuilding...
✔ Changes detected. Rebuilding...
Browser bundles
Initial chunk files  | Names            |  Raw size
polyfills.js         | polyfills        |  90.20 kB |
main.js              | main             |  46.89 kB |
styles.css           | styles           |  17.20 kB |

                     | Initial total    | 154.29 kB


Server bundles
Initial chunk files  | Names            |  Raw size
polyfills.server.mjs | polyfills.server | 570.97 kB |
main.server.mjs      | main.server      |  48.20 kB |
server.mjs           | server           |   1.86 kB |

Application bundle generation complete. [0.333 seconds]

❯ Changes detected. Rebuilding...
✔ Changes detected. Rebuilding...
Browser bundles
Initial chunk files  | Names            |  Raw size
polyfills.js         | polyfills        |  90.20 kB |
main.js              | main             |  46.89 kB |
styles.css           | styles           |  17.20 kB |

                     | Initial total    | 154.29 kB


Server bundles
Initial chunk files  | Names            |  Raw size
polyfills.server.mjs | polyfills.server | 570.97 kB |
main.server.mjs      | main.server      |  48.20 kB |
server.mjs           | server           |   1.86 kB |

Application bundle generation complete. [0.363 seconds]

❯ Changes detected. Rebuilding...
✔ Changes detected. Rebuilding...
Browser bundles
Initial chunk files  | Names            |  Raw size
polyfills.js         | polyfills        |  90.20 kB |
main.js              | main             |  46.89 kB |
styles.css           | styles           |  17.20 kB |

                     | Initial total    | 154.29 kB


Server bundles
Initial chunk files  | Names            |  Raw size
polyfills.server.mjs | polyfills.server | 570.97 kB |
main.server.mjs      | main.server      |  48.20 kB |
server.mjs           | server           |   1.86 kB |

Application bundle generation complete. [0.262 seconds]

❯ Changes detected. Rebuilding...
✔ Changes detected. Rebuilding...
Browser bundles
Initial chunk files  | Names            |  Raw size
polyfills.js         | polyfills        |  90.20 kB |
main.js              | main             |  46.89 kB |
styles.css           | styles           |  17.20 kB |

                     | Initial total    | 154.29 kB


Server bundles
Initial chunk files  | Names            |  Raw size
polyfills.server.mjs | polyfills.server | 570.97 kB |
main.server.mjs      | main.server      |  48.20 kB |
server.mjs           | server           |   1.86 kB |

Application bundle generation complete. [0.230 seconds]

❯ Changes detected. Rebuilding...
✔ Changes detected. Rebuilding...
Browser bundles
Initial chunk files  | Names            |  Raw size
polyfills.js         | polyfills        |  90.20 kB |
main.js              | main             |  46.89 kB |
styles.css           | styles           |  17.20 kB |

                     | Initial total    | 154.29 kB


Server bundles
Initial chunk files  | Names            |  Raw size
polyfills.server.mjs | polyfills.server | 570.97 kB |
main.server.mjs      | main.server      |  48.20 kB |
server.mjs           | server           |   1.86 kB |

Application bundle generation complete. [0.214 seconds]

❯ Changes detected. Rebuilding...
✔ Changes detected. Rebuilding...
Browser bundles
Initial chunk files  | Names            |  Raw size
polyfills.js         | polyfills        |  90.20 kB |
main.js              | main             |  46.89 kB |
styles.css           | styles           |  17.20 kB |

                     | Initial total    | 154.29 kB


Server bundles
Initial chunk files  | Names            |  Raw size
polyfills.server.mjs | polyfills.server | 570.97 kB |
main.server.mjs      | main.server      |  48.20 kB |
server.mjs           | server           |   1.86 kB |

Application bundle generation complete. [0.400 seconds]

❯ Changes detected. Rebuilding...
✔ Changes detected. Rebuilding...
Browser bundles
Initial chunk files  | Names            |  Raw size
polyfills.js         | polyfills        |  90.20 kB |
main.js              | main             |  46.89 kB |
styles.css           | styles           |  17.20 kB |

                     | Initial total    | 154.29 kB


Server bundles
Initial chunk files  | Names            |  Raw size
polyfills.server.mjs | polyfills.server | 570.97 kB |
main.server.mjs      | main.server      |  48.20 kB |
server.mjs           | server           |   1.86 kB |

Application bundle generation complete. [0.235 seconds]

❯ Changes detected. Rebuilding...
✔ Changes detected. Rebuilding...
Browser bundles
Initial chunk files  | Names            |  Raw size
polyfills.js         | polyfills        |  90.20 kB |
main.js              | main             |  46.89 kB |
styles.css           | styles           |  17.20 kB |

                     | Initial total    | 154.29 kB


Server bundles
Initial chunk files  | Names            |  Raw size
polyfills.server.mjs | polyfills.server | 570.97 kB |
main.server.mjs      | main.server      |  48.20 kB |
server.mjs           | server           |   1.86 kB |

Application bundle generation complete. [0.189 seconds]

❯ Changes detected. Rebuilding...
✔ Changes detected. Rebuilding...
Browser bundles
Initial chunk files  | Names            |  Raw size
polyfills.js         | polyfills        |  90.20 kB |
main.js              | main             |  46.89 kB |
styles.css           | styles           |  17.20 kB |

                     | Initial total    | 154.29 kB


Server bundles
Initial chunk files  | Names            |  Raw size
polyfills.server.mjs | polyfills.server | 570.97 kB |
main.server.mjs      | main.server      |  48.20 kB |
server.mjs           | server           |   1.86 kB |

Application bundle generation complete. [0.197 seconds]

❯ Changes detected. Rebuilding...
✔ Changes detected. Rebuilding...
Browser bundles
Initial chunk files  | Names            |  Raw size
polyfills.js         | polyfills        |  90.20 kB |
main.js              | main             |  46.89 kB |
styles.css           | styles           |  17.20 kB |

                     | Initial total    | 154.29 kB


Server bundles
Initial chunk files  | Names            |  Raw size
polyfills.server.mjs | polyfills.server | 570.97 kB |
main.server.mjs      | main.server      |  48.20 kB |
server.mjs           | server           |   1.86 kB |

Application bundle generation complete. [0.226 seconds]

❯ Changes detected. Rebuilding...
✔ Changes detected. Rebuilding...
Browser bundles
Initial chunk files  | Names            |  Raw size
polyfills.js         | polyfills        |  90.20 kB |
main.js              | main             |  46.89 kB |
styles.css           | styles           |  17.20 kB |

                     | Initial total    | 154.29 kB


Server bundles
Initial chunk files  | Names            |  Raw size
polyfills.server.mjs | polyfills.server | 570.97 kB |
main.server.mjs      | main.server      |  48.20 kB |
server.mjs           | server           |   1.86 kB |

Application bundle generation complete. [0.228 seconds]

❯ Changes detected. Rebuilding...
✔ Changes detected. Rebuilding...
Browser bundles
Initial chunk files  | Names            |  Raw size
polyfills.js         | polyfills        |  90.20 kB |
main.js              | main             |  46.89 kB |
styles.css           | styles           |  17.20 kB |

                     | Initial total    | 154.29 kB


Server bundles
Initial chunk files  | Names            |  Raw size
polyfills.server.mjs | polyfills.server | 570.97 kB |
main.server.mjs      | main.server      |  48.20 kB |
server.mjs           | server           |   1.86 kB |

Application bundle generation complete. [0.197 seconds]

❯ Changes detected. Rebuilding...
✔ Changes detected. Rebuilding...
Browser bundles
Initial chunk files  | Names            |  Raw size
polyfills.js         | polyfills        |  90.20 kB |
main.js              | main             |  46.89 kB |
styles.css           | styles           |  17.20 kB |

                     | Initial total    | 154.29 kB


Server bundles
Initial chunk files  | Names            |  Raw size
polyfills.server.mjs | polyfills.server | 570.97 kB |
main.server.mjs      | main.server      |  48.20 kB |
server.mjs           | server           |   1.86 kB |

Application bundle generation complete. [0.164 seconds]

❯ Changes detected. Rebuilding...
✔ Changes detected. Rebuilding...
Browser bundles
Initial chunk files  | Names            |  Raw size
polyfills.js         | polyfills        |  90.20 kB |
main.js              | main             |  46.89 kB |
styles.css           | styles           |  17.20 kB |

                     | Initial total    | 154.29 kB


Server bundles
Initial chunk files  | Names            |  Raw size
polyfills.server.mjs | polyfills.server | 570.97 kB |
main.server.mjs      | main.server      |  48.20 kB |
server.mjs           | server           |   1.86 kB |

Application bundle generation complete. [0.139 seconds]

❯ Changes detected. Rebuilding...
✔ Changes detected. Rebuilding...
Browser bundles
Initial chunk files  | Names            |  Raw size
polyfills.js         | polyfills        |  90.20 kB |
main.js              | main             |  46.89 kB |
styles.css           | styles           |  17.20 kB |

                     | Initial total    | 154.29 kB


Server bundles
Initial chunk files  | Names            |  Raw size
polyfills.server.mjs | polyfills.server | 570.97 kB |
main.server.mjs      | main.server      |  48.20 kB |
server.mjs           | server           |   1.86 kB |

Application bundle generation complete. [0.132 seconds]

❯ Changes detected. Rebuilding...
✔ Changes detected. Rebuilding...
Browser bundles
Initial chunk files  | Names            |  Raw size
polyfills.js         | polyfills        |  90.20 kB |
main.js              | main             |  46.89 kB |
styles.css           | styles           |  17.20 kB |

                     | Initial total    | 154.29 kB


Server bundles
Initial chunk files  | Names            |  Raw size
polyfills.server.mjs | polyfills.server | 570.97 kB |
main.server.mjs      | main.server      |  48.20 kB |
server.mjs           | server           |   1.86 kB |

Application bundle generation complete. [0.149 seconds]

❯ Changes detected. Rebuilding...
✔ Changes detected. Rebuilding...
Browser bundles
Initial chunk files  | Names            |  Raw size
polyfills.js         | polyfills        |  90.20 kB |
main.js              | main             |  46.89 kB |
styles.css           | styles           |  17.20 kB |

                     | Initial total    | 154.29 kB


Server bundles
Initial chunk files  | Names            |  Raw size
polyfills.server.mjs | polyfills.server | 570.97 kB |
main.server.mjs      | main.server      |  48.20 kB |
server.mjs           | server           |   1.86 kB |

Application bundle generation complete. [0.147 seconds]

❯ Changes detected. Rebuilding...
✔ Changes detected. Rebuilding...
Browser bundles
Initial chunk files  | Names            |  Raw size
polyfills.js         | polyfills        |  90.20 kB |
main.js              | main             |  46.89 kB |
styles.css           | styles           |  17.20 kB |

                     | Initial total    | 154.29 kB


Server bundles
Initial chunk files  | Names            |  Raw size
polyfills.server.mjs | polyfills.server | 570.97 kB |
main.server.mjs      | main.server      |  48.20 kB |
server.mjs           | server           |   1.86 kB |

Application bundle generation complete. [0.166 seconds]

❯ Changes detected. Rebuilding...
✔ Changes detected. Rebuilding...
Browser bundles
Initial chunk files  | Names            |  Raw size
polyfills.js         | polyfills        |  90.20 kB |
main.js              | main             |  46.89 kB |
styles.css           | styles           |  17.20 kB |

                     | Initial total    | 154.29 kB


Server bundles
Initial chunk files  | Names            |  Raw size
polyfills.server.mjs | polyfills.server | 570.97 kB |
main.server.mjs      | main.server      |  48.20 kB |
server.mjs           | server           |   1.86 kB |

Application bundle generation complete. [0.181 seconds]

❯ Changes detected. Rebuilding...
✔ Changes detected. Rebuilding...
Browser bundles
Initial chunk files  | Names            |  Raw size
polyfills.js         | polyfills        |  90.20 kB |
main.js              | main             |  46.89 kB |
styles.css           | styles           |  17.20 kB |

                     | Initial total    | 154.29 kB


Server bundles
Initial chunk files  | Names            |  Raw size
polyfills.server.mjs | polyfills.server | 570.97 kB |
main.server.mjs      | main.server      |  48.20 kB |
server.mjs           | server           |   1.86 kB |

Application bundle generation complete. [0.157 seconds]

❯ Changes detected. Rebuilding...
✔ Changes detected. Rebuilding...
Browser bundles
Initial chunk files  | Names            |  Raw size
polyfills.js         | polyfills        |  90.20 kB |
main.js              | main             |  46.89 kB |
styles.css           | styles           |  17.20 kB |

                     | Initial total    | 154.29 kB


Server bundles
Initial chunk files  | Names            |  Raw size
polyfills.server.mjs | polyfills.server | 570.97 kB |
main.server.mjs      | main.server      |  48.20 kB |
server.mjs           | server           |   1.86 kB |

Application bundle generation complete. [0.218 seconds]

❯ Changes detected. Rebuilding...
✔ Changes detected. Rebuilding...
Browser bundles
Initial chunk files  | Names            |  Raw size
polyfills.js         | polyfills        |  90.20 kB |
main.js              | main             |  46.89 kB |
styles.css           | styles           |  17.20 kB |

                     | Initial total    | 154.29 kB


Server bundles
Initial chunk files  | Names            |  Raw size
polyfills.server.mjs | polyfills.server | 570.97 kB |
main.server.mjs      | main.server      |  48.20 kB |
server.mjs           | server           |   1.86 kB |

Application bundle generation complete. [0.165 seconds]

❯ Changes detected. Rebuilding...
✔ Changes detected. Rebuilding...
Browser bundles
Initial chunk files  | Names            |  Raw size
polyfills.js         | polyfills        |  90.20 kB |
main.js              | main             |  46.89 kB |
styles.css           | styles           |  17.20 kB |

                     | Initial total    | 154.29 kB


Server bundles
Initial chunk files  | Names            |  Raw size
polyfills.server.mjs | polyfills.server | 570.97 kB |
main.server.mjs      | main.server      |  48.20 kB |
server.mjs           | server           |   1.86 kB |

Application bundle generation complete. [0.163 seconds]

❯ Changes detected. Rebuilding...
✔ Changes detected. Rebuilding...
Browser bundles
Initial chunk files  | Names            |  Raw size
polyfills.js         | polyfills        |  90.20 kB |
main.js              | main             |  46.89 kB |
styles.css           | styles           |  17.20 kB |

                     | Initial total    | 154.29 kB


Server bundles
Initial chunk files  | Names            |  Raw size
polyfills.server.mjs | polyfills.server | 570.97 kB |
main.server.mjs      | main.server      |  48.20 kB |
server.mjs           | server           |   1.86 kB |

Application bundle generation complete. [0.137 seconds]

❯ Changes detected. Rebuilding...
✔ Changes detected. Rebuilding...
Browser bundles
Initial chunk files  | Names            |  Raw size
polyfills.js         | polyfills        |  90.20 kB |
main.js              | main             |  46.89 kB |
styles.css           | styles           |  17.20 kB |

                     | Initial total    | 154.29 kB


Server bundles
Initial chunk files  | Names            |  Raw size
polyfills.server.mjs | polyfills.server | 570.97 kB |
main.server.mjs      | main.server      |  48.20 kB |
server.mjs           | server           |   1.86 kB |

Application bundle generation complete. [0.145 seconds]

❯ Changes detected. Rebuilding...
✔ Changes detected. Rebuilding...
Browser bundles
Initial chunk files  | Names            |  Raw size
polyfills.js         | polyfills        |  90.20 kB |
main.js              | main             |  46.89 kB |
styles.css           | styles           |  17.20 kB |

                     | Initial total    | 154.29 kB


Server bundles
Initial chunk files  | Names            |  Raw size
polyfills.server.mjs | polyfills.server | 570.97 kB |
main.server.mjs      | main.server      |  48.20 kB |
server.mjs           | server           |   1.86 kB |

Application bundle generation complete. [0.159 seconds]

❯ Changes detected. Rebuilding...
✔ Changes detected. Rebuilding...
Browser bundles
Initial chunk files  | Names            |  Raw size
polyfills.js         | polyfills        |  90.20 kB |
main.js              | main             |  46.89 kB |
styles.css           | styles           |  17.20 kB |

                     | Initial total    | 154.29 kB


Server bundles
Initial chunk files  | Names            |  Raw size
polyfills.server.mjs | polyfills.server | 570.97 kB |
main.server.mjs      | main.server      |  48.20 kB |
server.mjs           | server           |   1.86 kB |

Application bundle generation complete. [0.153 seconds]

❯ Changes detected. Rebuilding...
✔ Changes detected. Rebuilding...
Browser bundles
Initial chunk files  | Names            |  Raw size
polyfills.js         | polyfills        |  90.20 kB |
main.js              | main             |  46.89 kB |
styles.css           | styles           |  17.20 kB |

                     | Initial total    | 154.29 kB


Server bundles
Initial chunk files  | Names            |  Raw size
polyfills.server.mjs | polyfills.server | 570.97 kB |
main.server.mjs      | main.server      |  48.20 kB |
server.mjs           | server           |   1.86 kB |

Application bundle generation complete. [0.139 seconds]

❯ Changes detected. Rebuilding...
✔ Changes detected. Rebuilding...
Browser bundles
Initial chunk files  | Names            |  Raw size
polyfills.js         | polyfills        |  90.20 kB |
main.js              | main             |  46.89 kB |
styles.css           | styles           |  17.20 kB |

                     | Initial total    | 154.29 kB


Server bundles
Initial chunk files  | Names            |  Raw size
polyfills.server.mjs | polyfills.server | 570.97 kB |
main.server.mjs      | main.server      |  48.20 kB |
server.mjs           | server           |   1.86 kB |

Application bundle generation complete. [0.159 seconds]

❯ Changes detected. Rebuilding...
✔ Changes detected. Rebuilding...
Browser bundles
Initial chunk files  | Names            |  Raw size
polyfills.js         | polyfills        |  90.20 kB |
main.js              | main             |  46.89 kB |
styles.css           | styles           |  17.20 kB |

                     | Initial total    | 154.29 kB


Server bundles
Initial chunk files  | Names            |  Raw size
polyfills.server.mjs | polyfills.server | 570.97 kB |
main.server.mjs      | main.server      |  48.20 kB |
server.mjs           | server           |   1.86 kB |

Application bundle generation complete. [0.147 seconds]

❯ Changes detected. Rebuilding...
✔ Changes detected. Rebuilding...
Browser bundles
Initial chunk files  | Names            |  Raw size
polyfills.js         | polyfills        |  90.20 kB |
main.js              | main             |  46.89 kB |
styles.css           | styles           |  17.20 kB |

                     | Initial total    | 154.29 kB


Server bundles
Initial chunk files  | Names            |  Raw size
polyfills.server.mjs | polyfills.server | 570.97 kB |
main.server.mjs      | main.server      |  48.20 kB |
server.mjs           | server           |   1.86 kB |

Application bundle generation complete. [0.148 seconds]

❯ Changes detected. Rebuilding...
✔ Changes detected. Rebuilding...
Browser bundles
Initial chunk files  | Names            |  Raw size
polyfills.js         | polyfills        |  90.20 kB |
main.js              | main             |  46.89 kB |
styles.css           | styles           |  17.20 kB |

                     | Initial total    | 154.29 kB


Server bundles
Initial chunk files  | Names            |  Raw size
polyfills.server.mjs | polyfills.server | 570.97 kB |
main.server.mjs      | main.server      |  48.20 kB |
server.mjs           | server           |   1.86 kB |

Application bundle generation complete. [0.153 seconds]

❯ Changes detected. Rebuilding...
✔ Changes detected. Rebuilding...
Browser bundles
Initial chunk files  | Names            |  Raw size
polyfills.js         | polyfills        |  90.20 kB |
main.js              | main             |  46.89 kB |
styles.css           | styles           |  17.20 kB |

                     | Initial total    | 154.29 kB


Server bundles
Initial chunk files  | Names            |  Raw size
polyfills.server.mjs | polyfills.server | 570.97 kB |
main.server.mjs      | main.server      |  48.20 kB |
server.mjs           | server           |   1.86 kB |

Application bundle generation complete. [0.145 seconds]

❯ Changes detected. Rebuilding...
✔ Changes detected. Rebuilding...
Browser bundles
Initial chunk files  | Names            |  Raw size
polyfills.js         | polyfills        |  90.20 kB |
main.js              | main             |  46.89 kB |
styles.css           | styles           |  17.20 kB |

                     | Initial total    | 154.29 kB


Server bundles
Initial chunk files  | Names            |  Raw size
polyfills.server.mjs | polyfills.server | 570.97 kB |
main.server.mjs      | main.server      |  48.20 kB |
server.mjs           | server           |   1.86 kB |

Application bundle generation complete. [0.145 seconds]

❯ Changes detected. Rebuilding...
✔ Changes detected. Rebuilding...
Browser bundles
Initial chunk files  | Names            |  Raw size
polyfills.js         | polyfills        |  90.20 kB |
main.js              | main             |  46.89 kB |
styles.css           | styles           |  17.20 kB |

                     | Initial total    | 154.29 kB


Server bundles
Initial chunk files  | Names            |  Raw size
polyfills.server.mjs | polyfills.server | 570.97 kB |
main.server.mjs      | main.server      |  48.20 kB |
server.mjs           | server           |   1.86 kB |

Application bundle generation complete. [0.142 seconds]

❯ Changes detected. Rebuilding...
✔ Changes detected. Rebuilding...
Browser bundles
Initial chunk files  | Names            |  Raw size
polyfills.js         | polyfills        |  90.20 kB |
main.js              | main             |  46.89 kB |
styles.css           | styles           |  17.20 kB |

                     | Initial total    | 154.29 kB


Server bundles
Initial chunk files  | Names            |  Raw size
polyfills.server.mjs | polyfills.server | 570.97 kB |
main.server.mjs      | main.server      |  48.20 kB |
server.mjs           | server           |   1.86 kB |

Application bundle generation complete. [0.159 seconds]

❯ Changes detected. Rebuilding...
✔ Changes detected. Rebuilding...
Browser bundles
Initial chunk files  | Names            |  Raw size
polyfills.js         | polyfills        |  90.20 kB |
main.js              | main             |  46.89 kB |
styles.css           | styles           |  17.20 kB |

                     | Initial total    | 154.29 kB


Server bundles
Initial chunk files  | Names            |  Raw size
polyfills.server.mjs | polyfills.server | 570.97 kB |
main.server.mjs      | main.server      |  48.20 kB |
server.mjs           | server           |   1.86 kB |

Application bundle generation complete. [0.153 seconds]

❯ Changes detected. Rebuilding...
✔ Changes detected. Rebuilding...
Browser bundles
Initial chunk files  | Names            |  Raw size
polyfills.js         | polyfills        |  90.20 kB |
main.js              | main             |  46.89 kB |
styles.css           | styles           |  17.20 kB |

                     | Initial total    | 154.29 kB


Server bundles
Initial chunk files  | Names            |  Raw size
polyfills.server.mjs | polyfills.server | 570.97 kB |
main.server.mjs      | main.server      |  48.20 kB |
server.mjs           | server           |   1.86 kB |

Application bundle generation complete. [0.162 seconds]

❯ Changes detected. Rebuilding...
✔ Changes detected. Rebuilding...
Browser bundles
Initial chunk files  | Names            |  Raw size
polyfills.js         | polyfills        |  90.20 kB |
main.js              | main             |  46.89 kB |
styles.css           | styles           |  17.20 kB |

                     | Initial total    | 154.29 kB


Server bundles
Initial chunk files  | Names            |  Raw size
polyfills.server.mjs | polyfills.server | 570.97 kB |
main.server.mjs      | main.server      |  48.20 kB |
server.mjs           | server           |   1.86 kB |

Application bundle generation complete. [0.153 seconds]

❯ Changes detected. Rebuilding...
✔ Changes detected. Rebuilding...
Browser bundles
Initial chunk files  | Names            |  Raw size
polyfills.js         | polyfills        |  90.20 kB |
main.js              | main             |  46.89 kB |
styles.css           | styles           |  17.20 kB |

                     | Initial total    | 154.29 kB


Server bundles
Initial chunk files  | Names            |  Raw size
polyfills.server.mjs | polyfills.server | 570.97 kB |
main.server.mjs      | main.server      |  48.20 kB |
server.mjs           | server           |   1.86 kB |

Application bundle generation complete. [0.148 seconds]

❯ Changes detected. Rebuilding...
✔ Changes detected. Rebuilding...
Browser bundles
Initial chunk files  | Names            |  Raw size
polyfills.js         | polyfills        |  90.20 kB |
main.js              | main             |  46.89 kB |
styles.css           | styles           |  17.20 kB |

                     | Initial total    | 154.29 kB


Server bundles
Initial chunk files  | Names            |  Raw size
polyfills.server.mjs | polyfills.server | 570.97 kB |
main.server.mjs      | main.server      |  48.20 kB |
server.mjs           | server           |   1.86 kB |

Application bundle generation complete. [0.160 seconds]

❯ Changes detected. Rebuilding...
✔ Changes detected. Rebuilding...
Browser bundles
Initial chunk files  | Names            |  Raw size
polyfills.js         | polyfills        |  90.20 kB |
main.js              | main             |  46.89 kB |
styles.css           | styles           |  17.20 kB |

                     | Initial total    | 154.29 kB


Server bundles
Initial chunk files  | Names            |  Raw size
polyfills.server.mjs | polyfills.server | 570.97 kB |
main.server.mjs      | main.server      |  48.20 kB |
server.mjs           | server           |   1.86 kB |

Application bundle generation complete. [0.415 seconds]

❯ Changes detected. Rebuilding...
✔ Changes detected. Rebuilding...
Browser bundles
Initial chunk files  | Names            |  Raw size
polyfills.js         | polyfills        |  90.20 kB |
main.js              | main             |  46.89 kB |
styles.css           | styles           |  17.20 kB |

                     | Initial total    | 154.29 kB


Server bundles
Initial chunk files  | Names            |  Raw size
polyfills.server.mjs | polyfills.server | 570.97 kB |
main.server.mjs      | main.server      |  48.20 kB |
server.mjs           | server           |   1.86 kB |

Application bundle generation complete. [0.191 seconds]

❯ Changes detected. Rebuilding...
✔ Changes detected. Rebuilding...
Browser bundles
Initial chunk files  | Names            |  Raw size
polyfills.js         | polyfills        |  90.20 kB |
main.js              | main             |  46.89 kB |
styles.css           | styles           |  17.20 kB |

                     | Initial total    | 154.29 kB


Server bundles
Initial chunk files  | Names            |  Raw size
polyfills.server.mjs | polyfills.server | 570.97 kB |
main.server.mjs      | main.server      |  48.20 kB |
server.mjs           | server           |   1.86 kB |

Application bundle generation complete. [0.180 seconds]

❯ Changes detected. Rebuilding...
✔ Changes detected. Rebuilding...
Browser bundles
Initial chunk files  | Names            |  Raw size
polyfills.js         | polyfills        |  90.20 kB |
main.js              | main             |  46.89 kB |
styles.css           | styles           |  17.20 kB |

                     | Initial total    | 154.29 kB


Server bundles
Initial chunk files  | Names            |  Raw size
polyfills.server.mjs | polyfills.server | 570.97 kB |
main.server.mjs      | main.server      |  48.20 kB |
server.mjs           | server           |   1.86 kB |

Application bundle generation complete. [0.178 seconds]

❯ Changes detected. Rebuilding...
✔ Changes detected. Rebuilding...
Browser bundles
Initial chunk files  | Names            |  Raw size
polyfills.js         | polyfills        |  90.20 kB |
main.js              | main             |  46.89 kB |
styles.css           | styles           |  17.20 kB |

                     | Initial total    | 154.29 kB


Server bundles
Initial chunk files  | Names            |  Raw size
polyfills.server.mjs | polyfills.server | 570.97 kB |
main.server.mjs      | main.server      |  48.20 kB |
server.mjs           | server           |   1.86 kB |

Application bundle generation complete. [0.165 seconds]

❯ Changes detected. Rebuilding...
✔ Changes detected. Rebuilding...
Browser bundles
Initial chunk files  | Names            |  Raw size
polyfills.js         | polyfills        |  90.20 kB |
main.js              | main             |  46.89 kB |
styles.css           | styles           |  17.20 kB |

                     | Initial total    | 154.29 kB


Server bundles
Initial chunk files  | Names            |  Raw size
polyfills.server.mjs | polyfills.server | 570.97 kB |
main.server.mjs      | main.server      |  48.20 kB |
server.mjs           | server           |   1.86 kB |

Application bundle generation complete. [0.159 seconds]

❯ Changes detected. Rebuilding...
✔ Changes detected. Rebuilding...
Browser bundles
Initial chunk files  | Names            |  Raw size
polyfills.js         | polyfills        |  90.20 kB |
main.js              | main             |  46.89 kB |
styles.css           | styles           |  17.20 kB |

                     | Initial total    | 154.29 kB


Server bundles
Initial chunk files  | Names            |  Raw size
polyfills.server.mjs | polyfills.server | 570.97 kB |
main.server.mjs      | main.server      |  48.20 kB |
server.mjs           | server           |   1.86 kB |

Application bundle generation complete. [0.168 seconds]

❯ Changes detected. Rebuilding...
✔ Changes detected. Rebuilding...
Browser bundles
Initial chunk files  | Names            |  Raw size
polyfills.js         | polyfills        |  90.20 kB |
main.js              | main             |  46.89 kB |
styles.css           | styles           |  17.20 kB |

                     | Initial total    | 154.29 kB


Server bundles
Initial chunk files  | Names            |  Raw size
polyfills.server.mjs | polyfills.server | 570.97 kB |
main.server.mjs      | main.server      |  48.20 kB |
server.mjs           | server           |   1.86 kB |

Application bundle generation complete. [0.160 seconds]

❯ Changes detected. Rebuilding...
✔ Changes detected. Rebuilding...
Browser bundles
Initial chunk files  | Names            |  Raw size
polyfills.js         | polyfills        |  90.20 kB |
main.js              | main             |  46.89 kB |
styles.css           | styles           |  17.20 kB |

                     | Initial total    | 154.29 kB


Server bundles
Initial chunk files  | Names            |  Raw size
polyfills.server.mjs | polyfills.server | 570.97 kB |
main.server.mjs      | main.server      |  48.20 kB |
server.mjs           | server           |   1.86 kB |

Application bundle generation complete. [0.156 seconds]

❯ Changes detected. Rebuilding...
✔ Changes detected. Rebuilding...
Browser bundles
Initial chunk files  | Names            |  Raw size
polyfills.js         | polyfills        |  90.20 kB |
main.js              | main             |  46.89 kB |
styles.css           | styles           |  17.20 kB |

                     | Initial total    | 154.29 kB


Server bundles
Initial chunk files  | Names            |  Raw size
polyfills.server.mjs | polyfills.server | 570.97 kB |
main.server.mjs      | main.server      |  48.20 kB |
server.mjs           | server           |   1.86 kB |

Application bundle generation complete. [0.161 seconds]

❯ Changes detected. Rebuilding...
✔ Changes detected. Rebuilding...
Browser bundles
Initial chunk files  | Names            |  Raw size
polyfills.js         | polyfills        |  90.20 kB |
main.js              | main             |  46.89 kB |
styles.css           | styles           |  17.20 kB |

                     | Initial total    | 154.29 kB


Server bundles
Initial chunk files  | Names            |  Raw size
polyfills.server.mjs | polyfills.server | 570.97 kB |
main.server.mjs      | main.server      |  48.20 kB |
server.mjs           | server           |   1.86 kB |

Application bundle generation complete. [0.153 seconds]

❯ Changes detected. Rebuilding...
✔ Changes detected. Rebuilding...
Browser bundles
Initial chunk files  | Names            |  Raw size
polyfills.js         | polyfills        |  90.20 kB |
main.js              | main             |  46.89 kB |
styles.css           | styles           |  17.20 kB |

                     | Initial total    | 154.29 kB


Server bundles
Initial chunk files  | Names            |  Raw size
polyfills.server.mjs | polyfills.server | 570.97 kB |
main.server.mjs      | main.server      |  48.20 kB |
server.mjs           | server           |   1.86 kB |

Application bundle generation complete. [0.164 seconds]

❯ Changes detected. Rebuilding...
✔ Changes detected. Rebuilding...
Browser bundles
Initial chunk files  | Names            |  Raw size
polyfills.js         | polyfills        |  90.20 kB |
main.js              | main             |  46.89 kB |
styles.css           | styles           |  17.20 kB |

                     | Initial total    | 154.29 kB


Server bundles
Initial chunk files  | Names            |  Raw size
polyfills.server.mjs | polyfills.server | 570.97 kB |
main.server.mjs      | main.server      |  48.20 kB |
server.mjs           | server           |   1.86 kB |

Application bundle generation complete. [0.164 seconds]

❯ Changes detected. Rebuilding...
✔ Changes detected. Rebuilding...
Browser bundles
Initial chunk files  | Names            |  Raw size
polyfills.js         | polyfills        |  90.20 kB |
main.js              | main             |  46.89 kB |
styles.css           | styles           |  17.20 kB |

                     | Initial total    | 154.29 kB


Server bundles
Initial chunk files  | Names            |  Raw size
polyfills.server.mjs | polyfills.server | 570.97 kB |
main.server.mjs      | main.server      |  48.20 kB |
server.mjs           | server           |   1.86 kB |

Application bundle generation complete. [0.161 seconds]

❯ Changes detected. Rebuilding...
✔ Changes detected. Rebuilding...
Browser bundles
Initial chunk files  | Names            |  Raw size
polyfills.js         | polyfills        |  90.20 kB |
main.js              | main             |  46.89 kB |
styles.css           | styles           |  17.20 kB |

                     | Initial total    | 154.29 kB


Server bundles
Initial chunk files  | Names            |  Raw size
polyfills.server.mjs | polyfills.server | 570.97 kB |
main.server.mjs      | main.server      |  48.20 kB |
server.mjs           | server           |   1.86 kB |

Application bundle generation complete. [0.158 seconds]

❯ Changes detected. Rebuilding...
✔ Changes detected. Rebuilding...
Browser bundles
Initial chunk files  | Names            |  Raw size
polyfills.js         | polyfills        |  90.20 kB |
main.js              | main             |  46.89 kB |
styles.css           | styles           |  17.20 kB |

                     | Initial total    | 154.29 kB


Server bundles
Initial chunk files  | Names            |  Raw size
polyfills.server.mjs | polyfills.server | 570.97 kB |
main.server.mjs      | main.server      |  48.20 kB |
server.mjs           | server           |   1.86 kB |

Application bundle generation complete. [0.171 seconds]

❯ Changes detected. Rebuilding...
✔ Changes detected. Rebuilding...
Browser bundles
Initial chunk files  | Names            |  Raw size
polyfills.js         | polyfills        |  90.20 kB |
main.js              | main             |  46.89 kB |
styles.css           | styles           |  17.20 kB |

                     | Initial total    | 154.29 kB


Server bundles
Initial chunk files  | Names            |  Raw size
polyfills.server.mjs | polyfills.server | 570.97 kB |
main.server.mjs      | main.server      |  48.20 kB |
server.mjs           | server           |   1.86 kB |

Application bundle generation complete. [0.157 seconds]

❯ Changes detected. Rebuilding...
✔ Changes detected. Rebuilding...
Browser bundles
Initial chunk files  | Names            |  Raw size
polyfills.js         | polyfills        |  90.20 kB |
main.js              | main             |  46.89 kB |
styles.css           | styles           |  17.20 kB |

                     | Initial total    | 154.29 kB


Server bundles
Initial chunk files  | Names            |  Raw size
polyfills.server.mjs | polyfills.server | 570.97 kB |
main.server.mjs      | main.server      |  48.20 kB |
server.mjs           | server           |   1.86 kB |

Application bundle generation complete. [0.178 seconds]

❯ Changes detected. Rebuilding...
✔ Changes detected. Rebuilding...
Browser bundles
Initial chunk files  | Names            |  Raw size
polyfills.js         | polyfills        |  90.20 kB |
main.js              | main             |  46.89 kB |
styles.css           | styles           |  17.20 kB |

                     | Initial total    | 154.29 kB


Server bundles
Initial chunk files  | Names            |  Raw size
polyfills.server.mjs | polyfills.server | 570.97 kB |
main.server.mjs      | main.server      |  48.20 kB |
server.mjs           | server           |   1.86 kB |

Application bundle generation complete. [0.160 seconds]

❯ Changes detected. Rebuilding...
✔ Changes detected. Rebuilding...
Browser bundles
Initial chunk files  | Names            |  Raw size
polyfills.js         | polyfills        |  90.20 kB |
main.js              | main             |  46.89 kB |
styles.css           | styles           |  17.20 kB |

                     | Initial total    | 154.29 kB


Server bundles
Initial chunk files  | Names            |  Raw size
polyfills.server.mjs | polyfills.server | 570.97 kB |
main.server.mjs      | main.server      |  48.20 kB |
server.mjs           | server           |   1.86 kB |

Application bundle generation complete. [0.169 seconds]

❯ Changes detected. Rebuilding...
✔ Changes detected. Rebuilding...
Browser bundles
Initial chunk files  | Names            |  Raw size
polyfills.js         | polyfills        |  90.20 kB |
main.js              | main             |  46.89 kB |
styles.css           | styles           |  17.20 kB |

                     | Initial total    | 154.29 kB


Server bundles
Initial chunk files  | Names            |  Raw size
polyfills.server.mjs | polyfills.server | 570.97 kB |
main.server.mjs      | main.server      |  48.20 kB |
server.mjs           | server           |   1.86 kB |

Application bundle generation complete. [0.173 seconds]

❯ Changes detected. Rebuilding...
✔ Changes detected. Rebuilding...
Browser bundles
Initial chunk files  | Names            |  Raw size
polyfills.js         | polyfills        |  90.20 kB |
main.js              | main             |  46.89 kB |
styles.css           | styles           |  17.20 kB |

                     | Initial total    | 154.29 kB


Server bundles
Initial chunk files  | Names            |  Raw size
polyfills.server.mjs | polyfills.server | 570.97 kB |
main.server.mjs      | main.server      |  48.20 kB |
server.mjs           | server           |   1.86 kB |

Application bundle generation complete. [0.185 seconds]

❯ Changes detected. Rebuilding...
✔ Changes detected. Rebuilding...
Browser bundles
Initial chunk files  | Names            |  Raw size
polyfills.js         | polyfills        |  90.20 kB |
main.js              | main             |  46.89 kB |
styles.css           | styles           |  17.20 kB |

                     | Initial total    | 154.29 kB


Server bundles
Initial chunk files  | Names            |  Raw size
polyfills.server.mjs | polyfills.server | 570.97 kB |
main.server.mjs      | main.server      |  48.20 kB |
server.mjs           | server           |   1.86 kB |

Application bundle generation complete. [0.183 seconds]

❯ Changes detected. Rebuilding...
✔ Changes detected. Rebuilding...
Browser bundles
Initial chunk files  | Names            |  Raw size
polyfills.js         | polyfills        |  90.20 kB |
main.js              | main             |  46.89 kB |
styles.css           | styles           |  17.20 kB |

                     | Initial total    | 154.29 kB


Server bundles
Initial chunk files  | Names            |  Raw size
polyfills.server.mjs | polyfills.server | 570.97 kB |
main.server.mjs      | main.server      |  48.20 kB |
server.mjs           | server           |   1.86 kB |

Application bundle generation complete. [0.274 seconds]

❯ Changes detected. Rebuilding...
✔ Changes detected. Rebuilding...
Browser bundles
Initial chunk files  | Names            |  Raw size
polyfills.js         | polyfills        |  90.20 kB |
main.js              | main             |  46.89 kB |
styles.css           | styles           |  17.20 kB |

                     | Initial total    | 154.29 kB


Server bundles
Initial chunk files  | Names            |  Raw size
polyfills.server.mjs | polyfills.server | 570.97 kB |
main.server.mjs      | main.server      |  48.20 kB |
server.mjs           | server           |   1.86 kB |

Application bundle generation complete. [0.293 seconds]

❯ Changes detected. Rebuilding...
✔ Changes detected. Rebuilding...
Browser bundles
Initial chunk files  | Names            |  Raw size
polyfills.js         | polyfills        |  90.20 kB |
main.js              | main             |  46.89 kB |
styles.css           | styles           |  17.20 kB |

                     | Initial total    | 154.29 kB


Server bundles
Initial chunk files  | Names            |  Raw size
polyfills.server.mjs | polyfills.server | 570.97 kB |
main.server.mjs      | main.server      |  48.20 kB |
server.mjs           | server           |   1.86 kB |

Application bundle generation complete. [0.322 seconds]

❯ Changes detected. Rebuilding...
✔ Changes detected. Rebuilding...
Browser bundles
Initial chunk files  | Names            |  Raw size
polyfills.js         | polyfills        |  90.20 kB |
main.js              | main             |  46.89 kB |
styles.css           | styles           |  17.20 kB |

                     | Initial total    | 154.29 kB


Server bundles
Initial chunk files  | Names            |  Raw size
polyfills.server.mjs | polyfills.server | 570.97 kB |
main.server.mjs      | main.server      |  48.20 kB |
server.mjs           | server           |   1.86 kB |

Application bundle generation complete. [0.348 seconds]

❯ Changes detected. Rebuilding...
✔ Changes detected. Rebuilding...
Browser bundles
Initial chunk files  | Names            |  Raw size
polyfills.js         | polyfills        |  90.20 kB |
main.js              | main             |  46.89 kB |
styles.css           | styles           |  17.20 kB |

                     | Initial total    | 154.29 kB


Server bundles
Initial chunk files  | Names            |  Raw size
polyfills.server.mjs | polyfills.server | 570.97 kB |
main.server.mjs      | main.server      |  48.20 kB |
server.mjs           | server           |   1.86 kB |

Application bundle generation complete. [0.320 seconds]

❯ Changes detected. Rebuilding...
✔ Changes detected. Rebuilding...
Browser bundles
Initial chunk files  | Names            |  Raw size
polyfills.js         | polyfills        |  90.20 kB |
main.js              | main             |  46.89 kB |
styles.css           | styles           |  17.20 kB |

                     | Initial total    | 154.29 kB


Server bundles
Initial chunk files  | Names            |  Raw size
polyfills.server.mjs | polyfills.server | 570.97 kB |
main.server.mjs      | main.server      |  48.20 kB |
server.mjs           | server           |   1.86 kB |

Application bundle generation complete. [0.326 seconds]

❯ Changes detected. Rebuilding...
✔ Changes detected. Rebuilding...
Browser bundles
Initial chunk files  | Names            |  Raw size
polyfills.js         | polyfills        |  90.20 kB |
main.js              | main             |  46.89 kB |
styles.css           | styles           |  17.20 kB |

                     | Initial total    | 154.29 kB


Server bundles
Initial chunk files  | Names            |  Raw size
polyfills.server.mjs | polyfills.server | 570.97 kB |
main.server.mjs      | main.server      |  48.20 kB |
server.mjs           | server           |   1.86 kB |

Application bundle generation complete. [0.387 seconds]

❯ Changes detected. Rebuilding...
✔ Changes detected. Rebuilding...
Browser bundles
Initial chunk files  | Names            |  Raw size
polyfills.js         | polyfills        |  90.20 kB |
main.js              | main             |  46.89 kB |
styles.css           | styles           |  17.20 kB |

                     | Initial total    | 154.29 kB


Server bundles
Initial chunk files  | Names            |  Raw size
polyfills.server.mjs | polyfills.server | 570.97 kB |
main.server.mjs      | main.server      |  48.20 kB |
server.mjs           | server           |   1.86 kB |

Application bundle generation complete. [0.294 seconds]

❯ Changes detected. Rebuilding...
✔ Changes detected. Rebuilding...
Browser bundles
Initial chunk files  | Names            |  Raw size
polyfills.js         | polyfills        |  90.20 kB |
main.js              | main             |  46.89 kB |
styles.css           | styles           |  17.20 kB |

                     | Initial total    | 154.29 kB


Server bundles
Initial chunk files  | Names            |  Raw size
polyfills.server.mjs | polyfills.server | 570.97 kB |
main.server.mjs      | main.server      |  48.20 kB |
server.mjs           | server           |   1.86 kB |

Application bundle generation complete. [0.231 seconds]

❯ Changes detected. Rebuilding...
✔ Changes detected. Rebuilding...
Browser bundles
Initial chunk files  | Names            |  Raw size
polyfills.js         | polyfills        |  90.20 kB |
main.js              | main             |  46.89 kB |
styles.css           | styles           |  17.20 kB |

                     | Initial total    | 154.29 kB


Server bundles
Initial chunk files  | Names            |  Raw size
polyfills.server.mjs | polyfills.server | 570.97 kB |
main.server.mjs      | main.server      |  48.20 kB |
server.mjs           | server           |   1.86 kB |

Application bundle generation complete. [0.171 seconds]

❯ Changes detected. Rebuilding...
✔ Changes detected. Rebuilding...
Browser bundles
Initial chunk files  | Names            |  Raw size
polyfills.js         | polyfills        |  90.20 kB |
main.js              | main             |  46.89 kB |
styles.css           | styles           |  17.20 kB |

                     | Initial total    | 154.29 kB


Server bundles
Initial chunk files  | Names            |  Raw size
polyfills.server.mjs | polyfills.server | 570.97 kB |
main.server.mjs      | main.server      |  48.20 kB |
server.mjs           | server           |   1.86 kB |

Application bundle generation complete. [0.182 seconds]

❯ Changes detected. Rebuilding...
✔ Changes detected. Rebuilding...
Browser bundles
Initial chunk files  | Names            |  Raw size
polyfills.js         | polyfills        |  90.20 kB |
main.js              | main             |  46.89 kB |
styles.css           | styles           |  17.20 kB |

                     | Initial total    | 154.29 kB


Server bundles
Initial chunk files  | Names            |  Raw size
polyfills.server.mjs | polyfills.server | 570.97 kB |
main.server.mjs      | main.server      |  48.20 kB |
server.mjs           | server           |   1.86 kB |

Application bundle generation complete. [0.181 seconds]

❯ Changes detected. Rebuilding...
✔ Changes detected. Rebuilding...
Browser bundles
Initial chunk files  | Names            |  Raw size
polyfills.js         | polyfills        |  90.20 kB |
main.js              | main             |  46.89 kB |
styles.css           | styles           |  17.20 kB |

                     | Initial total    | 154.29 kB


Server bundles
Initial chunk files  | Names            |  Raw size
polyfills.server.mjs | polyfills.server | 570.97 kB |
main.server.mjs      | main.server      |  48.20 kB |
server.mjs           | server           |   1.86 kB |

Application bundle generation complete. [0.180 seconds]

❯ Changes detected. Rebuilding...
✔ Changes detected. Rebuilding...
Browser bundles
Initial chunk files  | Names            |  Raw size
polyfills.js         | polyfills        |  90.20 kB |
main.js              | main             |  46.89 kB |
styles.css           | styles           |  17.20 kB |

                     | Initial total    | 154.29 kB


Server bundles
Initial chunk files  | Names            |  Raw size
polyfills.server.mjs | polyfills.server | 570.97 kB |
main.server.mjs      | main.server      |  48.20 kB |
server.mjs           | server           |   1.86 kB |

Application bundle generation complete. [0.166 seconds]

❯ Changes detected. Rebuilding...
✔ Changes detected. Rebuilding...
Browser bundles
Initial chunk files  | Names            |  Raw size
polyfills.js         | polyfills        |  90.20 kB |
main.js              | main             |  46.89 kB |
styles.css           | styles           |  17.20 kB |

                     | Initial total    | 154.29 kB


Server bundles
Initial chunk files  | Names            |  Raw size
polyfills.server.mjs | polyfills.server | 570.97 kB |
main.server.mjs      | main.server      |  48.20 kB |
server.mjs           | server           |   1.86 kB |

Application bundle generation complete. [0.170 seconds]

❯ Changes detected. Rebuilding...
✔ Changes detected. Rebuilding...
Browser bundles
Initial chunk files  | Names            |  Raw size
polyfills.js         | polyfills        |  90.20 kB |
main.js              | main             |  46.89 kB |
styles.css           | styles           |  17.20 kB |

                     | Initial total    | 154.29 kB


Server bundles
Initial chunk files  | Names            |  Raw size
polyfills.server.mjs | polyfills.server | 570.97 kB |
main.server.mjs      | main.server      |  48.20 kB |
server.mjs           | server           |   1.86 kB |

Application bundle generation complete. [0.179 seconds]

❯ Changes detected. Rebuilding...
✔ Changes detected. Rebuilding...
Browser bundles
Initial chunk files  | Names            |  Raw size
polyfills.js         | polyfills        |  90.20 kB |
main.js              | main             |  46.89 kB |
styles.css           | styles           |  17.20 kB |

                     | Initial total    | 154.29 kB


Server bundles
Initial chunk files  | Names            |  Raw size
polyfills.server.mjs | polyfills.server | 570.97 kB |
main.server.mjs      | main.server      |  48.20 kB |
server.mjs           | server           |   1.86 kB |

Application bundle generation complete. [0.175 seconds]

❯ Changes detected. Rebuilding...
✔ Changes detected. Rebuilding...
Browser bundles
Initial chunk files  | Names            |  Raw size
polyfills.js         | polyfills        |  90.20 kB |
main.js              | main             |  46.89 kB |
styles.css           | styles           |  17.20 kB |

                     | Initial total    | 154.29 kB


Server bundles
Initial chunk files  | Names            |  Raw size
polyfills.server.mjs | polyfills.server | 570.97 kB |
main.server.mjs      | main.server      |  48.20 kB |
server.mjs           | server           |   1.86 kB |

Application bundle generation complete. [0.171 seconds]

❯ Changes detected. Rebuilding...
✔ Changes detected. Rebuilding...
Browser bundles
Initial chunk files  | Names            |  Raw size
polyfills.js         | polyfills        |  90.20 kB |
main.js              | main             |  46.89 kB |
styles.css           | styles           |  17.20 kB |

                     | Initial total    | 154.29 kB


Server bundles
Initial chunk files  | Names            |  Raw size
polyfills.server.mjs | polyfills.server | 570.97 kB |
main.server.mjs      | main.server      |  48.20 kB |
server.mjs           | server           |   1.86 kB |

Application bundle generation complete. [0.169 seconds]

❯ Changes detected. Rebuilding...
✔ Changes detected. Rebuilding...
Browser bundles
Initial chunk files  | Names            |  Raw size
polyfills.js         | polyfills        |  90.20 kB |
main.js              | main             |  46.89 kB |
styles.css           | styles           |  17.20 kB |

                     | Initial total    | 154.29 kB


Server bundles
Initial chunk files  | Names            |  Raw size
polyfills.server.mjs | polyfills.server | 570.97 kB |
main.server.mjs      | main.server      |  48.20 kB |
server.mjs           | server           |   1.86 kB |

Application bundle generation complete. [0.170 seconds]

❯ Changes detected. Rebuilding...
✔ Changes detected. Rebuilding...
Browser bundles
Initial chunk files  | Names            |  Raw size
polyfills.js         | polyfills        |  90.20 kB |
main.js              | main             |  46.89 kB |
styles.css           | styles           |  17.20 kB |

                     | Initial total    | 154.29 kB


Server bundles
Initial chunk files  | Names            |  Raw size
polyfills.server.mjs | polyfills.server | 570.97 kB |
main.server.mjs      | main.server      |  48.20 kB |
server.mjs           | server           |   1.86 kB |

Application bundle generation complete. [0.168 seconds]

❯ Changes detected. Rebuilding...
✔ Changes detected. Rebuilding...
Browser bundles
Initial chunk files  | Names            |  Raw size
polyfills.js         | polyfills        |  90.20 kB |
main.js              | main             |  46.89 kB |
styles.css           | styles           |  17.20 kB |

                     | Initial total    | 154.29 kB


Server bundles
Initial chunk files  | Names            |  Raw size
polyfills.server.mjs | polyfills.server | 570.97 kB |
main.server.mjs      | main.server      |  48.20 kB |
server.mjs           | server           |   1.86 kB |

Application bundle generation complete. [0.169 seconds]

❯ Changes detected. Rebuilding...
✔ Changes detected. Rebuilding...
Browser bundles
Initial chunk files  | Names            |  Raw size
polyfills.js         | polyfills        |  90.20 kB |
main.js              | main             |  46.89 kB |
styles.css           | styles           |  17.20 kB |

                     | Initial total    | 154.29 kB


Server bundles
Initial chunk files  | Names            |  Raw size
polyfills.server.mjs | polyfills.server | 570.97 kB |
main.server.mjs      | main.server      |  48.20 kB |
server.mjs           | server           |   1.86 kB |

Application bundle generation complete. [0.175 seconds]

❯ Changes detected. Rebuilding...
✔ Changes detected. Rebuilding...
Browser bundles
Initial chunk files  | Names            |  Raw size
polyfills.js         | polyfills        |  90.20 kB |
main.js              | main             |  46.89 kB |
styles.css           | styles           |  17.20 kB |

                     | Initial total    | 154.29 kB


Server bundles
Initial chunk files  | Names            |  Raw size
polyfills.server.mjs | polyfills.server | 570.97 kB |
main.server.mjs      | main.server      |  48.20 kB |
server.mjs           | server           |   1.86 kB |

Application bundle generation complete. [0.173 seconds]

❯ Changes detected. Rebuilding...
✔ Changes detected. Rebuilding...
Browser bundles
Initial chunk files  | Names            |  Raw size
polyfills.js         | polyfills        |  90.20 kB |
main.js              | main             |  46.89 kB |
styles.css           | styles           |  17.20 kB |

                     | Initial total    | 154.29 kB


Server bundles
Initial chunk files  | Names            |  Raw size
polyfills.server.mjs | polyfills.server | 570.97 kB |
main.server.mjs      | main.server      |  48.20 kB |
server.mjs           | server           |   1.86 kB |

Application bundle generation complete. [0.249 seconds]

❯ Changes detected. Rebuilding...
✔ Changes detected. Rebuilding...
Browser bundles
Initial chunk files  | Names            |  Raw size
polyfills.js         | polyfills        |  90.20 kB |
main.js              | main             |  46.89 kB |
styles.css           | styles           |  17.20 kB |

                     | Initial total    | 154.29 kB


Server bundles
Initial chunk files  | Names            |  Raw size
polyfills.server.mjs | polyfills.server | 570.97 kB |
main.server.mjs      | main.server      |  48.20 kB |
server.mjs           | server           |   1.86 kB |

Application bundle generation complete. [0.255 seconds]

❯ Changes detected. Rebuilding...
✔ Changes detected. Rebuilding...
Browser bundles
Initial chunk files  | Names            |  Raw size
polyfills.js         | polyfills        |  90.20 kB |
main.js              | main             |  46.89 kB |
styles.css           | styles           |  17.20 kB |

                     | Initial total    | 154.29 kB


Server bundles
Initial chunk files  | Names            |  Raw size
polyfills.server.mjs | polyfills.server | 570.97 kB |
main.server.mjs      | main.server      |  48.20 kB |
server.mjs           | server           |   1.86 kB |

Application bundle generation complete. [0.243 seconds]

❯ Changes detected. Rebuilding...
✔ Changes detected. Rebuilding...
Browser bundles
Initial chunk files  | Names            |  Raw size
polyfills.js         | polyfills        |  90.20 kB |
main.js              | main             |  46.89 kB |
styles.css           | styles           |  17.20 kB |

                     | Initial total    | 154.29 kB


Server bundles
Initial chunk files  | Names            |  Raw size
polyfills.server.mjs | polyfills.server | 570.97 kB |
main.server.mjs      | main.server      |  48.20 kB |
server.mjs           | server           |   1.86 kB |

Application bundle generation complete. [0.268 seconds]

❯ Changes detected. Rebuilding...
✔ Changes detected. Rebuilding...
Browser bundles
Initial chunk files  | Names            |  Raw size
polyfills.js         | polyfills        |  90.20 kB |
main.js              | main             |  46.89 kB |
styles.css           | styles           |  17.20 kB |

                     | Initial total    | 154.29 kB


Server bundles
Initial chunk files  | Names            |  Raw size
polyfills.server.mjs | polyfills.server | 570.97 kB |
main.server.mjs      | main.server      |  48.20 kB |
server.mjs           | server           |   1.86 kB |

Application bundle generation complete. [0.266 seconds]

❯ Changes detected. Rebuilding...
✔ Changes detected. Rebuilding...
Browser bundles
Initial chunk files  | Names            |  Raw size
polyfills.js         | polyfills        |  90.20 kB |
main.js              | main             |  46.89 kB |
styles.css           | styles           |  17.20 kB |

                     | Initial total    | 154.29 kB


Server bundles
Initial chunk files  | Names            |  Raw size
polyfills.server.mjs | polyfills.server | 570.97 kB |
main.server.mjs      | main.server      |  48.20 kB |
server.mjs           | server           |   1.86 kB |

Application bundle generation complete. [0.254 seconds]

❯ Changes detected. Rebuilding...
✔ Changes detected. Rebuilding...
Browser bundles
Initial chunk files  | Names            |  Raw size
polyfills.js         | polyfills        |  90.20 kB |
main.js              | main             |  46.89 kB |
styles.css           | styles           |  17.20 kB |

                     | Initial total    | 154.29 kB


Server bundles
Initial chunk files  | Names            |  Raw size
polyfills.server.mjs | polyfills.server | 570.97 kB |
main.server.mjs      | main.server      |  48.20 kB |
server.mjs           | server           |   1.86 kB |

Application bundle generation complete. [0.249 seconds]

❯ Changes detected. Rebuilding...
✔ Changes detected. Rebuilding...
Browser bundles
Initial chunk files  | Names            |  Raw size
polyfills.js         | polyfills        |  90.20 kB |
main.js              | main             |  46.89 kB |
styles.css           | styles           |  17.20 kB |

                     | Initial total    | 154.29 kB


Server bundles
Initial chunk files  | Names            |  Raw size
polyfills.server.mjs | polyfills.server | 570.97 kB |
main.server.mjs      | main.server      |  48.20 kB |
server.mjs           | server           |   1.86 kB |

Application bundle generation complete. [0.243 seconds]

❯ Changes detected. Rebuilding...
✔ Changes detected. Rebuilding...
Browser bundles
Initial chunk files  | Names            |  Raw size
polyfills.js         | polyfills        |  90.20 kB |
main.js              | main             |  46.89 kB |
styles.css           | styles           |  17.20 kB |

                     | Initial total    | 154.29 kB


Server bundles
Initial chunk files  | Names            |  Raw size
polyfills.server.mjs | polyfills.server | 570.97 kB |
main.server.mjs      | main.server      |  48.20 kB |
server.mjs           | server           |   1.86 kB |

Application bundle generation complete. [0.187 seconds]

❯ Changes detected. Rebuilding...
✔ Changes detected. Rebuilding...
Browser bundles
Initial chunk files  | Names            |  Raw size
polyfills.js         | polyfills        |  90.20 kB |
main.js              | main             |  46.89 kB |
styles.css           | styles           |  17.20 kB |

                     | Initial total    | 154.29 kB


Server bundles
Initial chunk files  | Names            |  Raw size
polyfills.server.mjs | polyfills.server | 570.97 kB |
main.server.mjs      | main.server      |  48.20 kB |
server.mjs           | server           |   1.86 kB |

Application bundle generation complete. [0.168 seconds]

❯ Changes detected. Rebuilding...
✔ Changes detected. Rebuilding...
Browser bundles
Initial chunk files  | Names            |  Raw size
polyfills.js         | polyfills        |  90.20 kB |
main.js              | main             |  46.89 kB |
styles.css           | styles           |  17.20 kB |

                     | Initial total    | 154.29 kB


Server bundles
Initial chunk files  | Names            |  Raw size
polyfills.server.mjs | polyfills.server | 570.97 kB |
main.server.mjs      | main.server      |  48.20 kB |
server.mjs           | server           |   1.86 kB |

Application bundle generation complete. [0.201 seconds]

❯ Changes detected. Rebuilding...
✔ Changes detected. Rebuilding...
Browser bundles
Initial chunk files  | Names            |  Raw size
polyfills.js         | polyfills        |  90.20 kB |
main.js              | main             |  46.89 kB |
styles.css           | styles           |  17.20 kB |

                     | Initial total    | 154.29 kB


Server bundles
Initial chunk files  | Names            |  Raw size
polyfills.server.mjs | polyfills.server | 570.97 kB |
main.server.mjs      | main.server      |  48.20 kB |
server.mjs           | server           |   1.86 kB |

Application bundle generation complete. [0.177 seconds]

❯ Changes detected. Rebuilding...
✔ Changes detected. Rebuilding...
Browser bundles
Initial chunk files  | Names            |  Raw size
polyfills.js         | polyfills        |  90.20 kB |
main.js              | main             |  46.89 kB |
styles.css           | styles           |  17.20 kB |

                     | Initial total    | 154.29 kB


Server bundles
Initial chunk files  | Names            |  Raw size
polyfills.server.mjs | polyfills.server | 570.97 kB |
main.server.mjs      | main.server      |  48.20 kB |
server.mjs           | server           |   1.86 kB |

Application bundle generation complete. [0.204 seconds]

❯ Changes detected. Rebuilding...
✔ Changes detected. Rebuilding...
Browser bundles
Initial chunk files  | Names            |  Raw size
polyfills.js         | polyfills        |  90.20 kB |
main.js              | main             |  46.89 kB |
styles.css           | styles           |  17.20 kB |

                     | Initial total    | 154.29 kB


Server bundles
Initial chunk files  | Names            |  Raw size
polyfills.server.mjs | polyfills.server | 570.97 kB |
main.server.mjs      | main.server      |  48.20 kB |
server.mjs           | server           |   1.86 kB |

Application bundle generation complete. [0.206 seconds]

❯ Changes detected. Rebuilding...
✔ Changes detected. Rebuilding...
Browser bundles
Initial chunk files  | Names            |  Raw size
polyfills.js         | polyfills        |  90.20 kB |
main.js              | main             |  46.89 kB |
styles.css           | styles           |  17.20 kB |

                     | Initial total    | 154.29 kB


Server bundles
Initial chunk files  | Names            |  Raw size
polyfills.server.mjs | polyfills.server | 570.97 kB |
main.server.mjs      | main.server      |  48.20 kB |
server.mjs           | server           |   1.86 kB |

Application bundle generation complete. [0.206 seconds]

❯ Changes detected. Rebuilding...
✔ Changes detected. Rebuilding...
Browser bundles
Initial chunk files  | Names            |  Raw size
polyfills.js         | polyfills        |  90.20 kB |
main.js              | main             |  46.89 kB |
styles.css           | styles           |  17.20 kB |

                     | Initial total    | 154.29 kB


Server bundles
Initial chunk files  | Names            |  Raw size
polyfills.server.mjs | polyfills.server | 570.97 kB |
main.server.mjs      | main.server      |  48.20 kB |
server.mjs           | server           |   1.86 kB |

Application bundle generation complete. [0.171 seconds]

❯ Changes detected. Rebuilding...
✔ Changes detected. Rebuilding...
Browser bundles
Initial chunk files  | Names            |  Raw size
polyfills.js         | polyfills        |  90.20 kB |
main.js              | main             |  46.89 kB |
styles.css           | styles           |  17.20 kB |

                     | Initial total    | 154.29 kB


Server bundles
Initial chunk files  | Names            |  Raw size
polyfills.server.mjs | polyfills.server | 570.97 kB |
main.server.mjs      | main.server      |  48.20 kB |
server.mjs           | server           |   1.86 kB |

Application bundle generation complete. [0.183 seconds]

❯ Changes detected. Rebuilding...
✔ Changes detected. Rebuilding...
Browser bundles
Initial chunk files  | Names            |  Raw size
polyfills.js         | polyfills        |  90.20 kB |
main.js              | main             |  46.89 kB |
styles.css           | styles           |  17.20 kB |

                     | Initial total    | 154.29 kB


Server bundles
Initial chunk files  | Names            |  Raw size
polyfills.server.mjs | polyfills.server | 570.97 kB |
main.server.mjs      | main.server      |  48.20 kB |
server.mjs           | server           |   1.86 kB |

Application bundle generation complete. [0.183 seconds]

❯ Changes detected. Rebuilding...
✔ Changes detected. Rebuilding...
Browser bundles
Initial chunk files  | Names            |  Raw size
polyfills.js         | polyfills        |  90.20 kB |
main.js              | main             |  46.89 kB |
styles.css           | styles           |  17.20 kB |

                     | Initial total    | 154.29 kB


Server bundles
Initial chunk files  | Names            |  Raw size
polyfills.server.mjs | polyfills.server | 570.97 kB |
main.server.mjs      | main.server      |  48.20 kB |
server.mjs           | server           |   1.86 kB |

Application bundle generation complete. [0.187 seconds]

❯ Changes detected. Rebuilding...
✔ Changes detected. Rebuilding...
Browser bundles
Initial chunk files  | Names            |  Raw size
polyfills.js         | polyfills        |  90.20 kB |
main.js              | main             |  46.89 kB |
styles.css           | styles           |  17.20 kB |

                     | Initial total    | 154.29 kB


Server bundles
Initial chunk files  | Names            |  Raw size
polyfills.server.mjs | polyfills.server | 570.97 kB |
main.server.mjs      | main.server      |  48.20 kB |
server.mjs           | server           |   1.86 kB |

Application bundle generation complete. [0.182 seconds]

❯ Changes detected. Rebuilding...
✔ Changes detected. Rebuilding...
Browser bundles
Initial chunk files  | Names            |  Raw size
polyfills.js         | polyfills        |  90.20 kB |
main.js              | main             |  46.89 kB |
styles.css           | styles           |  17.20 kB |

                     | Initial total    | 154.29 kB


Server bundles
Initial chunk files  | Names            |  Raw size
polyfills.server.mjs | polyfills.server | 570.97 kB |
main.server.mjs      | main.server      |  48.20 kB |
server.mjs           | server           |   1.86 kB |

Application bundle generation complete. [0.185 seconds]

❯ Changes detected. Rebuilding...
✔ Changes detected. Rebuilding...
Browser bundles
Initial chunk files  | Names            |  Raw size
polyfills.js         | polyfills        |  90.20 kB |
main.js              | main             |  46.89 kB |
styles.css           | styles           |  17.20 kB |

                     | Initial total    | 154.29 kB


Server bundles
Initial chunk files  | Names            |  Raw size
polyfills.server.mjs | polyfills.server | 570.97 kB |
main.server.mjs      | main.server      |  48.20 kB |
server.mjs           | server           |   1.86 kB |

Application bundle generation complete. [0.315 seconds]

❯ Changes detected. Rebuilding...
✔ Changes detected. Rebuilding...
Browser bundles
Initial chunk files  | Names            |  Raw size
polyfills.js         | polyfills        |  90.20 kB |
main.js              | main             |  46.89 kB |
styles.css           | styles           |  17.20 kB |

                     | Initial total    | 154.29 kB


Server bundles
Initial chunk files  | Names            |  Raw size
polyfills.server.mjs | polyfills.server | 570.97 kB |
main.server.mjs      | main.server      |  48.20 kB |
server.mjs           | server           |   1.86 kB |

Application bundle generation complete. [0.368 seconds]

❯ Changes detected. Rebuilding...
✔ Changes detected. Rebuilding...
Browser bundles
Initial chunk files  | Names            |  Raw size
polyfills.js         | polyfills        |  90.20 kB |
main.js              | main             |  46.89 kB |
styles.css           | styles           |  17.20 kB |

                     | Initial total    | 154.29 kB


Server bundles
Initial chunk files  | Names            |  Raw size
polyfills.server.mjs | polyfills.server | 570.97 kB |
main.server.mjs      | main.server      |  48.20 kB |
server.mjs           | server           |   1.86 kB |

Application bundle generation complete. [0.371 seconds]

❯ Changes detected. Rebuilding...
✔ Changes detected. Rebuilding...
Browser bundles
Initial chunk files  | Names            |  Raw size
polyfills.js         | polyfills        |  90.20 kB |
main.js              | main             |  46.89 kB |
styles.css           | styles           |  17.20 kB |

                     | Initial total    | 154.29 kB


Server bundles
Initial chunk files  | Names            |  Raw size
polyfills.server.mjs | polyfills.server | 570.97 kB |
main.server.mjs      | main.server      |  48.20 kB |
server.mjs           | server           |   1.86 kB |

Application bundle generation complete. [0.375 seconds]

❯ Changes detected. Rebuilding...
✔ Changes detected. Rebuilding...
Browser bundles
Initial chunk files  | Names            |  Raw size
polyfills.js         | polyfills        |  90.20 kB |
main.js              | main             |  46.89 kB |
styles.css           | styles           |  17.20 kB |

                     | Initial total    | 154.29 kB


Server bundles
Initial chunk files  | Names            |  Raw size
polyfills.server.mjs | polyfills.server | 570.97 kB |
main.server.mjs      | main.server      |  48.20 kB |
server.mjs           | server           |   1.86 kB |

Application bundle generation complete. [0.385 seconds]

❯ Changes detected. Rebuilding...
✔ Changes detected. Rebuilding...
Browser bundles
Initial chunk files  | Names            |  Raw size
polyfills.js         | polyfills        |  90.20 kB |
main.js              | main             |  46.89 kB |
styles.css           | styles           |  17.20 kB |

                     | Initial total    | 154.29 kB


Server bundles
Initial chunk files  | Names            |  Raw size
polyfills.server.mjs | polyfills.server | 570.97 kB |
main.server.mjs      | main.server      |  48.20 kB |
server.mjs           | server           |   1.86 kB |

Application bundle generation complete. [0.375 seconds]

❯ Changes detected. Rebuilding...
✔ Changes detected. Rebuilding...
Browser bundles
Initial chunk files  | Names            |  Raw size
polyfills.js         | polyfills        |  90.20 kB |
main.js              | main             |  46.89 kB |
styles.css           | styles           |  17.20 kB |

                     | Initial total    | 154.29 kB


Server bundles
Initial chunk files  | Names            |  Raw size
polyfills.server.mjs | polyfills.server | 570.97 kB |
main.server.mjs      | main.server      |  48.20 kB |
server.mjs           | server           |   1.86 kB |

Application bundle generation complete. [0.370 seconds]

❯ Changes detected. Rebuilding...
✔ Changes detected. Rebuilding...
Browser bundles
Initial chunk files  | Names            |  Raw size
polyfills.js         | polyfills        |  90.20 kB |
main.js              | main             |  46.89 kB |
styles.css           | styles           |  17.20 kB |

                     | Initial total    | 154.29 kB


Server bundles
Initial chunk files  | Names            |  Raw size
polyfills.server.mjs | polyfills.server | 570.97 kB |
main.server.mjs      | main.server      |  48.20 kB |
server.mjs           | server           |   1.86 kB |

Application bundle generation complete. [0.236 seconds]

❯ Changes detected. Rebuilding...
✔ Changes detected. Rebuilding...
Browser bundles
Initial chunk files  | Names            |  Raw size
polyfills.js         | polyfills        |  90.20 kB |
main.js              | main             |  46.89 kB |
styles.css           | styles           |  17.20 kB |

                     | Initial total    | 154.29 kB


Server bundles
Initial chunk files  | Names            |  Raw size
polyfills.server.mjs | polyfills.server | 570.97 kB |
main.server.mjs      | main.server      |  48.20 kB |
server.mjs           | server           |   1.86 kB |

Application bundle generation complete. [0.230 seconds]

❯ Changes detected. Rebuilding...
✔ Changes detected. Rebuilding...
Browser bundles
Initial chunk files  | Names            |  Raw size
polyfills.js         | polyfills        |  90.20 kB |
main.js              | main             |  46.89 kB |
styles.css           | styles           |  17.20 kB |

                     | Initial total    | 154.29 kB


Server bundles
Initial chunk files  | Names            |  Raw size
polyfills.server.mjs | polyfills.server | 570.97 kB |
main.server.mjs      | main.server      |  48.20 kB |
server.mjs           | server           |   1.86 kB |

Application bundle generation complete. [0.231 seconds]

❯ Changes detected. Rebuilding...
✔ Changes detected. Rebuilding...
Browser bundles
Initial chunk files  | Names            |  Raw size
polyfills.js         | polyfills        |  90.20 kB |
main.js              | main             |  46.89 kB |
styles.css           | styles           |  17.20 kB |

                     | Initial total    | 154.29 kB


Server bundles
Initial chunk files  | Names            |  Raw size
polyfills.server.mjs | polyfills.server | 570.97 kB |
main.server.mjs      | main.server      |  48.20 kB |
server.mjs           | server           |   1.86 kB |

Application bundle generation complete. [0.212 seconds]

❯ Changes detected. Rebuilding...
✔ Changes detected. Rebuilding...
Browser bundles
Initial chunk files  | Names            |  Raw size
polyfills.js         | polyfills        |  90.20 kB |
main.js              | main             |  46.89 kB |
styles.css           | styles           |  17.20 kB |

                     | Initial total    | 154.29 kB


Server bundles
Initial chunk files  | Names            |  Raw size
polyfills.server.mjs | polyfills.server | 570.97 kB |
main.server.mjs      | main.server      |  48.20 kB |
server.mjs           | server           |   1.86 kB |

Application bundle generation complete. [0.194 seconds]

❯ Changes detected. Rebuilding...
✔ Changes detected. Rebuilding...
Browser bundles
Initial chunk files  | Names            |  Raw size
polyfills.js         | polyfills        |  90.20 kB |
main.js              | main             |  46.89 kB |
styles.css           | styles           |  17.20 kB |

                     | Initial total    | 154.29 kB


Server bundles
Initial chunk files  | Names            |  Raw size
polyfills.server.mjs | polyfills.server | 570.97 kB |
main.server.mjs      | main.server      |  48.20 kB |
server.mjs           | server           |   1.86 kB |

Application bundle generation complete. [0.207 seconds]

❯ Changes detected. Rebuilding...
✔ Changes detected. Rebuilding...
Browser bundles
Initial chunk files  | Names            |  Raw size
polyfills.js         | polyfills        |  90.20 kB |
main.js              | main             |  46.89 kB |
styles.css           | styles           |  17.20 kB |

                     | Initial total    | 154.29 kB


Server bundles
Initial chunk files  | Names            |  Raw size
polyfills.server.mjs | polyfills.server | 570.97 kB |
main.server.mjs      | main.server      |  48.20 kB |
server.mjs           | server           |   1.86 kB |

Application bundle generation complete. [0.224 seconds]

❯ Changes detected. Rebuilding...
✔ Changes detected. Rebuilding...
Browser bundles
Initial chunk files  | Names            |  Raw size
polyfills.js         | polyfills        |  90.20 kB |
main.js              | main             |  46.89 kB |
styles.css           | styles           |  17.20 kB |

                     | Initial total    | 154.29 kB


Server bundles
Initial chunk files  | Names            |  Raw size
polyfills.server.mjs | polyfills.server | 570.97 kB |
main.server.mjs      | main.server      |  48.20 kB |
server.mjs           | server           |   1.86 kB |

Application bundle generation complete. [0.235 seconds]

❯ Changes detected. Rebuilding...
✔ Changes detected. Rebuilding...
Browser bundles
Initial chunk files  | Names            |  Raw size
polyfills.js         | polyfills        |  90.20 kB |
main.js              | main             |  46.89 kB |
styles.css           | styles           |  17.20 kB |

                     | Initial total    | 154.29 kB


Server bundles
Initial chunk files  | Names            |  Raw size
polyfills.server.mjs | polyfills.server | 570.97 kB |
main.server.mjs      | main.server      |  48.20 kB |
server.mjs           | server           |   1.86 kB |

Application bundle generation complete. [0.208 seconds]

❯ Changes detected. Rebuilding...
✔ Changes detected. Rebuilding...
Browser bundles
Initial chunk files  | Names            |  Raw size
polyfills.js         | polyfills        |  90.20 kB |
main.js              | main             |  46.89 kB |
styles.css           | styles           |  17.20 kB |

                     | Initial total    | 154.29 kB


Server bundles
Initial chunk files  | Names            |  Raw size
polyfills.server.mjs | polyfills.server | 570.97 kB |
main.server.mjs      | main.server      |  48.20 kB |
server.mjs           | server           |   1.86 kB |

Application bundle generation complete. [0.183 seconds]

❯ Changes detected. Rebuilding...
✔ Changes detected. Rebuilding...
Browser bundles
Initial chunk files  | Names            |  Raw size
polyfills.js         | polyfills        |  90.20 kB |
main.js              | main             |  46.89 kB |
styles.css           | styles           |  17.20 kB |

                     | Initial total    | 154.29 kB


Server bundles
Initial chunk files  | Names            |  Raw size
polyfills.server.mjs | polyfills.server | 570.97 kB |
main.server.mjs      | main.server      |  48.20 kB |
server.mjs           | server           |   1.86 kB |

Application bundle generation complete. [0.279 seconds]

❯ Changes detected. Rebuilding...
✔ Changes detected. Rebuilding...
Browser bundles
Initial chunk files  | Names            |  Raw size
polyfills.js         | polyfills        |  90.20 kB |
main.js              | main             |  46.89 kB |
styles.css           | styles           |  17.20 kB |

                     | Initial total    | 154.29 kB


Server bundles
Initial chunk files  | Names            |  Raw size
polyfills.server.mjs | polyfills.server | 570.97 kB |
main.server.mjs      | main.server      |  48.20 kB |
server.mjs           | server           |   1.86 kB |

Application bundle generation complete. [0.212 seconds]

❯ Changes detected. Rebuilding...
✔ Changes detected. Rebuilding...
Browser bundles
Initial chunk files  | Names            |  Raw size
polyfills.js         | polyfills        |  90.20 kB |
main.js              | main             |  46.89 kB |
styles.css           | styles           |  17.20 kB |

                     | Initial total    | 154.29 kB


Server bundles
Initial chunk files  | Names            |  Raw size
polyfills.server.mjs | polyfills.server | 570.97 kB |
main.server.mjs      | main.server      |  48.20 kB |
server.mjs           | server           |   1.86 kB |

Application bundle generation complete. [0.202 seconds]

❯ Changes detected. Rebuilding...
✔ Changes detected. Rebuilding...
Browser bundles
Initial chunk files  | Names            |  Raw size
polyfills.js         | polyfills        |  90.20 kB |
main.js              | main             |  46.89 kB |
styles.css           | styles           |  17.20 kB |

                     | Initial total    | 154.29 kB


Server bundles
Initial chunk files  | Names            |  Raw size
polyfills.server.mjs | polyfills.server | 570.97 kB |
main.server.mjs      | main.server      |  48.20 kB |
server.mjs           | server           |   1.86 kB |

Application bundle generation complete. [0.213 seconds]

❯ Changes detected. Rebuilding...
✔ Changes detected. Rebuilding...
Browser bundles
Initial chunk files  | Names            |  Raw size
polyfills.js         | polyfills        |  90.20 kB |
main.js              | main             |  46.89 kB |
styles.css           | styles           |  17.20 kB |

                     | Initial total    | 154.29 kB


Server bundles
Initial chunk files  | Names            |  Raw size
polyfills.server.mjs | polyfills.server | 570.97 kB |
main.server.mjs      | main.server      |  48.20 kB |
server.mjs           | server           |   1.86 kB |

Application bundle generation complete. [0.217 seconds]

❯ Changes detected. Rebuilding...
✔ Changes detected. Rebuilding...
Browser bundles
Initial chunk files  | Names            |  Raw size
polyfills.js         | polyfills        |  90.20 kB |
main.js              | main             |  46.89 kB |
styles.css           | styles           |  17.20 kB |

                     | Initial total    | 154.29 kB


Server bundles
Initial chunk files  | Names            |  Raw size
polyfills.server.mjs | polyfills.server | 570.97 kB |
main.server.mjs      | main.server      |  48.20 kB |
server.mjs           | server           |   1.86 kB |

Application bundle generation complete. [0.189 seconds]

❯ Changes detected. Rebuilding...
✔ Changes detected. Rebuilding...
Browser bundles
Initial chunk files  | Names            |  Raw size
polyfills.js         | polyfills        |  90.20 kB |
main.js              | main             |  46.89 kB |
styles.css           | styles           |  17.20 kB |

                     | Initial total    | 154.29 kB


Server bundles
Initial chunk files  | Names            |  Raw size
polyfills.server.mjs | polyfills.server | 570.97 kB |
main.server.mjs      | main.server      |  48.20 kB |
server.mjs           | server           |   1.86 kB |

Application bundle generation complete. [0.193 seconds]

❯ Changes detected. Rebuilding...
✔ Changes detected. Rebuilding...
Browser bundles
Initial chunk files  | Names            |  Raw size
polyfills.js         | polyfills        |  90.20 kB |
main.js              | main             |  46.89 kB |
styles.css           | styles           |  17.20 kB |

                     | Initial total    | 154.29 kB


Server bundles
Initial chunk files  | Names            |  Raw size
polyfills.server.mjs | polyfills.server | 570.97 kB |
main.server.mjs      | main.server      |  48.20 kB |
server.mjs           | server           |   1.86 kB |

Application bundle generation complete. [0.196 seconds]

❯ Changes detected. Rebuilding...
✔ Changes detected. Rebuilding...
Browser bundles
Initial chunk files  | Names            |  Raw size
polyfills.js         | polyfills        |  90.20 kB |
main.js              | main             |  46.89 kB |
styles.css           | styles           |  17.20 kB |

                     | Initial total    | 154.29 kB


Server bundles
Initial chunk files  | Names            |  Raw size
polyfills.server.mjs | polyfills.server | 570.97 kB |
main.server.mjs      | main.server      |  48.20 kB |
server.mjs           | server           |   1.86 kB |

Application bundle generation complete. [0.200 seconds]

❯ Changes detected. Rebuilding...
✔ Changes detected. Rebuilding...
Browser bundles
Initial chunk files  | Names            |  Raw size
polyfills.js         | polyfills        |  90.20 kB |
main.js              | main             |  46.89 kB |
styles.css           | styles           |  17.20 kB |

                     | Initial total    | 154.29 kB


Server bundles
Initial chunk files  | Names            |  Raw size
polyfills.server.mjs | polyfills.server | 570.97 kB |
main.server.mjs      | main.server      |  48.20 kB |
server.mjs           | server           |   1.86 kB |

Application bundle generation complete. [0.193 seconds]

❯ Changes detected. Rebuilding...
✔ Changes detected. Rebuilding...
Browser bundles
Initial chunk files  | Names            |  Raw size
polyfills.js         | polyfills        |  90.20 kB |
main.js              | main             |  46.89 kB |
styles.css           | styles           |  17.20 kB |

                     | Initial total    | 154.29 kB


Server bundles
Initial chunk files  | Names            |  Raw size
polyfills.server.mjs | polyfills.server | 570.97 kB |
main.server.mjs      | main.server      |  48.20 kB |
server.mjs           | server           |   1.86 kB |

Application bundle generation complete. [0.190 seconds]

❯ Changes detected. Rebuilding...
✔ Changes detected. Rebuilding...
Browser bundles
Initial chunk files  | Names            |  Raw size
polyfills.js         | polyfills        |  90.20 kB |
main.js              | main             |  46.89 kB |
styles.css           | styles           |  17.20 kB |

                     | Initial total    | 154.29 kB


Server bundles
Initial chunk files  | Names            |  Raw size
polyfills.server.mjs | polyfills.server | 570.97 kB |
main.server.mjs      | main.server      |  48.20 kB |
server.mjs           | server           |   1.86 kB |

Application bundle generation complete. [0.196 seconds]

❯ Changes detected. Rebuilding...
✔ Changes detected. Rebuilding...
Browser bundles
Initial chunk files  | Names            |  Raw size
polyfills.js         | polyfills        |  90.20 kB |
main.js              | main             |  46.89 kB |
styles.css           | styles           |  17.20 kB |

                     | Initial total    | 154.29 kB


Server bundles
Initial chunk files  | Names            |  Raw size
polyfills.server.mjs | polyfills.server | 570.97 kB |
main.server.mjs      | main.server      |  48.20 kB |
server.mjs           | server           |   1.86 kB |

Application bundle generation complete. [0.231 seconds]

❯ Changes detected. Rebuilding...
✔ Changes detected. Rebuilding...
Browser bundles
Initial chunk files  | Names            |  Raw size
polyfills.js         | polyfills        |  90.20 kB |
main.js              | main             |  46.89 kB |
styles.css           | styles           |  17.20 kB |

                     | Initial total    | 154.29 kB


Server bundles
Initial chunk files  | Names            |  Raw size
polyfills.server.mjs | polyfills.server | 570.97 kB |
main.server.mjs      | main.server      |  48.20 kB |
server.mjs           | server           |   1.86 kB |

Application bundle generation complete. [0.240 seconds]

❯ Changes detected. Rebuilding...
✔ Changes detected. Rebuilding...
Browser bundles
Initial chunk files  | Names            |  Raw size
polyfills.js         | polyfills        |  90.20 kB |
main.js              | main             |  46.89 kB |
styles.css           | styles           |  17.20 kB |

                     | Initial total    | 154.29 kB


Server bundles
Initial chunk files  | Names            |  Raw size
polyfills.server.mjs | polyfills.server | 570.97 kB |
main.server.mjs      | main.server      |  48.20 kB |
server.mjs           | server           |   1.86 kB |

Application bundle generation complete. [0.245 seconds]

❯ Changes detected. Rebuilding...
✔ Changes detected. Rebuilding...
Browser bundles
Initial chunk files  | Names            |  Raw size
polyfills.js         | polyfills        |  90.20 kB |
main.js              | main             |  46.89 kB |
styles.css           | styles           |  17.20 kB |

                     | Initial total    | 154.29 kB


Server bundles
Initial chunk files  | Names            |  Raw size
polyfills.server.mjs | polyfills.server | 570.97 kB |
main.server.mjs      | main.server      |  48.20 kB |
server.mjs           | server           |   1.86 kB |

Application bundle generation complete. [0.207 seconds]

❯ Changes detected. Rebuilding...
✔ Changes detected. Rebuilding...
Browser bundles
Initial chunk files  | Names            |  Raw size
polyfills.js         | polyfills        |  90.20 kB |
main.js              | main             |  46.89 kB |
styles.css           | styles           |  17.20 kB |

                     | Initial total    | 154.29 kB


Server bundles
Initial chunk files  | Names            |  Raw size
polyfills.server.mjs | polyfills.server | 570.97 kB |
main.server.mjs      | main.server      |  48.20 kB |
server.mjs           | server           |   1.86 kB |

Application bundle generation complete. [0.214 seconds]

❯ Changes detected. Rebuilding...
✔ Changes detected. Rebuilding...
Browser bundles
Initial chunk files  | Names            |  Raw size
polyfills.js         | polyfills        |  90.20 kB |
main.js              | main             |  46.89 kB |
styles.css           | styles           |  17.20 kB |

                     | Initial total    | 154.29 kB


Server bundles
Initial chunk files  | Names            |  Raw size
polyfills.server.mjs | polyfills.server | 570.97 kB |
main.server.mjs      | main.server      |  48.20 kB |
server.mjs           | server           |   1.86 kB |

Application bundle generation complete. [0.222 seconds]

❯ Changes detected. Rebuilding...
✔ Changes detected. Rebuilding...
Browser bundles
Initial chunk files  | Names            |  Raw size
polyfills.js         | polyfills        |  90.20 kB |
main.js              | main             |  46.89 kB |
styles.css           | styles           |  17.20 kB |

                     | Initial total    | 154.29 kB


Server bundles
Initial chunk files  | Names            |  Raw size
polyfills.server.mjs | polyfills.server | 570.97 kB |
main.server.mjs      | main.server      |  48.20 kB |
server.mjs           | server           |   1.86 kB |

Application bundle generation complete. [0.234 seconds]

❯ Changes detected. Rebuilding...
✔ Changes detected. Rebuilding...
Browser bundles
Initial chunk files  | Names            |  Raw size
polyfills.js         | polyfills        |  90.20 kB |
main.js              | main             |  46.89 kB |
styles.css           | styles           |  17.20 kB |

                     | Initial total    | 154.29 kB


Server bundles
Initial chunk files  | Names            |  Raw size
polyfills.server.mjs | polyfills.server | 570.97 kB |
main.server.mjs      | main.server      |  48.20 kB |
server.mjs           | server           |   1.86 kB |

Application bundle generation complete. [0.239 seconds]

❯ Changes detected. Rebuilding...
✔ Changes detected. Rebuilding...
Browser bundles
Initial chunk files  | Names            |  Raw size
polyfills.js         | polyfills        |  90.20 kB |
main.js              | main             |  46.89 kB |
styles.css           | styles           |  17.20 kB |

                     | Initial total    | 154.29 kB


Server bundles
Initial chunk files  | Names            |  Raw size
polyfills.server.mjs | polyfills.server | 570.97 kB |
main.server.mjs      | main.server      |  48.20 kB |
server.mjs           | server           |   1.86 kB |

Application bundle generation complete. [0.229 seconds]

❯ Changes detected. Rebuilding...
✔ Changes detected. Rebuilding...
Browser bundles
Initial chunk files  | Names            |  Raw size
polyfills.js         | polyfills        |  90.20 kB |
main.js              | main             |  46.89 kB |
styles.css           | styles           |  17.20 kB |

                     | Initial total    | 154.29 kB


Server bundles
Initial chunk files  | Names            |  Raw size
polyfills.server.mjs | polyfills.server | 570.97 kB |
main.server.mjs      | main.server      |  48.20 kB |
server.mjs           | server           |   1.86 kB |

Application bundle generation complete. [0.236 seconds]

❯ Changes detected. Rebuilding...
✔ Changes detected. Rebuilding...
Browser bundles
Initial chunk files  | Names            |  Raw size
polyfills.js         | polyfills        |  90.20 kB |
main.js              | main             |  46.89 kB |
styles.css           | styles           |  17.20 kB |

                     | Initial total    | 154.29 kB


Server bundles
Initial chunk files  | Names            |  Raw size
polyfills.server.mjs | polyfills.server | 570.97 kB |
main.server.mjs      | main.server      |  48.20 kB |
server.mjs           | server           |   1.86 kB |

Application bundle generation complete. [0.221 seconds]

❯ Changes detected. Rebuilding...
✔ Changes detected. Rebuilding...
Browser bundles
Initial chunk files  | Names            |  Raw size
polyfills.js         | polyfills        |  90.20 kB |
main.js              | main             |  46.89 kB |
styles.css           | styles           |  17.20 kB |

                     | Initial total    | 154.29 kB


Server bundles
Initial chunk files  | Names            |  Raw size
polyfills.server.mjs | polyfills.server | 570.97 kB |
main.server.mjs      | main.server      |  48.20 kB |
server.mjs           | server           |   1.86 kB |

Application bundle generation complete. [0.206 seconds]

❯ Changes detected. Rebuilding...
✔ Changes detected. Rebuilding...
Browser bundles
Initial chunk files  | Names            |  Raw size
polyfills.js         | polyfills        |  90.20 kB |
main.js              | main             |  46.89 kB |
styles.css           | styles           |  17.20 kB |

                     | Initial total    | 154.29 kB


Server bundles
Initial chunk files  | Names            |  Raw size
polyfills.server.mjs | polyfills.server | 570.97 kB |
main.server.mjs      | main.server      |  48.20 kB |
server.mjs           | server           |   1.86 kB |

Application bundle generation complete. [0.210 seconds]

❯ Changes detected. Rebuilding...
✔ Changes detected. Rebuilding...
Browser bundles
Initial chunk files  | Names            |  Raw size
polyfills.js         | polyfills        |  90.20 kB |
main.js              | main             |  46.89 kB |
styles.css           | styles           |  17.20 kB |

                     | Initial total    | 154.29 kB


Server bundles
Initial chunk files  | Names            |  Raw size
polyfills.server.mjs | polyfills.server | 570.97 kB |
main.server.mjs      | main.server      |  48.20 kB |
server.mjs           | server           |   1.86 kB |

Application bundle generation complete. [0.217 seconds]

❯ Changes detected. Rebuilding...
✔ Changes detected. Rebuilding...
Browser bundles
Initial chunk files  | Names            |  Raw size
polyfills.js         | polyfills        |  90.20 kB |
main.js              | main             |  46.89 kB |
styles.css           | styles           |  17.20 kB |

                     | Initial total    | 154.29 kB


Server bundles
Initial chunk files  | Names            |  Raw size
polyfills.server.mjs | polyfills.server | 570.97 kB |
main.server.mjs      | main.server      |  48.20 kB |
server.mjs           | server           |   1.86 kB |

Application bundle generation complete. [0.234 seconds]

❯ Changes detected. Rebuilding...
✔ Changes detected. Rebuilding...
Browser bundles
Initial chunk files  | Names            |  Raw size
polyfills.js         | polyfills        |  90.20 kB |
main.js              | main             |  46.89 kB |
styles.css           | styles           |  17.20 kB |

                     | Initial total    | 154.29 kB


Server bundles
Initial chunk files  | Names            |  Raw size
polyfills.server.mjs | polyfills.server | 570.97 kB |
main.server.mjs      | main.server      |  48.20 kB |
server.mjs           | server           |   1.86 kB |

Application bundle generation complete. [0.259 seconds]

❯ Changes detected. Rebuilding...
✔ Changes detected. Rebuilding...
Browser bundles
Initial chunk files  | Names            |  Raw size
polyfills.js         | polyfills        |  90.20 kB |
main.js              | main             |  46.89 kB |
styles.css           | styles           |  17.20 kB |

                     | Initial total    | 154.29 kB


Server bundles
Initial chunk files  | Names            |  Raw size
polyfills.server.mjs | polyfills.server | 570.97 kB |
main.server.mjs      | main.server      |  48.20 kB |
server.mjs           | server           |   1.86 kB |

Application bundle generation complete. [0.242 seconds]

❯ Changes detected. Rebuilding...
✔ Changes detected. Rebuilding...
Browser bundles
Initial chunk files  | Names            |  Raw size
polyfills.js         | polyfills        |  90.20 kB |
main.js              | main             |  46.89 kB |
styles.css           | styles           |  17.20 kB |

                     | Initial total    | 154.29 kB


Server bundles
Initial chunk files  | Names            |  Raw size
polyfills.server.mjs | polyfills.server | 570.97 kB |
main.server.mjs      | main.server      |  48.20 kB |
server.mjs           | server           |   1.86 kB |

Application bundle generation complete. [0.215 seconds]

❯ Changes detected. Rebuilding...
✔ Changes detected. Rebuilding...
Browser bundles
Initial chunk files  | Names            |  Raw size
polyfills.js         | polyfills        |  90.20 kB |
main.js              | main             |  46.89 kB |
styles.css           | styles           |  17.20 kB |

                     | Initial total    | 154.29 kB


Server bundles
Initial chunk files  | Names            |  Raw size
polyfills.server.mjs | polyfills.server | 570.97 kB |
main.server.mjs      | main.server      |  48.20 kB |
server.mjs           | server           |   1.86 kB |

Application bundle generation complete. [0.215 seconds]

❯ Changes detected. Rebuilding...
✔ Changes detected. Rebuilding...
Browser bundles
Initial chunk files  | Names            |  Raw size
polyfills.js         | polyfills        |  90.20 kB |
main.js              | main             |  46.89 kB |
styles.css           | styles           |  17.20 kB |

                     | Initial total    | 154.29 kB


Server bundles
Initial chunk files  | Names            |  Raw size
polyfills.server.mjs | polyfills.server | 570.97 kB |
main.server.mjs      | main.server      |  48.20 kB |
server.mjs           | server           |   1.86 kB |

Application bundle generation complete. [0.213 seconds]

❯ Changes detected. Rebuilding...
✔ Changes detected. Rebuilding...
Browser bundles
Initial chunk files  | Names            |  Raw size
polyfills.js         | polyfills        |  90.20 kB |
main.js              | main             |  46.89 kB |
styles.css           | styles           |  17.20 kB |

                     | Initial total    | 154.29 kB


Server bundles
Initial chunk files  | Names            |  Raw size
polyfills.server.mjs | polyfills.server | 570.97 kB |
main.server.mjs      | main.server      |  48.20 kB |
server.mjs           | server           |   1.86 kB |

Application bundle generation complete. [0.216 seconds]

❯ Changes detected. Rebuilding...
✔ Changes detected. Rebuilding...
Browser bundles
Initial chunk files  | Names            |  Raw size
polyfills.js         | polyfills        |  90.20 kB |
main.js              | main             |  46.89 kB |
styles.css           | styles           |  17.20 kB |

                     | Initial total    | 154.29 kB


Server bundles
Initial chunk files  | Names            |  Raw size
polyfills.server.mjs | polyfills.server | 570.97 kB |
main.server.mjs      | main.server      |  48.20 kB |
server.mjs           | server           |   1.86 kB |

Application bundle generation complete. [0.221 seconds]

❯ Changes detected. Rebuilding...
✔ Changes detected. Rebuilding...
Browser bundles
Initial chunk files  | Names            |  Raw size
polyfills.js         | polyfills        |  90.20 kB |
main.js              | main             |  46.89 kB |
styles.css           | styles           |  17.20 kB |

                     | Initial total    | 154.29 kB


Server bundles
Initial chunk files  | Names            |  Raw size
polyfills.server.mjs | polyfills.server | 570.97 kB |
main.server.mjs      | main.server      |  48.20 kB |
server.mjs           | server           |   1.86 kB |

Application bundle generation complete. [0.217 seconds]

❯ Changes detected. Rebuilding...
✔ Changes detected. Rebuilding...
Browser bundles
Initial chunk files  | Names            |  Raw size
polyfills.js         | polyfills        |  90.20 kB |
main.js              | main             |  46.89 kB |
styles.css           | styles           |  17.20 kB |

                     | Initial total    | 154.29 kB


Server bundles
Initial chunk files  | Names            |  Raw size
polyfills.server.mjs | polyfills.server | 570.97 kB |
main.server.mjs      | main.server      |  48.20 kB |
server.mjs           | server           |   1.86 kB |

Application bundle generation complete. [0.246 seconds]

❯ Changes detected. Rebuilding...
✔ Changes detected. Rebuilding...
Browser bundles
Initial chunk files  | Names            |  Raw size
polyfills.js         | polyfills        |  90.20 kB |
main.js              | main             |  46.89 kB |
styles.css           | styles           |  17.20 kB |

                     | Initial total    | 154.29 kB


Server bundles
Initial chunk files  | Names            |  Raw size
polyfills.server.mjs | polyfills.server | 570.97 kB |
main.server.mjs      | main.server      |  48.20 kB |
server.mjs           | server           |   1.86 kB |

Application bundle generation complete. [0.238 seconds]

❯ Changes detected. Rebuilding...
✔ Changes detected. Rebuilding...
Browser bundles
Initial chunk files  | Names            |  Raw size
polyfills.js         | polyfills        |  90.20 kB |
main.js              | main             |  46.89 kB |
styles.css           | styles           |  17.20 kB |

                     | Initial total    | 154.29 kB


Server bundles
Initial chunk files  | Names            |  Raw size
polyfills.server.mjs | polyfills.server | 570.97 kB |
main.server.mjs      | main.server      |  48.20 kB |
server.mjs           | server           |   1.86 kB |

Application bundle generation complete. [0.310 seconds]

❯ Changes detected. Rebuilding...
✔ Changes detected. Rebuilding...
Browser bundles
Initial chunk files  | Names            |  Raw size
polyfills.js         | polyfills        |  90.20 kB |
main.js              | main             |  46.89 kB |
styles.css           | styles           |  17.20 kB |

                     | Initial total    | 154.29 kB


Server bundles
Initial chunk files  | Names            |  Raw size
polyfills.server.mjs | polyfills.server | 570.97 kB |
main.server.mjs      | main.server      |  48.20 kB |
server.mjs           | server           |   1.86 kB |

Application bundle generation complete. [0.244 seconds]

❯ Changes detected. Rebuilding...
✔ Changes detected. Rebuilding...
Browser bundles
Initial chunk files  | Names            |  Raw size
polyfills.js         | polyfills        |  90.20 kB |
main.js              | main             |  46.89 kB |
styles.css           | styles           |  17.20 kB |

                     | Initial total    | 154.29 kB


Server bundles
Initial chunk files  | Names            |  Raw size
polyfills.server.mjs | polyfills.server | 570.97 kB |
main.server.mjs      | main.server      |  48.20 kB |
server.mjs           | server           |   1.86 kB |

Application bundle generation complete. [0.218 seconds]

❯ Changes detected. Rebuilding...
✔ Changes detected. Rebuilding...
Browser bundles
Initial chunk files  | Names            |  Raw size
polyfills.js         | polyfills        |  90.20 kB |
main.js              | main             |  46.89 kB |
styles.css           | styles           |  17.20 kB |

                     | Initial total    | 154.29 kB


Server bundles
Initial chunk files  | Names            |  Raw size
polyfills.server.mjs | polyfills.server | 570.97 kB |
main.server.mjs      | main.server      |  48.20 kB |
server.mjs           | server           |   1.86 kB |

Application bundle generation complete. [0.246 seconds]

❯ Changes detected. Rebuilding...
✔ Changes detected. Rebuilding...
Browser bundles
Initial chunk files  | Names            |  Raw size
polyfills.js         | polyfills        |  90.20 kB |
main.js              | main             |  46.89 kB |
styles.css           | styles           |  17.20 kB |

                     | Initial total    | 154.29 kB


Server bundles
Initial chunk files  | Names            |  Raw size
polyfills.server.mjs | polyfills.server | 570.97 kB |
main.server.mjs      | main.server      |  48.20 kB |
server.mjs           | server           |   1.86 kB |

Application bundle generation complete. [0.261 seconds]

❯ Changes detected. Rebuilding...
✔ Changes detected. Rebuilding...
Browser bundles
Initial chunk files  | Names            |  Raw size
polyfills.js         | polyfills        |  90.20 kB |
main.js              | main             |  46.89 kB |
styles.css           | styles           |  17.20 kB |

                     | Initial total    | 154.29 kB


Server bundles
Initial chunk files  | Names            |  Raw size
polyfills.server.mjs | polyfills.server | 570.97 kB |
main.server.mjs      | main.server      |  48.20 kB |
server.mjs           | server           |   1.86 kB |

Application bundle generation complete. [0.284 seconds]

❯ Changes detected. Rebuilding...
✔ Changes detected. Rebuilding...
Browser bundles
Initial chunk files  | Names            |  Raw size
polyfills.js         | polyfills        |  90.20 kB |
main.js              | main             |  46.89 kB |
styles.css           | styles           |  17.20 kB |

                     | Initial total    | 154.29 kB


Server bundles
Initial chunk files  | Names            |  Raw size
polyfills.server.mjs | polyfills.server | 570.97 kB |
main.server.mjs      | main.server      |  48.20 kB |
server.mjs           | server           |   1.86 kB |

Application bundle generation complete. [0.266 seconds]

❯ Changes detected. Rebuilding...
✔ Changes detected. Rebuilding...
Browser bundles
Initial chunk files  | Names            |  Raw size
polyfills.js         | polyfills        |  90.20 kB |
main.js              | main             |  46.89 kB |
styles.css           | styles           |  17.20 kB |

                     | Initial total    | 154.29 kB


Server bundles
Initial chunk files  | Names            |  Raw size
polyfills.server.mjs | polyfills.server | 570.97 kB |
main.server.mjs      | main.server      |  48.20 kB |
server.mjs           | server           |   1.86 kB |

Application bundle generation complete. [0.263 seconds]

❯ Changes detected. Rebuilding...
✔ Changes detected. Rebuilding...
Browser bundles
Initial chunk files  | Names            |  Raw size
polyfills.js         | polyfills        |  90.20 kB |
main.js              | main             |  46.89 kB |
styles.css           | styles           |  17.20 kB |

                     | Initial total    | 154.29 kB


Server bundles
Initial chunk files  | Names            |  Raw size
polyfills.server.mjs | polyfills.server | 570.97 kB |
main.server.mjs      | main.server      |  48.20 kB |
server.mjs           | server           |   1.86 kB |

Application bundle generation complete. [0.237 seconds]

❯ Changes detected. Rebuilding...
✔ Changes detected. Rebuilding...
Browser bundles
Initial chunk files  | Names            |  Raw size
polyfills.js         | polyfills        |  90.20 kB |
main.js              | main             |  46.89 kB |
styles.css           | styles           |  17.20 kB |

                     | Initial total    | 154.29 kB


Server bundles
Initial chunk files  | Names            |  Raw size
polyfills.server.mjs | polyfills.server | 570.97 kB |
main.server.mjs      | main.server      |  48.20 kB |
server.mjs           | server           |   1.86 kB |

Application bundle generation complete. [0.235 seconds]

❯ Changes detected. Rebuilding...
✔ Changes detected. Rebuilding...
Browser bundles
Initial chunk files  | Names            |  Raw size
polyfills.js         | polyfills        |  90.20 kB |
main.js              | main             |  46.89 kB |
styles.css           | styles           |  17.20 kB |

                     | Initial total    | 154.29 kB


Server bundles
Initial chunk files  | Names            |  Raw size
polyfills.server.mjs | polyfills.server | 570.97 kB |
main.server.mjs      | main.server      |  48.20 kB |
server.mjs           | server           |   1.86 kB |

Application bundle generation complete. [0.284 seconds]

❯ Changes detected. Rebuilding...
✔ Changes detected. Rebuilding...
Browser bundles
Initial chunk files  | Names            |  Raw size
polyfills.js         | polyfills        |  90.20 kB |
main.js              | main             |  46.89 kB |
styles.css           | styles           |  17.20 kB |

                     | Initial total    | 154.29 kB


Server bundles
Initial chunk files  | Names            |  Raw size
polyfills.server.mjs | polyfills.server | 570.97 kB |
main.server.mjs      | main.server      |  48.20 kB |
server.mjs           | server           |   1.86 kB |

Application bundle generation complete. [0.248 seconds]

❯ Changes detected. Rebuilding...
✔ Changes detected. Rebuilding...
Browser bundles
Initial chunk files  | Names            |  Raw size
polyfills.js         | polyfills        |  90.20 kB |
main.js              | main             |  46.89 kB |
styles.css           | styles           |  17.20 kB |

                     | Initial total    | 154.29 kB


Server bundles
Initial chunk files  | Names            |  Raw size
polyfills.server.mjs | polyfills.server | 570.97 kB |
main.server.mjs      | main.server      |  48.20 kB |
server.mjs           | server           |   1.86 kB |

Application bundle generation complete. [0.288 seconds]

❯ Changes detected. Rebuilding...
✔ Changes detected. Rebuilding...
Browser bundles
Initial chunk files  | Names            |  Raw size
polyfills.js         | polyfills        |  90.20 kB |
main.js              | main             |  46.89 kB |
styles.css           | styles           |  17.20 kB |

                     | Initial total    | 154.29 kB


Server bundles
Initial chunk files  | Names            |  Raw size
polyfills.server.mjs | polyfills.server | 570.97 kB |
main.server.mjs      | main.server      |  48.20 kB |
server.mjs           | server           |   1.86 kB |

Application bundle generation complete. [0.342 seconds]

❯ Changes detected. Rebuilding...
✔ Changes detected. Rebuilding...
Browser bundles
Initial chunk files  | Names            |  Raw size
polyfills.js         | polyfills        |  90.20 kB |
main.js              | main             |  46.89 kB |
styles.css           | styles           |  17.20 kB |

                     | Initial total    | 154.29 kB


Server bundles
Initial chunk files  | Names            |  Raw size
polyfills.server.mjs | polyfills.server | 570.97 kB |
main.server.mjs      | main.server      |  48.20 kB |
server.mjs           | server           |   1.86 kB |

Application bundle generation complete. [0.309 seconds]

❯ Changes detected. Rebuilding...
✔ Changes detected. Rebuilding...
Browser bundles
Initial chunk files  | Names            |  Raw size
polyfills.js         | polyfills        |  90.20 kB |
main.js              | main             |  46.89 kB |
styles.css           | styles           |  17.20 kB |

                     | Initial total    | 154.29 kB


Server bundles
Initial chunk files  | Names            |  Raw size
polyfills.server.mjs | polyfills.server | 570.97 kB |
main.server.mjs      | main.server      |  48.20 kB |
server.mjs           | server           |   1.86 kB |

Application bundle generation complete. [0.396 seconds]

❯ Changes detected. Rebuilding...
✔ Changes detected. Rebuilding...
Browser bundles
Initial chunk files  | Names            |  Raw size
polyfills.js         | polyfills        |  90.20 kB |
main.js              | main             |  46.89 kB |
styles.css           | styles           |  17.20 kB |

                     | Initial total    | 154.29 kB


Server bundles
Initial chunk files  | Names            |  Raw size
polyfills.server.mjs | polyfills.server | 570.97 kB |
main.server.mjs      | main.server      |  48.20 kB |
server.mjs           | server           |   1.86 kB |

Application bundle generation complete. [0.270 seconds]

❯ Changes detected. Rebuilding...
✔ Changes detected. Rebuilding...
Browser bundles
Initial chunk files  | Names            |  Raw size
polyfills.js         | polyfills        |  90.20 kB |
main.js              | main             |  46.89 kB |
styles.css           | styles           |  17.20 kB |

                     | Initial total    | 154.29 kB


Server bundles
Initial chunk files  | Names            |  Raw size
polyfills.server.mjs | polyfills.server | 570.97 kB |
main.server.mjs      | main.server      |  48.20 kB |
server.mjs           | server           |   1.86 kB |

Application bundle generation complete. [0.327 seconds]

❯ Changes detected. Rebuilding...
✔ Changes detected. Rebuilding...
Browser bundles
Initial chunk files  | Names            |  Raw size
polyfills.js         | polyfills        |  90.20 kB |
main.js              | main             |  46.89 kB |
styles.css           | styles           |  17.20 kB |

                     | Initial total    | 154.29 kB


Server bundles
Initial chunk files  | Names            |  Raw size
polyfills.server.mjs | polyfills.server | 570.97 kB |
main.server.mjs      | main.server      |  48.20 kB |
server.mjs           | server           |   1.86 kB |

Application bundle generation complete. [0.267 seconds]

❯ Changes detected. Rebuilding...
✔ Changes detected. Rebuilding...
Browser bundles
Initial chunk files  | Names            |  Raw size
polyfills.js         | polyfills        |  90.20 kB |
main.js              | main             |  46.89 kB |
styles.css           | styles           |  17.20 kB |

                     | Initial total    | 154.29 kB


Server bundles
Initial chunk files  | Names            |  Raw size
polyfills.server.mjs | polyfills.server | 570.97 kB |
main.server.mjs      | main.server      |  48.20 kB |
server.mjs           | server           |   1.86 kB |

Application bundle generation complete. [0.229 seconds]

❯ Changes detected. Rebuilding...
✔ Changes detected. Rebuilding...
Browser bundles
Initial chunk files  | Names            |  Raw size
polyfills.js         | polyfills        |  90.20 kB |
main.js              | main             |  46.89 kB |
styles.css           | styles           |  17.20 kB |

                     | Initial total    | 154.29 kB


Server bundles
Initial chunk files  | Names            |  Raw size
polyfills.server.mjs | polyfills.server | 570.97 kB |
main.server.mjs      | main.server      |  48.20 kB |
server.mjs           | server           |   1.86 kB |

Application bundle generation complete. [0.228 seconds]

❯ Changes detected. Rebuilding...
✔ Changes detected. Rebuilding...
Browser bundles
Initial chunk files  | Names            |  Raw size
polyfills.js         | polyfills        |  90.20 kB |
main.js              | main             |  46.89 kB |
styles.css           | styles           |  17.20 kB |

                     | Initial total    | 154.29 kB


Server bundles
Initial chunk files  | Names            |  Raw size
polyfills.server.mjs | polyfills.server | 570.97 kB |
main.server.mjs      | main.server      |  48.20 kB |
server.mjs           | server           |   1.86 kB |

Application bundle generation complete. [0.229 seconds]

❯ Changes detected. Rebuilding...
✔ Changes detected. Rebuilding...
Browser bundles
Initial chunk files  | Names            |  Raw size
polyfills.js         | polyfills        |  90.20 kB |
main.js              | main             |  46.89 kB |
styles.css           | styles           |  17.20 kB |

                     | Initial total    | 154.29 kB


Server bundles
Initial chunk files  | Names            |  Raw size
polyfills.server.mjs | polyfills.server | 570.97 kB |
main.server.mjs      | main.server      |  48.20 kB |
server.mjs           | server           |   1.86 kB |

Application bundle generation complete. [0.241 seconds]

❯ Changes detected. Rebuilding...
✔ Changes detected. Rebuilding...
Browser bundles
Initial chunk files  | Names            |  Raw size
polyfills.js         | polyfills        |  90.20 kB |
main.js              | main             |  46.89 kB |
styles.css           | styles           |  17.20 kB |

                     | Initial total    | 154.29 kB


Server bundles
Initial chunk files  | Names            |  Raw size
polyfills.server.mjs | polyfills.server | 570.97 kB |
main.server.mjs      | main.server      |  48.20 kB |
server.mjs           | server           |   1.86 kB |

Application bundle generation complete. [0.230 seconds]

❯ Changes detected. Rebuilding...
✔ Changes detected. Rebuilding...
Browser bundles
Initial chunk files  | Names            |  Raw size
polyfills.js         | polyfills        |  90.20 kB |
main.js              | main             |  46.89 kB |
styles.css           | styles           |  17.20 kB |

                     | Initial total    | 154.29 kB


Server bundles
Initial chunk files  | Names            |  Raw size
polyfills.server.mjs | polyfills.server | 570.97 kB |
main.server.mjs      | main.server      |  48.20 kB |
server.mjs           | server           |   1.86 kB |

Application bundle generation complete. [0.279 seconds]

❯ Changes detected. Rebuilding...
✔ Changes detected. Rebuilding...
Browser bundles
Initial chunk files  | Names            |  Raw size
polyfills.js         | polyfills        |  90.20 kB |
main.js              | main             |  46.89 kB |
styles.css           | styles           |  17.20 kB |

                     | Initial total    | 154.29 kB


Server bundles
Initial chunk files  | Names            |  Raw size
polyfills.server.mjs | polyfills.server | 570.97 kB |
main.server.mjs      | main.server      |  48.20 kB |
server.mjs           | server           |   1.86 kB |

Application bundle generation complete. [0.236 seconds]

❯ Changes detected. Rebuilding...
✔ Changes detected. Rebuilding...
Browser bundles
Initial chunk files  | Names            |  Raw size
polyfills.js         | polyfills        |  90.20 kB |
main.js              | main             |  46.89 kB |
styles.css           | styles           |  17.20 kB |

                     | Initial total    | 154.29 kB


Server bundles
Initial chunk files  | Names            |  Raw size
polyfills.server.mjs | polyfills.server | 570.97 kB |
main.server.mjs      | main.server      |  48.20 kB |
server.mjs           | server           |   1.86 kB |

Application bundle generation complete. [0.222 seconds]

❯ Changes detected. Rebuilding...
✔ Changes detected. Rebuilding...
Browser bundles
Initial chunk files  | Names            |  Raw size
polyfills.js         | polyfills        |  90.20 kB |
main.js              | main             |  46.89 kB |
styles.css           | styles           |  17.20 kB |

                     | Initial total    | 154.29 kB


Server bundles
Initial chunk files  | Names            |  Raw size
polyfills.server.mjs | polyfills.server | 570.97 kB |
main.server.mjs      | main.server      |  48.20 kB |
server.mjs           | server           |   1.86 kB |

Application bundle generation complete. [0.230 seconds]

❯ Changes detected. Rebuilding...
✔ Changes detected. Rebuilding...
Browser bundles
Initial chunk files  | Names            |  Raw size
polyfills.js         | polyfills        |  90.20 kB |
main.js              | main             |  46.89 kB |
styles.css           | styles           |  17.20 kB |

                     | Initial total    | 154.29 kB


Server bundles
Initial chunk files  | Names            |  Raw size
polyfills.server.mjs | polyfills.server | 570.97 kB |
main.server.mjs      | main.server      |  48.20 kB |
server.mjs           | server           |   1.86 kB |

Application bundle generation complete. [0.237 seconds]

❯ Changes detected. Rebuilding...
✔ Changes detected. Rebuilding...
Browser bundles
Initial chunk files  | Names            |  Raw size
polyfills.js         | polyfills        |  90.20 kB |
main.js              | main             |  46.89 kB |
styles.css           | styles           |  17.20 kB |

                     | Initial total    | 154.29 kB


Server bundles
Initial chunk files  | Names            |  Raw size
polyfills.server.mjs | polyfills.server | 570.97 kB |
main.server.mjs      | main.server      |  48.20 kB |
server.mjs           | server           |   1.86 kB |

Application bundle generation complete. [0.238 seconds]

❯ Changes detected. Rebuilding...
✔ Changes detected. Rebuilding...
Browser bundles
Initial chunk files  | Names            |  Raw size
polyfills.js         | polyfills        |  90.20 kB |
main.js              | main             |  46.89 kB |
styles.css           | styles           |  17.20 kB |

                     | Initial total    | 154.29 kB


Server bundles
Initial chunk files  | Names            |  Raw size
polyfills.server.mjs | polyfills.server | 570.97 kB |
main.server.mjs      | main.server      |  48.20 kB |
server.mjs           | server           |   1.86 kB |

Application bundle generation complete. [0.233 seconds]

❯ Changes detected. Rebuilding...
✔ Changes detected. Rebuilding...
Browser bundles
Initial chunk files  | Names            |  Raw size
polyfills.js         | polyfills        |  90.20 kB |
main.js              | main             |  46.89 kB |
styles.css           | styles           |  17.20 kB |

                     | Initial total    | 154.29 kB


Server bundles
Initial chunk files  | Names            |  Raw size
polyfills.server.mjs | polyfills.server | 570.97 kB |
main.server.mjs      | main.server      |  48.20 kB |
server.mjs           | server           |   1.86 kB |

Application bundle generation complete. [0.321 seconds]

❯ Changes detected. Rebuilding...
✔ Changes detected. Rebuilding...
Browser bundles
Initial chunk files  | Names            |  Raw size
polyfills.js         | polyfills        |  90.20 kB |
main.js              | main             |  46.89 kB |
styles.css           | styles           |  17.20 kB |

                     | Initial total    | 154.29 kB


Server bundles
Initial chunk files  | Names            |  Raw size
polyfills.server.mjs | polyfills.server | 570.97 kB |
main.server.mjs      | main.server      |  48.20 kB |
server.mjs           | server           |   1.86 kB |

Application bundle generation complete. [0.257 seconds]

❯ Changes detected. Rebuilding...
✔ Changes detected. Rebuilding...
Browser bundles
Initial chunk files  | Names            |  Raw size
polyfills.js         | polyfills        |  90.20 kB |
main.js              | main             |  46.89 kB |
styles.css           | styles           |  17.20 kB |

                     | Initial total    | 154.29 kB


Server bundles
Initial chunk files  | Names            |  Raw size
polyfills.server.mjs | polyfills.server | 570.97 kB |
main.server.mjs      | main.server      |  48.20 kB |
server.mjs           | server           |   1.86 kB |

Application bundle generation complete. [0.241 seconds]

❯ Changes detected. Rebuilding...
✔ Changes detected. Rebuilding...
Browser bundles
Initial chunk files  | Names            |  Raw size
polyfills.js         | polyfills        |  90.20 kB |
main.js              | main             |  46.89 kB |
styles.css           | styles           |  17.20 kB |

                     | Initial total    | 154.29 kB


Server bundles
Initial chunk files  | Names            |  Raw size
polyfills.server.mjs | polyfills.server | 570.97 kB |
main.server.mjs      | main.server      |  48.20 kB |
server.mjs           | server           |   1.86 kB |

Application bundle generation complete. [0.237 seconds]

❯ Changes detected. Rebuilding...
✔ Changes detected. Rebuilding...
Browser bundles
Initial chunk files  | Names            |  Raw size
polyfills.js         | polyfills        |  90.20 kB |
main.js              | main             |  46.89 kB |
styles.css           | styles           |  17.20 kB |

                     | Initial total    | 154.29 kB


Server bundles
Initial chunk files  | Names            |  Raw size
polyfills.server.mjs | polyfills.server | 570.97 kB |
main.server.mjs      | main.server      |  48.20 kB |
server.mjs           | server           |   1.86 kB |

Application bundle generation complete. [0.235 seconds]

❯ Changes detected. Rebuilding...
✔ Changes detected. Rebuilding...
Browser bundles
Initial chunk files  | Names            |  Raw size
polyfills.js         | polyfills        |  90.20 kB |
main.js              | main             |  46.89 kB |
styles.css           | styles           |  17.20 kB |

                     | Initial total    | 154.29 kB


Server bundles
Initial chunk files  | Names            |  Raw size
polyfills.server.mjs | polyfills.server | 570.97 kB |
main.server.mjs      | main.server      |  48.20 kB |
server.mjs           | server           |   1.86 kB |

Application bundle generation complete. [0.248 seconds]

❯ Changes detected. Rebuilding...
✔ Changes detected. Rebuilding...
Browser bundles
Initial chunk files  | Names            |  Raw size
polyfills.js         | polyfills        |  90.20 kB |
main.js              | main             |  46.89 kB |
styles.css           | styles           |  17.20 kB |

                     | Initial total    | 154.29 kB


Server bundles
Initial chunk files  | Names            |  Raw size
polyfills.server.mjs | polyfills.server | 570.97 kB |
main.server.mjs      | main.server      |  48.20 kB |
server.mjs           | server           |   1.86 kB |

Application bundle generation complete. [0.275 seconds]

❯ Changes detected. Rebuilding...
✔ Changes detected. Rebuilding...
Browser bundles
Initial chunk files  | Names            |  Raw size
polyfills.js         | polyfills        |  90.20 kB |
main.js              | main             |  46.89 kB |
styles.css           | styles           |  17.20 kB |

                     | Initial total    | 154.29 kB


Server bundles
Initial chunk files  | Names            |  Raw size
polyfills.server.mjs | polyfills.server | 570.97 kB |
main.server.mjs      | main.server      |  48.20 kB |
server.mjs           | server           |   1.86 kB |

Application bundle generation complete. [0.253 seconds]

❯ Changes detected. Rebuilding...
✔ Changes detected. Rebuilding...
Browser bundles
Initial chunk files  | Names            |  Raw size
polyfills.js         | polyfills        |  90.20 kB |
main.js              | main             |  46.89 kB |
styles.css           | styles           |  17.20 kB |

                     | Initial total    | 154.29 kB


Server bundles
Initial chunk files  | Names            |  Raw size
polyfills.server.mjs | polyfills.server | 570.97 kB |
main.server.mjs      | main.server      |  48.20 kB |
server.mjs           | server           |   1.86 kB |

Application bundle generation complete. [0.251 seconds]

❯ Changes detected. Rebuilding...
✔ Changes detected. Rebuilding...
Browser bundles
Initial chunk files  | Names            |  Raw size
polyfills.js         | polyfills        |  90.20 kB |
main.js              | main             |  46.89 kB |
styles.css           | styles           |  17.20 kB |

                     | Initial total    | 154.29 kB


Server bundles
Initial chunk files  | Names            |  Raw size
polyfills.server.mjs | polyfills.server | 570.97 kB |
main.server.mjs      | main.server      |  48.20 kB |
server.mjs           | server           |   1.86 kB |

Application bundle generation complete. [0.250 seconds]

❯ Changes detected. Rebuilding...
✔ Changes detected. Rebuilding...
Browser bundles
Initial chunk files  | Names            |  Raw size
polyfills.js         | polyfills        |  90.20 kB |
main.js              | main             |  46.89 kB |
styles.css           | styles           |  17.20 kB |

                     | Initial total    | 154.29 kB


Server bundles
Initial chunk files  | Names            |  Raw size
polyfills.server.mjs | polyfills.server | 570.97 kB |
main.server.mjs      | main.server      |  48.20 kB |
server.mjs           | server           |   1.86 kB |

Application bundle generation complete. [0.237 seconds]

❯ Changes detected. Rebuilding...
✔ Changes detected. Rebuilding...
Browser bundles
Initial chunk files  | Names            |  Raw size
polyfills.js         | polyfills        |  90.20 kB |
main.js              | main             |  46.89 kB |
styles.css           | styles           |  17.20 kB |

                     | Initial total    | 154.29 kB


Server bundles
Initial chunk files  | Names            |  Raw size
polyfills.server.mjs | polyfills.server | 570.97 kB |
main.server.mjs      | main.server      |  48.20 kB |
server.mjs           | server           |   1.86 kB |

Application bundle generation complete. [0.240 seconds]

❯ Changes detected. Rebuilding...
✔ Changes detected. Rebuilding...
Browser bundles
Initial chunk files  | Names            |  Raw size
polyfills.js         | polyfills        |  90.20 kB |
main.js              | main             |  46.89 kB |
styles.css           | styles           |  17.20 kB |

                     | Initial total    | 154.29 kB


Server bundles
Initial chunk files  | Names            |  Raw size
polyfills.server.mjs | polyfills.server | 570.97 kB |
main.server.mjs      | main.server      |  48.20 kB |
server.mjs           | server           |   1.86 kB |

Application bundle generation complete. [0.253 seconds]

❯ Changes detected. Rebuilding...
✔ Changes detected. Rebuilding...
Browser bundles
Initial chunk files  | Names            |  Raw size
polyfills.js         | polyfills        |  90.20 kB |
main.js              | main             |  46.89 kB |
styles.css           | styles           |  17.20 kB |

                     | Initial total    | 154.29 kB


Server bundles
Initial chunk files  | Names            |  Raw size
polyfills.server.mjs | polyfills.server | 570.97 kB |
main.server.mjs      | main.server      |  48.20 kB |
server.mjs           | server           |   1.86 kB |

Application bundle generation complete. [0.250 seconds]

❯ Changes detected. Rebuilding...
✔ Changes detected. Rebuilding...
Browser bundles
Initial chunk files  | Names            |  Raw size
polyfills.js         | polyfills        |  90.20 kB |
main.js              | main             |  46.89 kB |
styles.css           | styles           |  17.20 kB |

                     | Initial total    | 154.29 kB


Server bundles
Initial chunk files  | Names            |  Raw size
polyfills.server.mjs | polyfills.server | 570.97 kB |
main.server.mjs      | main.server      |  48.20 kB |
server.mjs           | server           |   1.86 kB |

Application bundle generation complete. [0.245 seconds]

❯ Changes detected. Rebuilding...
✔ Changes detected. Rebuilding...
Browser bundles
Initial chunk files  | Names            |  Raw size
polyfills.js         | polyfills        |  90.20 kB |
main.js              | main             |  46.89 kB |
styles.css           | styles           |  17.20 kB |

                     | Initial total    | 154.29 kB


Server bundles
Initial chunk files  | Names            |  Raw size
polyfills.server.mjs | polyfills.server | 570.97 kB |
main.server.mjs      | main.server      |  48.20 kB |
server.mjs           | server           |   1.86 kB |

Application bundle generation complete. [0.237 seconds]

❯ Changes detected. Rebuilding...
✔ Changes detected. Rebuilding...
Browser bundles
Initial chunk files  | Names            |  Raw size
polyfills.js         | polyfills        |  90.20 kB |
main.js              | main             |  46.89 kB |
styles.css           | styles           |  17.20 kB |

                     | Initial total    | 154.29 kB


Server bundles
Initial chunk files  | Names            |  Raw size
polyfills.server.mjs | polyfills.server | 570.97 kB |
main.server.mjs      | main.server      |  48.20 kB |
server.mjs           | server           |   1.86 kB |

Application bundle generation complete. [0.243 seconds]

❯ Changes detected. Rebuilding...
✔ Changes detected. Rebuilding...
Browser bundles
Initial chunk files  | Names            |  Raw size
polyfills.js         | polyfills        |  90.20 kB |
main.js              | main             |  46.89 kB |
styles.css           | styles           |  17.20 kB |

                     | Initial total    | 154.29 kB


Server bundles
Initial chunk files  | Names            |  Raw size
polyfills.server.mjs | polyfills.server | 570.97 kB |
main.server.mjs      | main.server      |  48.20 kB |
server.mjs           | server           |   1.86 kB |

Application bundle generation complete. [0.240 seconds]

❯ Changes detected. Rebuilding...
✔ Changes detected. Rebuilding...
Browser bundles
Initial chunk files  | Names            |  Raw size
polyfills.js         | polyfills        |  90.20 kB |
main.js              | main             |  46.89 kB |
styles.css           | styles           |  17.20 kB |

                     | Initial total    | 154.29 kB


Server bundles
Initial chunk files  | Names            |  Raw size
polyfills.server.mjs | polyfills.server | 570.97 kB |
main.server.mjs      | main.server      |  48.20 kB |
server.mjs           | server           |   1.86 kB |

Application bundle generation complete. [0.237 seconds]

❯ Changes detected. Rebuilding...
✔ Changes detected. Rebuilding...
Browser bundles
Initial chunk files  | Names            |  Raw size
polyfills.js         | polyfills        |  90.20 kB |
main.js              | main             |  46.89 kB |
styles.css           | styles           |  17.20 kB |

                     | Initial total    | 154.29 kB


Server bundles
Initial chunk files  | Names            |  Raw size
polyfills.server.mjs | polyfills.server | 570.97 kB |
main.server.mjs      | main.server      |  48.20 kB |
server.mjs           | server           |   1.86 kB |

Application bundle generation complete. [0.244 seconds]

❯ Changes detected. Rebuilding...
✔ Changes detected. Rebuilding...
Browser bundles
Initial chunk files  | Names            |  Raw size
polyfills.js         | polyfills        |  90.20 kB |
main.js              | main             |  46.89 kB |
styles.css           | styles           |  17.20 kB |

                     | Initial total    | 154.29 kB


Server bundles
Initial chunk files  | Names            |  Raw size
polyfills.server.mjs | polyfills.server | 570.97 kB |
main.server.mjs      | main.server      |  48.20 kB |
server.mjs           | server           |   1.86 kB |

Application bundle generation complete. [0.245 seconds]

❯ Changes detected. Rebuilding...
✔ Changes detected. Rebuilding...
Browser bundles
Initial chunk files  | Names            |  Raw size
polyfills.js         | polyfills        |  90.20 kB |
main.js              | main             |  46.89 kB |
styles.css           | styles           |  17.20 kB |

                     | Initial total    | 154.29 kB


Server bundles
Initial chunk files  | Names            |  Raw size
polyfills.server.mjs | polyfills.server | 570.97 kB |
main.server.mjs      | main.server      |  48.20 kB |
server.mjs           | server           |   1.86 kB |

Application bundle generation complete. [0.255 seconds]

❯ Changes detected. Rebuilding...
✔ Changes detected. Rebuilding...
Browser bundles
Initial chunk files  | Names            |  Raw size
polyfills.js         | polyfills        |  90.20 kB |
main.js              | main             |  46.89 kB |
styles.css           | styles           |  17.20 kB |

                     | Initial total    | 154.29 kB


Server bundles
Initial chunk files  | Names            |  Raw size
polyfills.server.mjs | polyfills.server | 570.97 kB |
main.server.mjs      | main.server      |  48.20 kB |
server.mjs           | server           |   1.86 kB |

Application bundle generation complete. [0.259 seconds]

❯ Changes detected. Rebuilding...
✔ Changes detected. Rebuilding...
Browser bundles
Initial chunk files  | Names            |  Raw size
polyfills.js         | polyfills        |  90.20 kB |
main.js              | main             |  46.89 kB |
styles.css           | styles           |  17.20 kB |

                     | Initial total    | 154.29 kB


Server bundles
Initial chunk files  | Names            |  Raw size
polyfills.server.mjs | polyfills.server | 570.97 kB |
main.server.mjs      | main.server      |  48.20 kB |
server.mjs           | server           |   1.86 kB |

Application bundle generation complete. [0.255 seconds]

❯ Changes detected. Rebuilding...
✔ Changes detected. Rebuilding...
Browser bundles
Initial chunk files  | Names            |  Raw size
polyfills.js         | polyfills        |  90.20 kB |
main.js              | main             |  46.89 kB |
styles.css           | styles           |  17.20 kB |

                     | Initial total    | 154.29 kB


Server bundles
Initial chunk files  | Names            |  Raw size
polyfills.server.mjs | polyfills.server | 570.97 kB |
main.server.mjs      | main.server      |  48.20 kB |
server.mjs           | server           |   1.86 kB |

Application bundle generation complete. [0.263 seconds]

❯ Changes detected. Rebuilding...
✔ Changes detected. Rebuilding...
Browser bundles
Initial chunk files  | Names            |  Raw size
polyfills.js         | polyfills        |  90.20 kB |
main.js              | main             |  46.89 kB |
styles.css           | styles           |  17.20 kB |

                     | Initial total    | 154.29 kB


Server bundles
Initial chunk files  | Names            |  Raw size
polyfills.server.mjs | polyfills.server | 570.97 kB |
main.server.mjs      | main.server      |  48.20 kB |
server.mjs           | server           |   1.86 kB |

Application bundle generation complete. [0.257 seconds]

❯ Changes detected. Rebuilding...
✔ Changes detected. Rebuilding...
Browser bundles
Initial chunk files  | Names            |  Raw size
polyfills.js         | polyfills        |  90.20 kB |
main.js              | main             |  46.89 kB |
styles.css           | styles           |  17.20 kB |

                     | Initial total    | 154.29 kB


Server bundles
Initial chunk files  | Names            |  Raw size
polyfills.server.mjs | polyfills.server | 570.97 kB |
main.server.mjs      | main.server      |  48.20 kB |
server.mjs           | server           |   1.86 kB |

Application bundle generation complete. [0.253 seconds]

❯ Changes detected. Rebuilding...
✔ Changes detected. Rebuilding...
Browser bundles
Initial chunk files  | Names            |  Raw size
polyfills.js         | polyfills        |  90.20 kB |
main.js              | main             |  46.89 kB |
styles.css           | styles           |  17.20 kB |

                     | Initial total    | 154.29 kB


Server bundles
Initial chunk files  | Names            |  Raw size
polyfills.server.mjs | polyfills.server | 570.97 kB |
main.server.mjs      | main.server      |  48.20 kB |
server.mjs           | server           |   1.86 kB |

Application bundle generation complete. [0.258 seconds]

❯ Changes detected. Rebuilding...
✔ Changes detected. Rebuilding...
Browser bundles
Initial chunk files  | Names            |  Raw size
polyfills.js         | polyfills        |  90.20 kB |
main.js              | main             |  46.89 kB |
styles.css           | styles           |  17.20 kB |

                     | Initial total    | 154.29 kB


Server bundles
Initial chunk files  | Names            |  Raw size
polyfills.server.mjs | polyfills.server | 570.97 kB |
main.server.mjs      | main.server      |  48.20 kB |
server.mjs           | server           |   1.86 kB |

Application bundle generation complete. [0.262 seconds]

❯ Changes detected. Rebuilding...
✔ Changes detected. Rebuilding...
Browser bundles
Initial chunk files  | Names            |  Raw size
polyfills.js         | polyfills        |  90.20 kB |
main.js              | main             |  46.89 kB |
styles.css           | styles           |  17.20 kB |

                     | Initial total    | 154.29 kB


Server bundles
Initial chunk files  | Names            |  Raw size
polyfills.server.mjs | polyfills.server | 570.97 kB |
main.server.mjs      | main.server      |  48.20 kB |
server.mjs           | server           |   1.86 kB |

Application bundle generation complete. [0.281 seconds]

❯ Changes detected. Rebuilding...
✔ Changes detected. Rebuilding...
Browser bundles
Initial chunk files  | Names            |  Raw size
polyfills.js         | polyfills        |  90.20 kB |
main.js              | main             |  46.89 kB |
styles.css           | styles           |  17.20 kB |

                     | Initial total    | 154.29 kB


Server bundles
Initial chunk files  | Names            |  Raw size
polyfills.server.mjs | polyfills.server | 570.97 kB |
main.server.mjs      | main.server      |  48.20 kB |
server.mjs           | server           |   1.86 kB |

Application bundle generation complete. [0.261 seconds]

❯ Changes detected. Rebuilding...
✔ Changes detected. Rebuilding...
Browser bundles
Initial chunk files  | Names            |  Raw size
polyfills.js         | polyfills        |  90.20 kB |
main.js              | main             |  46.89 kB |
styles.css           | styles           |  17.20 kB |

                     | Initial total    | 154.29 kB


Server bundles
Initial chunk files  | Names            |  Raw size
polyfills.server.mjs | polyfills.server | 570.97 kB |
main.server.mjs      | main.server      |  48.20 kB |
server.mjs           | server           |   1.86 kB |

Application bundle generation complete. [0.256 seconds]

❯ Changes detected. Rebuilding...
✔ Changes detected. Rebuilding...
Browser bundles
Initial chunk files  | Names            |  Raw size
polyfills.js         | polyfills        |  90.20 kB |
main.js              | main             |  46.89 kB |
styles.css           | styles           |  17.20 kB |

                     | Initial total    | 154.29 kB


Server bundles
Initial chunk files  | Names            |  Raw size
polyfills.server.mjs | polyfills.server | 570.97 kB |
main.server.mjs      | main.server      |  48.20 kB |
server.mjs           | server           |   1.86 kB |

Application bundle generation complete. [0.264 seconds]

❯ Changes detected. Rebuilding...
✔ Changes detected. Rebuilding...
Browser bundles
Initial chunk files  | Names            |  Raw size
polyfills.js         | polyfills        |  90.20 kB |
main.js              | main             |  46.89 kB |
styles.css           | styles           |  17.20 kB |

                     | Initial total    | 154.29 kB


Server bundles
Initial chunk files  | Names            |  Raw size
polyfills.server.mjs | polyfills.server | 570.97 kB |
main.server.mjs      | main.server      |  48.20 kB |
server.mjs           | server           |   1.86 kB |

Application bundle generation complete. [0.263 seconds]

❯ Changes detected. Rebuilding...
✔ Changes detected. Rebuilding...
Browser bundles
Initial chunk files  | Names            |  Raw size
polyfills.js         | polyfills        |  90.20 kB |
main.js              | main             |  46.89 kB |
styles.css           | styles           |  17.20 kB |

                     | Initial total    | 154.29 kB


Server bundles
Initial chunk files  | Names            |  Raw size
polyfills.server.mjs | polyfills.server | 570.97 kB |
main.server.mjs      | main.server      |  48.20 kB |
server.mjs           | server           |   1.86 kB |

Application bundle generation complete. [0.263 seconds]

❯ Changes detected. Rebuilding...
✔ Changes detected. Rebuilding...
Browser bundles
Initial chunk files  | Names            |  Raw size
polyfills.js         | polyfills        |  90.20 kB |
main.js              | main             |  46.89 kB |
styles.css           | styles           |  17.20 kB |

                     | Initial total    | 154.29 kB


Server bundles
Initial chunk files  | Names            |  Raw size
polyfills.server.mjs | polyfills.server | 570.97 kB |
main.server.mjs      | main.server      |  48.20 kB |
server.mjs           | server           |   1.86 kB |

Application bundle generation complete. [0.272 seconds]

❯ Changes detected. Rebuilding...
✔ Changes detected. Rebuilding...
Browser bundles
Initial chunk files  | Names            |  Raw size
polyfills.js         | polyfills        |  90.20 kB |
main.js              | main             |  46.89 kB |
styles.css           | styles           |  17.20 kB |

                     | Initial total    | 154.29 kB


Server bundles
Initial chunk files  | Names            |  Raw size
polyfills.server.mjs | polyfills.server | 570.97 kB |
main.server.mjs      | main.server      |  48.20 kB |
server.mjs           | server           |   1.86 kB |

Application bundle generation complete. [0.280 seconds]

❯ Changes detected. Rebuilding...
✔ Changes detected. Rebuilding...
Browser bundles
Initial chunk files  | Names            |  Raw size
polyfills.js         | polyfills        |  90.20 kB |
main.js              | main             |  46.89 kB |
styles.css           | styles           |  17.20 kB |

                     | Initial total    | 154.29 kB


Server bundles
Initial chunk files  | Names            |  Raw size
polyfills.server.mjs | polyfills.server | 570.97 kB |
main.server.mjs      | main.server      |  48.20 kB |
server.mjs           | server           |   1.86 kB |

Application bundle generation complete. [0.281 seconds]

❯ Changes detected. Rebuilding...
✔ Changes detected. Rebuilding...
Browser bundles
Initial chunk files  | Names            |  Raw size
polyfills.js         | polyfills        |  90.20 kB |
main.js              | main             |  46.89 kB |
styles.css           | styles           |  17.20 kB |

                     | Initial total    | 154.29 kB


Server bundles
Initial chunk files  | Names            |  Raw size
polyfills.server.mjs | polyfills.server | 570.97 kB |
main.server.mjs      | main.server      |  48.20 kB |
server.mjs           | server           |   1.86 kB |

Application bundle generation complete. [0.270 seconds]

❯ Changes detected. Rebuilding...
✔ Changes detected. Rebuilding...
Browser bundles
Initial chunk files  | Names            |  Raw size
polyfills.js         | polyfills        |  90.20 kB |
main.js              | main             |  46.89 kB |
styles.css           | styles           |  17.20 kB |

                     | Initial total    | 154.29 kB


Server bundles
Initial chunk files  | Names            |  Raw size
polyfills.server.mjs | polyfills.server | 570.97 kB |
main.server.mjs      | main.server      |  48.20 kB |
server.mjs           | server           |   1.86 kB |

Application bundle generation complete. [0.283 seconds]

❯ Changes detected. Rebuilding...
✔ Changes detected. Rebuilding...
Browser bundles
Initial chunk files  | Names            |  Raw size
polyfills.js         | polyfills        |  90.20 kB |
main.js              | main             |  46.89 kB |
styles.css           | styles           |  17.20 kB |

                     | Initial total    | 154.29 kB


Server bundles
Initial chunk files  | Names            |  Raw size
polyfills.server.mjs | polyfills.server | 570.97 kB |
main.server.mjs      | main.server      |  48.20 kB |
server.mjs           | server           |   1.86 kB |

Application bundle generation complete. [0.272 seconds]

❯ Changes detected. Rebuilding...
✔ Changes detected. Rebuilding...
Browser bundles
Initial chunk files  | Names            |  Raw size
polyfills.js         | polyfills        |  90.20 kB |
main.js              | main             |  46.89 kB |
styles.css           | styles           |  17.20 kB |

                     | Initial total    | 154.29 kB


Server bundles
Initial chunk files  | Names            |  Raw size
polyfills.server.mjs | polyfills.server | 570.97 kB |
main.server.mjs      | main.server      |  48.20 kB |
server.mjs           | server           |   1.86 kB |

Application bundle generation complete. [0.266 seconds]

❯ Changes detected. Rebuilding...
✔ Changes detected. Rebuilding...
Browser bundles
Initial chunk files  | Names            |  Raw size
polyfills.js         | polyfills        |  90.20 kB |
main.js              | main             |  46.89 kB |
styles.css           | styles           |  17.20 kB |

                     | Initial total    | 154.29 kB


Server bundles
Initial chunk files  | Names            |  Raw size
polyfills.server.mjs | polyfills.server | 570.97 kB |
main.server.mjs      | main.server      |  48.20 kB |
server.mjs           | server           |   1.86 kB |

Application bundle generation complete. [0.283 seconds]

❯ Changes detected. Rebuilding...
✔ Changes detected. Rebuilding...
Browser bundles
Initial chunk files  | Names            |  Raw size
polyfills.js         | polyfills        |  90.20 kB |
main.js              | main             |  46.89 kB |
styles.css           | styles           |  17.20 kB |

                     | Initial total    | 154.29 kB


Server bundles
Initial chunk files  | Names            |  Raw size
polyfills.server.mjs | polyfills.server | 570.97 kB |
main.server.mjs      | main.server      |  48.20 kB |
server.mjs           | server           |   1.86 kB |

Application bundle generation complete. [0.270 seconds]

❯ Changes detected. Rebuilding...
✔ Changes detected. Rebuilding...
Browser bundles
Initial chunk files  | Names            |  Raw size
polyfills.js         | polyfills        |  90.20 kB |
main.js              | main             |  46.89 kB |
styles.css           | styles           |  17.20 kB |

                     | Initial total    | 154.29 kB


Server bundles
Initial chunk files  | Names            |  Raw size
polyfills.server.mjs | polyfills.server | 570.97 kB |
main.server.mjs      | main.server      |  48.20 kB |
server.mjs           | server           |   1.86 kB |

Application bundle generation complete. [0.338 seconds]

❯ Changes detected. Rebuilding...
✔ Changes detected. Rebuilding...
Browser bundles
Initial chunk files  | Names            |  Raw size
polyfills.js         | polyfills        |  90.20 kB |
main.js              | main             |  46.89 kB |
styles.css           | styles           |  17.20 kB |

                     | Initial total    | 154.29 kB


Server bundles
Initial chunk files  | Names            |  Raw size
polyfills.server.mjs | polyfills.server | 570.97 kB |
main.server.mjs      | main.server      |  48.20 kB |
server.mjs           | server           |   1.86 kB |

Application bundle generation complete. [0.272 seconds]

❯ Changes detected. Rebuilding...
✔ Changes detected. Rebuilding...
Browser bundles
Initial chunk files  | Names            |  Raw size
polyfills.js         | polyfills        |  90.20 kB |
main.js              | main             |  46.89 kB |
styles.css           | styles           |  17.20 kB |

                     | Initial total    | 154.29 kB


Server bundles
Initial chunk files  | Names            |  Raw size
polyfills.server.mjs | polyfills.server | 570.97 kB |
main.server.mjs      | main.server      |  48.20 kB |
server.mjs           | server           |   1.86 kB |

Application bundle generation complete. [0.289 seconds]

❯ Changes detected. Rebuilding...
✔ Changes detected. Rebuilding...
Browser bundles
Initial chunk files  | Names            |  Raw size
polyfills.js         | polyfills        |  90.20 kB |
main.js              | main             |  46.89 kB |
styles.css           | styles           |  17.20 kB |

                     | Initial total    | 154.29 kB


Server bundles
Initial chunk files  | Names            |  Raw size
polyfills.server.mjs | polyfills.server | 570.97 kB |
main.server.mjs      | main.server      |  48.20 kB |
server.mjs           | server           |   1.86 kB |

Application bundle generation complete. [0.279 seconds]

❯ Changes detected. Rebuilding...
✔ Changes detected. Rebuilding...
Browser bundles
Initial chunk files  | Names            |  Raw size
polyfills.js         | polyfills        |  90.20 kB |
main.js              | main             |  46.89 kB |
styles.css           | styles           |  17.20 kB |

                     | Initial total    | 154.29 kB


Server bundles
Initial chunk files  | Names            |  Raw size
polyfills.server.mjs | polyfills.server | 570.97 kB |
main.server.mjs      | main.server      |  48.20 kB |
server.mjs           | server           |   1.86 kB |

Application bundle generation complete. [0.282 seconds]

❯ Changes detected. Rebuilding...
✔ Changes detected. Rebuilding...
Browser bundles
Initial chunk files  | Names            |  Raw size
polyfills.js         | polyfills        |  90.20 kB |
main.js              | main             |  46.89 kB |
styles.css           | styles           |  17.20 kB |

                     | Initial total    | 154.29 kB


Server bundles
Initial chunk files  | Names            |  Raw size
polyfills.server.mjs | polyfills.server | 570.97 kB |
main.server.mjs      | main.server      |  48.20 kB |
server.mjs           | server           |   1.86 kB |

Application bundle generation complete. [0.275 seconds]

❯ Changes detected. Rebuilding...
✔ Changes detected. Rebuilding...
Browser bundles
Initial chunk files  | Names            |  Raw size
polyfills.js         | polyfills        |  90.20 kB |
main.js              | main             |  46.89 kB |
styles.css           | styles           |  17.20 kB |

                     | Initial total    | 154.29 kB


Server bundles
Initial chunk files  | Names            |  Raw size
polyfills.server.mjs | polyfills.server | 570.97 kB |
main.server.mjs      | main.server      |  48.20 kB |
server.mjs           | server           |   1.86 kB |

Application bundle generation complete. [0.283 seconds]

❯ Changes detected. Rebuilding...
✔ Changes detected. Rebuilding...
Browser bundles
Initial chunk files  | Names            |  Raw size
polyfills.js         | polyfills        |  90.20 kB |
main.js              | main             |  46.89 kB |
styles.css           | styles           |  17.20 kB |

                     | Initial total    | 154.29 kB


Server bundles
Initial chunk files  | Names            |  Raw size
polyfills.server.mjs | polyfills.server | 570.97 kB |
main.server.mjs      | main.server      |  48.20 kB |
server.mjs           | server           |   1.86 kB |

Application bundle generation complete. [0.267 seconds]

❯ Changes detected. Rebuilding...
✔ Changes detected. Rebuilding...
Browser bundles
Initial chunk files  | Names            |  Raw size
polyfills.js         | polyfills        |  90.20 kB |
main.js              | main             |  46.89 kB |
styles.css           | styles           |  17.20 kB |

                     | Initial total    | 154.29 kB


Server bundles
Initial chunk files  | Names            |  Raw size
polyfills.server.mjs | polyfills.server | 570.97 kB |
main.server.mjs      | main.server      |  48.20 kB |
server.mjs           | server           |   1.86 kB |

Application bundle generation complete. [0.286 seconds]

❯ Changes detected. Rebuilding...
✔ Changes detected. Rebuilding...
Browser bundles
Initial chunk files  | Names            |  Raw size
polyfills.js         | polyfills        |  90.20 kB |
main.js              | main             |  46.89 kB |
styles.css           | styles           |  17.20 kB |

                     | Initial total    | 154.29 kB


Server bundles
Initial chunk files  | Names            |  Raw size
polyfills.server.mjs | polyfills.server | 570.97 kB |
main.server.mjs      | main.server      |  48.20 kB |
server.mjs           | server           |   1.86 kB |

Application bundle generation complete. [0.274 seconds]

❯ Changes detected. Rebuilding...
✔ Changes detected. Rebuilding...
Browser bundles
Initial chunk files  | Names            |  Raw size
polyfills.js         | polyfills        |  90.20 kB |
main.js              | main             |  46.89 kB |
styles.css           | styles           |  17.20 kB |

                     | Initial total    | 154.29 kB


Server bundles
Initial chunk files  | Names            |  Raw size
polyfills.server.mjs | polyfills.server | 570.97 kB |
main.server.mjs      | main.server      |  48.20 kB |
server.mjs           | server           |   1.86 kB |

Application bundle generation complete. [0.280 seconds]

❯ Changes detected. Rebuilding...
✔ Changes detected. Rebuilding...
Browser bundles
Initial chunk files  | Names            |  Raw size
polyfills.js         | polyfills        |  90.20 kB |
main.js              | main             |  46.89 kB |
styles.css           | styles           |  17.20 kB |

                     | Initial total    | 154.29 kB


Server bundles
Initial chunk files  | Names            |  Raw size
polyfills.server.mjs | polyfills.server | 570.97 kB |
main.server.mjs      | main.server      |  48.20 kB |
server.mjs           | server           |   1.86 kB |

Application bundle generation complete. [0.292 seconds]

❯ Changes detected. Rebuilding...
✔ Changes detected. Rebuilding...
Browser bundles
Initial chunk files  | Names            |  Raw size
polyfills.js         | polyfills        |  90.20 kB |
main.js              | main             |  46.89 kB |
styles.css           | styles           |  17.20 kB |

                     | Initial total    | 154.29 kB


Server bundles
Initial chunk files  | Names            |  Raw size
polyfills.server.mjs | polyfills.server | 570.97 kB |
main.server.mjs      | main.server      |  48.20 kB |
server.mjs           | server           |   1.86 kB |

Application bundle generation complete. [0.278 seconds]

❯ Changes detected. Rebuilding...
✔ Changes detected. Rebuilding...
Browser bundles
Initial chunk files  | Names            |  Raw size
polyfills.js         | polyfills        |  90.20 kB |
main.js              | main             |  46.89 kB |
styles.css           | styles           |  17.20 kB |

                     | Initial total    | 154.29 kB


Server bundles
Initial chunk files  | Names            |  Raw size
polyfills.server.mjs | polyfills.server | 570.97 kB |
main.server.mjs      | main.server      |  48.20 kB |
server.mjs           | server           |   1.86 kB |

Application bundle generation complete. [0.281 seconds]

❯ Changes detected. Rebuilding...
✔ Changes detected. Rebuilding...
Browser bundles
Initial chunk files  | Names            |  Raw size
polyfills.js         | polyfills        |  90.20 kB |
main.js              | main             |  46.89 kB |
styles.css           | styles           |  17.20 kB |

                     | Initial total    | 154.29 kB


Server bundles
Initial chunk files  | Names            |  Raw size
polyfills.server.mjs | polyfills.server | 570.97 kB |
main.server.mjs      | main.server      |  48.20 kB |
server.mjs           | server           |   1.86 kB |

Application bundle generation complete. [0.280 seconds]

❯ Changes detected. Rebuilding...
✔ Changes detected. Rebuilding...
Browser bundles
Initial chunk files  | Names            |  Raw size
polyfills.js         | polyfills        |  90.20 kB |
main.js              | main             |  46.89 kB |
styles.css           | styles           |  17.20 kB |

                     | Initial total    | 154.29 kB


Server bundles
Initial chunk files  | Names            |  Raw size
polyfills.server.mjs | polyfills.server | 570.97 kB |
main.server.mjs      | main.server      |  48.20 kB |
server.mjs           | server           |   1.86 kB |

Application bundle generation complete. [0.299 seconds]

❯ Changes detected. Rebuilding...
✔ Changes detected. Rebuilding...
Browser bundles
Initial chunk files  | Names            |  Raw size
polyfills.js         | polyfills        |  90.20 kB |
main.js              | main             |  46.89 kB |
styles.css           | styles           |  17.20 kB |

                     | Initial total    | 154.29 kB


Server bundles
Initial chunk files  | Names            |  Raw size
polyfills.server.mjs | polyfills.server | 570.97 kB |
main.server.mjs      | main.server      |  48.20 kB |
server.mjs           | server           |   1.86 kB |

Application bundle generation complete. [0.302 seconds]

❯ Changes detected. Rebuilding...
✔ Changes detected. Rebuilding...
Browser bundles
Initial chunk files  | Names            |  Raw size
polyfills.js         | polyfills        |  90.20 kB |
main.js              | main             |  46.89 kB |
styles.css           | styles           |  17.20 kB |

                     | Initial total    | 154.29 kB


Server bundles
Initial chunk files  | Names            |  Raw size
polyfills.server.mjs | polyfills.server | 570.97 kB |
main.server.mjs      | main.server      |  48.20 kB |
server.mjs           | server           |   1.86 kB |

Application bundle generation complete. [0.306 seconds]

❯ Changes detected. Rebuilding...
✔ Changes detected. Rebuilding...
Browser bundles
Initial chunk files  | Names            |  Raw size
polyfills.js         | polyfills        |  90.20 kB |
main.js              | main             |  46.89 kB |
styles.css           | styles           |  17.20 kB |

                     | Initial total    | 154.29 kB


Server bundles
Initial chunk files  | Names            |  Raw size
polyfills.server.mjs | polyfills.server | 570.97 kB |
main.server.mjs      | main.server      |  48.20 kB |
server.mjs           | server           |   1.86 kB |

Application bundle generation complete. [0.309 seconds]

❯ Changes detected. Rebuilding...
✔ Changes detected. Rebuilding...
Browser bundles
Initial chunk files  | Names            |  Raw size
polyfills.js         | polyfills        |  90.20 kB |
main.js              | main             |  46.89 kB |
styles.css           | styles           |  17.20 kB |

                     | Initial total    | 154.29 kB


Server bundles
Initial chunk files  | Names            |  Raw size
polyfills.server.mjs | polyfills.server | 570.97 kB |
main.server.mjs      | main.server      |  48.20 kB |
server.mjs           | server           |   1.86 kB |

Application bundle generation complete. [0.302 seconds]

❯ Changes detected. Rebuilding...
✔ Changes detected. Rebuilding...
Browser bundles
Initial chunk files  | Names            |  Raw size
polyfills.js         | polyfills        |  90.20 kB |
main.js              | main             |  46.89 kB |
styles.css           | styles           |  17.20 kB |

                     | Initial total    | 154.29 kB


Server bundles
Initial chunk files  | Names            |  Raw size
polyfills.server.mjs | polyfills.server | 570.97 kB |
main.server.mjs      | main.server      |  48.20 kB |
server.mjs           | server           |   1.86 kB |

Application bundle generation complete. [0.298 seconds]

❯ Changes detected. Rebuilding...
✔ Changes detected. Rebuilding...
Browser bundles
Initial chunk files  | Names            |  Raw size
polyfills.js         | polyfills        |  90.20 kB |
main.js              | main             |  46.89 kB |
styles.css           | styles           |  17.20 kB |

                     | Initial total    | 154.29 kB


Server bundles
Initial chunk files  | Names            |  Raw size
polyfills.server.mjs | polyfills.server | 570.97 kB |
main.server.mjs      | main.server      |  48.20 kB |
server.mjs           | server           |   1.86 kB |

Application bundle generation complete. [0.296 seconds]

❯ Changes detected. Rebuilding...
✔ Changes detected. Rebuilding...
Browser bundles
Initial chunk files  | Names            |  Raw size
polyfills.js         | polyfills        |  90.20 kB |
main.js              | main             |  46.89 kB |
styles.css           | styles           |  17.20 kB |

                     | Initial total    | 154.29 kB


Server bundles
Initial chunk files  | Names            |  Raw size
polyfills.server.mjs | polyfills.server | 570.97 kB |
main.server.mjs      | main.server      |  48.20 kB |
server.mjs           | server           |   1.86 kB |

Application bundle generation complete. [0.300 seconds]

❯ Changes detected. Rebuilding...
✔ Changes detected. Rebuilding...
Browser bundles
Initial chunk files  | Names            |  Raw size
polyfills.js         | polyfills        |  90.20 kB |
main.js              | main             |  46.89 kB |
styles.css           | styles           |  17.20 kB |

                     | Initial total    | 154.29 kB


Server bundles
Initial chunk files  | Names            |  Raw size
polyfills.server.mjs | polyfills.server | 570.97 kB |
main.server.mjs      | main.server      |  48.20 kB |
server.mjs           | server           |   1.86 kB |

Application bundle generation complete. [0.307 seconds]

❯ Changes detected. Rebuilding...
✔ Changes detected. Rebuilding...
Browser bundles
Initial chunk files  | Names            |  Raw size
polyfills.js         | polyfills        |  90.20 kB |
main.js              | main             |  46.89 kB |
styles.css           | styles           |  17.20 kB |

                     | Initial total    | 154.29 kB


Server bundles
Initial chunk files  | Names            |  Raw size
polyfills.server.mjs | polyfills.server | 570.97 kB |
main.server.mjs      | main.server      |  48.20 kB |
server.mjs           | server           |   1.86 kB |

Application bundle generation complete. [0.290 seconds]

❯ Changes detected. Rebuilding...
✔ Changes detected. Rebuilding...
Browser bundles
Initial chunk files  | Names            |  Raw size
polyfills.js         | polyfills        |  90.20 kB |
main.js              | main             |  46.89 kB |
styles.css           | styles           |  17.20 kB |

                     | Initial total    | 154.29 kB


Server bundles
Initial chunk files  | Names            |  Raw size
polyfills.server.mjs | polyfills.server | 570.97 kB |
main.server.mjs      | main.server      |  48.20 kB |
server.mjs           | server           |   1.86 kB |

Application bundle generation complete. [0.301 seconds]

❯ Changes detected. Rebuilding...
✔ Changes detected. Rebuilding...
Browser bundles
Initial chunk files  | Names            |  Raw size
polyfills.js         | polyfills        |  90.20 kB |
main.js              | main             |  46.89 kB |
styles.css           | styles           |  17.20 kB |

                     | Initial total    | 154.29 kB


Server bundles
Initial chunk files  | Names            |  Raw size
polyfills.server.mjs | polyfills.server | 570.97 kB |
main.server.mjs      | main.server      |  48.20 kB |
server.mjs           | server           |   1.86 kB |

Application bundle generation complete. [0.293 seconds]

❯ Changes detected. Rebuilding...
✔ Changes detected. Rebuilding...
Browser bundles
Initial chunk files  | Names            |  Raw size
polyfills.js         | polyfills        |  90.20 kB |
main.js              | main             |  46.89 kB |
styles.css           | styles           |  17.20 kB |

                     | Initial total    | 154.29 kB


Server bundles
Initial chunk files  | Names            |  Raw size
polyfills.server.mjs | polyfills.server | 570.97 kB |
main.server.mjs      | main.server      |  48.20 kB |
server.mjs           | server           |   1.86 kB |

Application bundle generation complete. [0.301 seconds]

❯ Changes detected. Rebuilding...
✔ Changes detected. Rebuilding...
Browser bundles
Initial chunk files  | Names            |  Raw size
polyfills.js         | polyfills        |  90.20 kB |
main.js              | main             |  46.89 kB |
styles.css           | styles           |  17.20 kB |

                     | Initial total    | 154.29 kB


Server bundles
Initial chunk files  | Names            |  Raw size
polyfills.server.mjs | polyfills.server | 570.97 kB |
main.server.mjs      | main.server      |  48.20 kB |
server.mjs           | server           |   1.86 kB |

Application bundle generation complete. [0.303 seconds]

❯ Changes detected. Rebuilding...
✔ Changes detected. Rebuilding...
Browser bundles
Initial chunk files  | Names            |  Raw size
polyfills.js         | polyfills        |  90.20 kB |
main.js              | main             |  46.89 kB |
styles.css           | styles           |  17.20 kB |

                     | Initial total    | 154.29 kB


Server bundles
Initial chunk files  | Names            |  Raw size
polyfills.server.mjs | polyfills.server | 570.97 kB |
main.server.mjs      | main.server      |  48.20 kB |
server.mjs           | server           |   1.86 kB |

Application bundle generation complete. [0.308 seconds]

❯ Changes detected. Rebuilding...
✔ Changes detected. Rebuilding...
Browser bundles
Initial chunk files  | Names            |  Raw size
polyfills.js         | polyfills        |  90.20 kB |
main.js              | main             |  46.89 kB |
styles.css           | styles           |  17.20 kB |

                     | Initial total    | 154.29 kB


Server bundles
Initial chunk files  | Names            |  Raw size
polyfills.server.mjs | polyfills.server | 570.97 kB |
main.server.mjs      | main.server      |  48.20 kB |
server.mjs           | server           |   1.86 kB |

Application bundle generation complete. [0.300 seconds]

❯ Changes detected. Rebuilding...
✔ Changes detected. Rebuilding...
Browser bundles
Initial chunk files  | Names            |  Raw size
polyfills.js         | polyfills        |  90.20 kB |
main.js              | main             |  46.89 kB |
styles.css           | styles           |  17.20 kB |

                     | Initial total    | 154.29 kB


Server bundles
Initial chunk files  | Names            |  Raw size
polyfills.server.mjs | polyfills.server | 570.97 kB |
main.server.mjs      | main.server      |  48.20 kB |
server.mjs           | server           |   1.86 kB |

Application bundle generation complete. [0.298 seconds]

❯ Changes detected. Rebuilding...
✔ Changes detected. Rebuilding...
Browser bundles
Initial chunk files  | Names            |  Raw size
polyfills.js         | polyfills        |  90.20 kB |
main.js              | main             |  46.89 kB |
styles.css           | styles           |  17.20 kB |

                     | Initial total    | 154.29 kB


Server bundles
Initial chunk files  | Names            |  Raw size
polyfills.server.mjs | polyfills.server | 570.97 kB |
main.server.mjs      | main.server      |  48.20 kB |
server.mjs           | server           |   1.86 kB |

Application bundle generation complete. [0.317 seconds]

❯ Changes detected. Rebuilding...
✔ Changes detected. Rebuilding...
Browser bundles
Initial chunk files  | Names            |  Raw size
polyfills.js         | polyfills        |  90.20 kB |
main.js              | main             |  46.89 kB |
styles.css           | styles           |  17.20 kB |

                     | Initial total    | 154.29 kB


Server bundles
Initial chunk files  | Names            |  Raw size
polyfills.server.mjs | polyfills.server | 570.97 kB |
main.server.mjs      | main.server      |  48.20 kB |
server.mjs           | server           |   1.86 kB |

Application bundle generation complete. [0.316 seconds]

❯ Changes detected. Rebuilding...
✔ Changes detected. Rebuilding...
Browser bundles
Initial chunk files  | Names            |  Raw size
polyfills.js         | polyfills        |  90.20 kB |
main.js              | main             |  46.89 kB |
styles.css           | styles           |  17.20 kB |

                     | Initial total    | 154.29 kB


Server bundles
Initial chunk files  | Names            |  Raw size
polyfills.server.mjs | polyfills.server | 570.97 kB |
main.server.mjs      | main.server      |  48.20 kB |
server.mjs           | server           |   1.86 kB |

Application bundle generation complete. [0.309 seconds]

❯ Changes detected. Rebuilding...
✔ Changes detected. Rebuilding...
Browser bundles
Initial chunk files  | Names            |  Raw size
polyfills.js         | polyfills        |  90.20 kB |
main.js              | main             |  46.89 kB |
styles.css           | styles           |  17.20 kB |

                     | Initial total    | 154.29 kB


Server bundles
Initial chunk files  | Names            |  Raw size
polyfills.server.mjs | polyfills.server | 570.97 kB |
main.server.mjs      | main.server      |  48.20 kB |
server.mjs           | server           |   1.86 kB |

Application bundle generation complete. [0.306 seconds]

❯ Changes detected. Rebuilding...
✔ Changes detected. Rebuilding...
Browser bundles
Initial chunk files  | Names            |  Raw size
polyfills.js         | polyfills        |  90.20 kB |
main.js              | main             |  46.89 kB |
styles.css           | styles           |  17.20 kB |

                     | Initial total    | 154.29 kB


Server bundles
Initial chunk files  | Names            |  Raw size
polyfills.server.mjs | polyfills.server | 570.97 kB |
main.server.mjs      | main.server      |  48.20 kB |
server.mjs           | server           |   1.86 kB |

Application bundle generation complete. [0.297 seconds]

❯ Changes detected. Rebuilding...
✔ Changes detected. Rebuilding...
Browser bundles
Initial chunk files  | Names            |  Raw size
polyfills.js         | polyfills        |  90.20 kB |
main.js              | main             |  46.89 kB |
styles.css           | styles           |  17.20 kB |

                     | Initial total    | 154.29 kB


Server bundles
Initial chunk files  | Names            |  Raw size
polyfills.server.mjs | polyfills.server | 570.97 kB |
main.server.mjs      | main.server      |  48.20 kB |
server.mjs           | server           |   1.86 kB |

Application bundle generation complete. [0.298 seconds]

❯ Changes detected. Rebuilding...
✔ Changes detected. Rebuilding...
Browser bundles
Initial chunk files  | Names            |  Raw size
polyfills.js         | polyfills        |  90.20 kB |
main.js              | main             |  46.89 kB |
styles.css           | styles           |  17.20 kB |

                     | Initial total    | 154.29 kB


Server bundles
Initial chunk files  | Names            |  Raw size
polyfills.server.mjs | polyfills.server | 570.97 kB |
main.server.mjs      | main.server      |  48.20 kB |
server.mjs           | server           |   1.86 kB |

Application bundle generation complete. [0.310 seconds]

❯ Changes detected. Rebuilding...
✔ Changes detected. Rebuilding...
Browser bundles
Initial chunk files  | Names            |  Raw size
polyfills.js         | polyfills        |  90.20 kB |
main.js              | main             |  46.89 kB |
styles.css           | styles           |  17.20 kB |

                     | Initial total    | 154.29 kB


Server bundles
Initial chunk files  | Names            |  Raw size
polyfills.server.mjs | polyfills.server | 570.97 kB |
main.server.mjs      | main.server      |  48.20 kB |
server.mjs           | server           |   1.86 kB |

Application bundle generation complete. [0.307 seconds]

❯ Changes detected. Rebuilding...
✔ Changes detected. Rebuilding...
Browser bundles
Initial chunk files  | Names            |  Raw size
polyfills.js         | polyfills        |  90.20 kB |
main.js              | main             |  46.89 kB |
styles.css           | styles           |  17.20 kB |

                     | Initial total    | 154.29 kB


Server bundles
Initial chunk files  | Names            |  Raw size
polyfills.server.mjs | polyfills.server | 570.97 kB |
main.server.mjs      | main.server      |  48.20 kB |
server.mjs           | server           |   1.86 kB |

Application bundle generation complete. [0.303 seconds]

❯ Changes detected. Rebuilding...
✔ Changes detected. Rebuilding...
Browser bundles
Initial chunk files  | Names            |  Raw size
polyfills.js         | polyfills        |  90.20 kB |
main.js              | main             |  46.89 kB |
styles.css           | styles           |  17.20 kB |

                     | Initial total    | 154.29 kB


Server bundles
Initial chunk files  | Names            |  Raw size
polyfills.server.mjs | polyfills.server | 570.97 kB |
main.server.mjs      | main.server      |  48.20 kB |
server.mjs           | server           |   1.86 kB |

Application bundle generation complete. [0.304 seconds]

❯ Changes detected. Rebuilding...
✔ Changes detected. Rebuilding...
Browser bundles
Initial chunk files  | Names            |  Raw size
polyfills.js         | polyfills        |  90.20 kB |
main.js              | main             |  46.89 kB |
styles.css           | styles           |  17.20 kB |

                     | Initial total    | 154.29 kB


Server bundles
Initial chunk files  | Names            |  Raw size
polyfills.server.mjs | polyfills.server | 570.97 kB |
main.server.mjs      | main.server      |  48.20 kB |
server.mjs           | server           |   1.86 kB |

Application bundle generation complete. [0.310 seconds]

❯ Changes detected. Rebuilding...
✔ Changes detected. Rebuilding...
Browser bundles
Initial chunk files  | Names            |  Raw size
polyfills.js         | polyfills        |  90.20 kB |
main.js              | main             |  46.89 kB |
styles.css           | styles           |  17.20 kB |

                     | Initial total    | 154.29 kB


Server bundles
Initial chunk files  | Names            |  Raw size
polyfills.server.mjs | polyfills.server | 570.97 kB |
main.server.mjs      | main.server      |  48.20 kB |
server.mjs           | server           |   1.86 kB |

Application bundle generation complete. [0.309 seconds]

❯ Changes detected. Rebuilding...
✔ Changes detected. Rebuilding...
Browser bundles
Initial chunk files  | Names            |  Raw size
polyfills.js         | polyfills        |  90.20 kB |
main.js              | main             |  46.89 kB |
styles.css           | styles           |  17.20 kB |

                     | Initial total    | 154.29 kB


Server bundles
Initial chunk files  | Names            |  Raw size
polyfills.server.mjs | polyfills.server | 570.97 kB |
main.server.mjs      | main.server      |  48.20 kB |
server.mjs           | server           |   1.86 kB |

Application bundle generation complete. [0.310 seconds]

❯ Changes detected. Rebuilding...
✔ Changes detected. Rebuilding...
Browser bundles
Initial chunk files  | Names            |  Raw size
polyfills.js         | polyfills        |  90.20 kB |
main.js              | main             |  46.89 kB |
styles.css           | styles           |  17.20 kB |

                     | Initial total    | 154.29 kB


Server bundles
Initial chunk files  | Names            |  Raw size
polyfills.server.mjs | polyfills.server | 570.97 kB |
main.server.mjs      | main.server      |  48.20 kB |
server.mjs           | server           |   1.86 kB |

Application bundle generation complete. [0.316 seconds]

❯ Changes detected. Rebuilding...
✔ Changes detected. Rebuilding...
Browser bundles
Initial chunk files  | Names            |  Raw size
polyfills.js         | polyfills        |  90.20 kB |
main.js              | main             |  46.89 kB |
styles.css           | styles           |  17.20 kB |

                     | Initial total    | 154.29 kB


Server bundles
Initial chunk files  | Names            |  Raw size
polyfills.server.mjs | polyfills.server | 570.97 kB |
main.server.mjs      | main.server      |  48.20 kB |
server.mjs           | server           |   1.86 kB |

Application bundle generation complete. [0.320 seconds]

❯ Changes detected. Rebuilding...
✔ Changes detected. Rebuilding...
Browser bundles
Initial chunk files  | Names            |  Raw size
polyfills.js         | polyfills        |  90.20 kB |
main.js              | main             |  46.89 kB |
styles.css           | styles           |  17.20 kB |

                     | Initial total    | 154.29 kB


Server bundles
Initial chunk files  | Names            |  Raw size
polyfills.server.mjs | polyfills.server | 570.97 kB |
main.server.mjs      | main.server      |  48.20 kB |
server.mjs           | server           |   1.86 kB |

Application bundle generation complete. [0.319 seconds]

❯ Changes detected. Rebuilding...
✔ Changes detected. Rebuilding...
Browser bundles
Initial chunk files  | Names            |  Raw size
polyfills.js         | polyfills        |  90.20 kB |
main.js              | main             |  46.89 kB |
styles.css           | styles           |  17.20 kB |

                     | Initial total    | 154.29 kB


Server bundles
Initial chunk files  | Names            |  Raw size
polyfills.server.mjs | polyfills.server | 570.97 kB |
main.server.mjs      | main.server      |  48.20 kB |
server.mjs           | server           |   1.86 kB |

Application bundle generation complete. [0.303 seconds]

❯ Changes detected. Rebuilding...
✔ Changes detected. Rebuilding...
Browser bundles
Initial chunk files  | Names            |  Raw size
polyfills.js         | polyfills        |  90.20 kB |
main.js              | main             |  46.89 kB |
styles.css           | styles           |  17.20 kB |

                     | Initial total    | 154.29 kB


Server bundles
Initial chunk files  | Names            |  Raw size
polyfills.server.mjs | polyfills.server | 570.97 kB |
main.server.mjs      | main.server      |  48.20 kB |
server.mjs           | server           |   1.86 kB |

Application bundle generation complete. [0.307 seconds]

❯ Changes detected. Rebuilding...
✔ Changes detected. Rebuilding...
Browser bundles
Initial chunk files  | Names            |  Raw size
polyfills.js         | polyfills        |  90.20 kB |
main.js              | main             |  46.89 kB |
styles.css           | styles           |  17.20 kB |

                     | Initial total    | 154.29 kB


Server bundles
Initial chunk files  | Names            |  Raw size
polyfills.server.mjs | polyfills.server | 570.97 kB |
main.server.mjs      | main.server      |  48.20 kB |
server.mjs           | server           |   1.86 kB |

Application bundle generation complete. [0.327 seconds]

❯ Changes detected. Rebuilding...
✔ Changes detected. Rebuilding...
Browser bundles
Initial chunk files  | Names            |  Raw size
polyfills.js         | polyfills        |  90.20 kB |
main.js              | main             |  46.89 kB |
styles.css           | styles           |  17.20 kB |

                     | Initial total    | 154.29 kB


Server bundles
Initial chunk files  | Names            |  Raw size
polyfills.server.mjs | polyfills.server | 570.97 kB |
main.server.mjs      | main.server      |  48.20 kB |
server.mjs           | server           |   1.86 kB |

Application bundle generation complete. [0.313 seconds]

❯ Changes detected. Rebuilding...
✔ Changes detected. Rebuilding...
Browser bundles
Initial chunk files  | Names            |  Raw size
polyfills.js         | polyfills        |  90.20 kB |
main.js              | main             |  46.89 kB |
styles.css           | styles           |  17.20 kB |

                     | Initial total    | 154.29 kB


Server bundles
Initial chunk files  | Names            |  Raw size
polyfills.server.mjs | polyfills.server | 570.97 kB |
main.server.mjs      | main.server      |  48.20 kB |
server.mjs           | server           |   1.86 kB |

Application bundle generation complete. [0.310 seconds]

❯ Changes detected. Rebuilding...
✔ Changes detected. Rebuilding...
Browser bundles
Initial chunk files  | Names            |  Raw size
polyfills.js         | polyfills        |  90.20 kB |
main.js              | main             |  46.89 kB |
styles.css           | styles           |  17.20 kB |

                     | Initial total    | 154.29 kB


Server bundles
Initial chunk files  | Names            |  Raw size
polyfills.server.mjs | polyfills.server | 570.97 kB |
main.server.mjs      | main.server      |  48.20 kB |
server.mjs           | server           |   1.86 kB |

Application bundle generation complete. [0.314 seconds]

❯ Changes detected. Rebuilding...
✔ Changes detected. Rebuilding...
Browser bundles
Initial chunk files  | Names            |  Raw size
polyfills.js         | polyfills        |  90.20 kB |
main.js              | main             |  46.89 kB |
styles.css           | styles           |  17.20 kB |

                     | Initial total    | 154.29 kB


Server bundles
Initial chunk files  | Names            |  Raw size
polyfills.server.mjs | polyfills.server | 570.97 kB |
main.server.mjs      | main.server      |  48.20 kB |
server.mjs           | server           |   1.86 kB |

Application bundle generation complete. [0.393 seconds]

❯ Changes detected. Rebuilding...
✔ Changes detected. Rebuilding...
Browser bundles
Initial chunk files  | Names            |  Raw size
polyfills.js         | polyfills        |  90.20 kB |
main.js              | main             |  46.89 kB |
styles.css           | styles           |  17.20 kB |

                     | Initial total    | 154.29 kB


Server bundles
Initial chunk files  | Names            |  Raw size
polyfills.server.mjs | polyfills.server | 570.97 kB |
main.server.mjs      | main.server      |  48.20 kB |
server.mjs           | server           |   1.86 kB |

Application bundle generation complete. [0.417 seconds]

❯ Changes detected. Rebuilding...
✔ Changes detected. Rebuilding...
Browser bundles
Initial chunk files  | Names            |  Raw size
polyfills.js         | polyfills        |  90.20 kB |
main.js              | main             |  46.89 kB |
styles.css           | styles           |  17.20 kB |

                     | Initial total    | 154.29 kB


Server bundles
Initial chunk files  | Names            |  Raw size
polyfills.server.mjs | polyfills.server | 570.97 kB |
main.server.mjs      | main.server      |  48.20 kB |
server.mjs           | server           |   1.86 kB |

Application bundle generation complete. [0.431 seconds]

❯ Changes detected. Rebuilding...
✔ Changes detected. Rebuilding...
Browser bundles
Initial chunk files  | Names            |  Raw size
polyfills.js         | polyfills        |  90.20 kB |
main.js              | main             |  46.89 kB |
styles.css           | styles           |  17.20 kB |

                     | Initial total    | 154.29 kB


Server bundles
Initial chunk files  | Names            |  Raw size
polyfills.server.mjs | polyfills.server | 570.97 kB |
main.server.mjs      | main.server      |  48.20 kB |
server.mjs           | server           |   1.86 kB |

Application bundle generation complete. [0.421 seconds]

❯ Changes detected. Rebuilding...
✔ Changes detected. Rebuilding...
Browser bundles
Initial chunk files  | Names            |  Raw size
polyfills.js         | polyfills        |  90.20 kB |
main.js              | main             |  46.89 kB |
styles.css           | styles           |  17.20 kB |

                     | Initial total    | 154.29 kB


Server bundles
Initial chunk files  | Names            |  Raw size
polyfills.server.mjs | polyfills.server | 570.97 kB |
main.server.mjs      | main.server      |  48.20 kB |
server.mjs           | server           |   1.86 kB |

Application bundle generation complete. [0.516 seconds]

❯ Changes detected. Rebuilding...
✔ Changes detected. Rebuilding...
Browser bundles
Initial chunk files  | Names            |  Raw size
polyfills.js         | polyfills        |  90.20 kB |
main.js              | main             |  46.89 kB |
styles.css           | styles           |  17.20 kB |

                     | Initial total    | 154.29 kB


Server bundles
Initial chunk files  | Names            |  Raw size
polyfills.server.mjs | polyfills.server | 570.97 kB |
main.server.mjs      | main.server      |  48.20 kB |
server.mjs           | server           |   1.86 kB |

Application bundle generation complete. [0.343 seconds]

❯ Changes detected. Rebuilding...
✔ Changes detected. Rebuilding...
Browser bundles
Initial chunk files  | Names            |  Raw size
polyfills.js         | polyfills        |  90.20 kB |
main.js              | main             |  46.89 kB |
styles.css           | styles           |  17.20 kB |

                     | Initial total    | 154.29 kB


Server bundles
Initial chunk files  | Names            |  Raw size
polyfills.server.mjs | polyfills.server | 570.97 kB |
main.server.mjs      | main.server      |  48.20 kB |
server.mjs           | server           |   1.86 kB |

Application bundle generation complete. [0.323 seconds]

❯ Changes detected. Rebuilding...
✔ Changes detected. Rebuilding...
Browser bundles
Initial chunk files  | Names            |  Raw size
polyfills.js         | polyfills        |  90.20 kB |
main.js              | main             |  46.89 kB |
styles.css           | styles           |  17.20 kB |

                     | Initial total    | 154.29 kB


Server bundles
Initial chunk files  | Names            |  Raw size
polyfills.server.mjs | polyfills.server | 570.97 kB |
main.server.mjs      | main.server      |  48.20 kB |
server.mjs           | server           |   1.86 kB |

Application bundle generation complete. [0.324 seconds]

❯ Changes detected. Rebuilding...
✔ Changes detected. Rebuilding...
Browser bundles
Initial chunk files  | Names            |  Raw size
polyfills.js         | polyfills        |  90.20 kB |
main.js              | main             |  46.89 kB |
styles.css           | styles           |  17.20 kB |

                     | Initial total    | 154.29 kB


Server bundles
Initial chunk files  | Names            |  Raw size
polyfills.server.mjs | polyfills.server | 570.97 kB |
main.server.mjs      | main.server      |  48.20 kB |
server.mjs           | server           |   1.86 kB |

Application bundle generation complete. [0.356 seconds]

❯ Changes detected. Rebuilding...
✔ Changes detected. Rebuilding...
Browser bundles
Initial chunk files  | Names            |  Raw size
polyfills.js         | polyfills        |  90.20 kB |
main.js              | main             |  46.89 kB |
styles.css           | styles           |  17.20 kB |

                     | Initial total    | 154.29 kB


Server bundles
Initial chunk files  | Names            |  Raw size
polyfills.server.mjs | polyfills.server | 570.97 kB |
main.server.mjs      | main.server      |  48.20 kB |
server.mjs           | server           |   1.86 kB |

Application bundle generation complete. [0.347 seconds]

❯ Changes detected. Rebuilding...
✔ Changes detected. Rebuilding...
Browser bundles
Initial chunk files  | Names            |  Raw size
polyfills.js         | polyfills        |  90.20 kB |
main.js              | main             |  46.89 kB |
styles.css           | styles           |  17.20 kB |

                     | Initial total    | 154.29 kB


Server bundles
Initial chunk files  | Names            |  Raw size
polyfills.server.mjs | polyfills.server | 570.97 kB |
main.server.mjs      | main.server      |  48.20 kB |
server.mjs           | server           |   1.86 kB |

Application bundle generation complete. [0.332 seconds]

❯ Changes detected. Rebuilding...
✔ Changes detected. Rebuilding...
Browser bundles
Initial chunk files  | Names            |  Raw size
polyfills.js         | polyfills        |  90.20 kB |
main.js              | main             |  46.89 kB |
styles.css           | styles           |  17.20 kB |

                     | Initial total    | 154.29 kB


Server bundles
Initial chunk files  | Names            |  Raw size
polyfills.server.mjs | polyfills.server | 570.97 kB |
main.server.mjs      | main.server      |  48.20 kB |
server.mjs           | server           |   1.86 kB |

Application bundle generation complete. [0.352 seconds]

❯ Changes detected. Rebuilding...
✔ Changes detected. Rebuilding...
Browser bundles
Initial chunk files  | Names            |  Raw size
polyfills.js         | polyfills        |  90.20 kB |
main.js              | main             |  46.89 kB |
styles.css           | styles           |  17.20 kB |

                     | Initial total    | 154.29 kB


Server bundles
Initial chunk files  | Names            |  Raw size
polyfills.server.mjs | polyfills.server | 570.97 kB |
main.server.mjs      | main.server      |  48.20 kB |
server.mjs           | server           |   1.86 kB |

Application bundle generation complete. [0.357 seconds]

❯ Changes detected. Rebuilding...
✔ Changes detected. Rebuilding...
Browser bundles
Initial chunk files  | Names            |  Raw size
polyfills.js         | polyfills        |  90.20 kB |
main.js              | main             |  46.89 kB |
styles.css           | styles           |  17.20 kB |

                     | Initial total    | 154.29 kB


Server bundles
Initial chunk files  | Names            |  Raw size
polyfills.server.mjs | polyfills.server | 570.97 kB |
main.server.mjs      | main.server      |  48.20 kB |
server.mjs           | server           |   1.86 kB |

Application bundle generation complete. [0.362 seconds]

❯ Changes detected. Rebuilding...
✔ Changes detected. Rebuilding...
Browser bundles
Initial chunk files  | Names            |  Raw size
polyfills.js         | polyfills        |  90.20 kB |
main.js              | main             |  46.89 kB |
styles.css           | styles           |  17.20 kB |

                     | Initial total    | 154.29 kB


Server bundles
Initial chunk files  | Names            |  Raw size
polyfills.server.mjs | polyfills.server | 570.97 kB |
main.server.mjs      | main.server      |  48.20 kB |
server.mjs           | server           |   1.86 kB |

Application bundle generation complete. [0.347 seconds]

❯ Changes detected. Rebuilding...
✔ Changes detected. Rebuilding...
Browser bundles
Initial chunk files  | Names            |  Raw size
polyfills.js         | polyfills        |  90.20 kB |
main.js              | main             |  46.89 kB |
styles.css           | styles           |  17.20 kB |

                     | Initial total    | 154.29 kB


Server bundles
Initial chunk files  | Names            |  Raw size
polyfills.server.mjs | polyfills.server | 570.97 kB |
main.server.mjs      | main.server      |  48.20 kB |
server.mjs           | server           |   1.86 kB |

Application bundle generation complete. [0.377 seconds]

❯ Changes detected. Rebuilding...
✔ Changes detected. Rebuilding...
Browser bundles
Initial chunk files  | Names            |  Raw size
polyfills.js         | polyfills        |  90.20 kB |
main.js              | main             |  46.89 kB |
styles.css           | styles           |  17.20 kB |

                     | Initial total    | 154.29 kB


Server bundles
Initial chunk files  | Names            |  Raw size
polyfills.server.mjs | polyfills.server | 570.97 kB |
main.server.mjs      | main.server      |  48.20 kB |
server.mjs           | server           |   1.86 kB |

Application bundle generation complete. [0.332 seconds]

❯ Changes detected. Rebuilding...
✔ Changes detected. Rebuilding...
Browser bundles
Initial chunk files  | Names            |  Raw size
polyfills.js         | polyfills        |  90.20 kB |
main.js              | main             |  46.89 kB |
styles.css           | styles           |  17.20 kB |

                     | Initial total    | 154.29 kB


Server bundles
Initial chunk files  | Names            |  Raw size
polyfills.server.mjs | polyfills.server | 570.97 kB |
main.server.mjs      | main.server      |  48.20 kB |
server.mjs           | server           |   1.86 kB |

Application bundle generation complete. [0.327 seconds]

❯ Changes detected. Rebuilding...
✔ Changes detected. Rebuilding...
Browser bundles
Initial chunk files  | Names            |  Raw size
polyfills.js         | polyfills        |  90.20 kB |
main.js              | main             |  46.89 kB |
styles.css           | styles           |  17.20 kB |

                     | Initial total    | 154.29 kB


Server bundles
Initial chunk files  | Names            |  Raw size
polyfills.server.mjs | polyfills.server | 570.97 kB |
main.server.mjs      | main.server      |  48.20 kB |
server.mjs           | server           |   1.86 kB |

Application bundle generation complete. [0.330 seconds]

❯ Changes detected. Rebuilding...
✔ Changes detected. Rebuilding...
Browser bundles
Initial chunk files  | Names            |  Raw size
polyfills.js         | polyfills        |  90.20 kB |
main.js              | main             |  46.89 kB |
styles.css           | styles           |  17.20 kB |

                     | Initial total    | 154.29 kB


Server bundles
Initial chunk files  | Names            |  Raw size
polyfills.server.mjs | polyfills.server | 570.97 kB |
main.server.mjs      | main.server      |  48.20 kB |
server.mjs           | server           |   1.86 kB |

Application bundle generation complete. [0.319 seconds]

❯ Changes detected. Rebuilding...
✔ Changes detected. Rebuilding...
Browser bundles
Initial chunk files  | Names            |  Raw size
polyfills.js         | polyfills        |  90.20 kB |
main.js              | main             |  46.89 kB |
styles.css           | styles           |  17.20 kB |

                     | Initial total    | 154.29 kB


Server bundles
Initial chunk files  | Names            |  Raw size
polyfills.server.mjs | polyfills.server | 570.97 kB |
main.server.mjs      | main.server      |  48.20 kB |
server.mjs           | server           |   1.86 kB |

Application bundle generation complete. [0.329 seconds]

❯ Changes detected. Rebuilding...
✔ Changes detected. Rebuilding...
Browser bundles
Initial chunk files  | Names            |  Raw size
polyfills.js         | polyfills        |  90.20 kB |
main.js              | main             |  46.89 kB |
styles.css           | styles           |  17.20 kB |

                     | Initial total    | 154.29 kB


Server bundles
Initial chunk files  | Names            |  Raw size
polyfills.server.mjs | polyfills.server | 570.97 kB |
main.server.mjs      | main.server      |  48.20 kB |
server.mjs           | server           |   1.86 kB |

Application bundle generation complete. [0.330 seconds]

❯ Changes detected. Rebuilding...
✔ Changes detected. Rebuilding...
Browser bundles
Initial chunk files  | Names            |  Raw size
polyfills.js         | polyfills        |  90.20 kB |
main.js              | main             |  46.89 kB |
styles.css           | styles           |  17.20 kB |

                     | Initial total    | 154.29 kB


Server bundles
Initial chunk files  | Names            |  Raw size
polyfills.server.mjs | polyfills.server | 570.97 kB |
main.server.mjs      | main.server      |  48.20 kB |
server.mjs           | server           |   1.86 kB |

Application bundle generation complete. [0.362 seconds]

❯ Changes detected. Rebuilding...
✔ Changes detected. Rebuilding...
Browser bundles
Initial chunk files  | Names            |  Raw size
polyfills.js         | polyfills        |  90.20 kB |
main.js              | main             |  46.89 kB |
styles.css           | styles           |  17.20 kB |

                     | Initial total    | 154.29 kB


Server bundles
Initial chunk files  | Names            |  Raw size
polyfills.server.mjs | polyfills.server | 570.97 kB |
main.server.mjs      | main.server      |  48.20 kB |
server.mjs           | server           |   1.86 kB |

Application bundle generation complete. [0.327 seconds]

❯ Changes detected. Rebuilding...
✔ Changes detected. Rebuilding...
Browser bundles
Initial chunk files  | Names            |  Raw size
polyfills.js         | polyfills        |  90.20 kB |
main.js              | main             |  46.89 kB |
styles.css           | styles           |  17.20 kB |

                     | Initial total    | 154.29 kB


Server bundles
Initial chunk files  | Names            |  Raw size
polyfills.server.mjs | polyfills.server | 570.97 kB |
main.server.mjs      | main.server      |  48.20 kB |
server.mjs           | server           |   1.86 kB |

Application bundle generation complete. [0.335 seconds]

❯ Changes detected. Rebuilding...
✔ Changes detected. Rebuilding...
Browser bundles
Initial chunk files  | Names            |  Raw size
polyfills.js         | polyfills        |  90.20 kB |
main.js              | main             |  46.89 kB |
styles.css           | styles           |  17.20 kB |

                     | Initial total    | 154.29 kB


Server bundles
Initial chunk files  | Names            |  Raw size
polyfills.server.mjs | polyfills.server | 570.97 kB |
main.server.mjs      | main.server      |  48.20 kB |
server.mjs           | server           |   1.86 kB |

Application bundle generation complete. [0.345 seconds]

❯ Changes detected. Rebuilding...
✔ Changes detected. Rebuilding...
Browser bundles
Initial chunk files  | Names            |  Raw size
polyfills.js         | polyfills        |  90.20 kB |
main.js              | main             |  46.89 kB |
styles.css           | styles           |  17.20 kB |

                     | Initial total    | 154.29 kB


Server bundles
Initial chunk files  | Names            |  Raw size
polyfills.server.mjs | polyfills.server | 570.97 kB |
main.server.mjs      | main.server      |  48.20 kB |
server.mjs           | server           |   1.86 kB |

Application bundle generation complete. [0.380 seconds]

❯ Changes detected. Rebuilding...
✔ Changes detected. Rebuilding...
Browser bundles
Initial chunk files  | Names            |  Raw size
polyfills.js         | polyfills        |  90.20 kB |
main.js              | main             |  46.89 kB |
styles.css           | styles           |  17.20 kB |

                     | Initial total    | 154.29 kB


Server bundles
Initial chunk files  | Names            |  Raw size
polyfills.server.mjs | polyfills.server | 570.97 kB |
main.server.mjs      | main.server      |  48.20 kB |
server.mjs           | server           |   1.86 kB |

Application bundle generation complete. [0.375 seconds]

❯ Changes detected. Rebuilding...
✔ Changes detected. Rebuilding...
Browser bundles
Initial chunk files  | Names            |  Raw size
polyfills.js         | polyfills        |  90.20 kB |
main.js              | main             |  46.89 kB |
styles.css           | styles           |  17.20 kB |

                     | Initial total    | 154.29 kB


Server bundles
Initial chunk files  | Names            |  Raw size
polyfills.server.mjs | polyfills.server | 570.97 kB |
main.server.mjs      | main.server      |  48.20 kB |
server.mjs           | server           |   1.86 kB |

Application bundle generation complete. [0.365 seconds]

❯ Changes detected. Rebuilding...
✔ Changes detected. Rebuilding...
Browser bundles
Initial chunk files  | Names            |  Raw size
polyfills.js         | polyfills        |  90.20 kB |
main.js              | main             |  46.89 kB |
styles.css           | styles           |  17.20 kB |

                     | Initial total    | 154.29 kB


Server bundles
Initial chunk files  | Names            |  Raw size
polyfills.server.mjs | polyfills.server | 570.97 kB |
main.server.mjs      | main.server      |  48.20 kB |
server.mjs           | server           |   1.86 kB |

Application bundle generation complete. [0.378 seconds]

❯ Changes detected. Rebuilding...
✔ Changes detected. Rebuilding...
Browser bundles
Initial chunk files  | Names            |  Raw size
polyfills.js         | polyfills        |  90.20 kB |
main.js              | main             |  46.89 kB |
styles.css           | styles           |  17.20 kB |

                     | Initial total    | 154.29 kB


Server bundles
Initial chunk files  | Names            |  Raw size
polyfills.server.mjs | polyfills.server | 570.97 kB |
main.server.mjs      | main.server      |  48.20 kB |
server.mjs           | server           |   1.86 kB |

Application bundle generation complete. [0.342 seconds]

❯ Changes detected. Rebuilding...
✔ Changes detected. Rebuilding...
Browser bundles
Initial chunk files  | Names            |  Raw size
polyfills.js         | polyfills        |  90.20 kB |
main.js              | main             |  46.89 kB |
styles.css           | styles           |  17.20 kB |

                     | Initial total    | 154.29 kB


Server bundles
Initial chunk files  | Names            |  Raw size
polyfills.server.mjs | polyfills.server | 570.97 kB |
main.server.mjs      | main.server      |  48.20 kB |
server.mjs           | server           |   1.86 kB |

Application bundle generation complete. [0.381 seconds]

❯ Changes detected. Rebuilding...
✔ Changes detected. Rebuilding...
Browser bundles
Initial chunk files  | Names            |  Raw size
polyfills.js         | polyfills        |  90.20 kB |
main.js              | main             |  46.89 kB |
styles.css           | styles           |  17.20 kB |

                     | Initial total    | 154.29 kB


Server bundles
Initial chunk files  | Names            |  Raw size
polyfills.server.mjs | polyfills.server | 570.97 kB |
main.server.mjs      | main.server      |  48.20 kB |
server.mjs           | server           |   1.86 kB |

Application bundle generation complete. [0.352 seconds]

❯ Changes detected. Rebuilding...
✔ Changes detected. Rebuilding...
Browser bundles
Initial chunk files  | Names            |  Raw size
polyfills.js         | polyfills        |  90.20 kB |
main.js              | main             |  46.89 kB |
styles.css           | styles           |  17.20 kB |

                     | Initial total    | 154.29 kB


Server bundles
Initial chunk files  | Names            |  Raw size
polyfills.server.mjs | polyfills.server | 570.97 kB |
main.server.mjs      | main.server      |  48.20 kB |
server.mjs           | server           |   1.86 kB |

Application bundle generation complete. [0.389 seconds]

❯ Changes detected. Rebuilding...
✔ Changes detected. Rebuilding...
Browser bundles
Initial chunk files  | Names            |  Raw size
polyfills.js         | polyfills        |  90.20 kB |
main.js              | main             |  46.89 kB |
styles.css           | styles           |  17.20 kB |

                     | Initial total    | 154.29 kB


Server bundles
Initial chunk files  | Names            |  Raw size
polyfills.server.mjs | polyfills.server | 570.97 kB |
main.server.mjs      | main.server      |  48.20 kB |
server.mjs           | server           |   1.86 kB |

Application bundle generation complete. [0.359 seconds]

❯ Changes detected. Rebuilding...
✔ Changes detected. Rebuilding...
Browser bundles
Initial chunk files  | Names            |  Raw size
polyfills.js         | polyfills        |  90.20 kB |
main.js              | main             |  46.89 kB |
styles.css           | styles           |  17.20 kB |

                     | Initial total    | 154.29 kB


Server bundles
Initial chunk files  | Names            |  Raw size
polyfills.server.mjs | polyfills.server | 570.97 kB |
main.server.mjs      | main.server      |  48.20 kB |
server.mjs           | server           |   1.86 kB |

Application bundle generation complete. [0.393 seconds]

❯ Changes detected. Rebuilding...
✔ Changes detected. Rebuilding...
Browser bundles
Initial chunk files  | Names            |  Raw size
polyfills.js         | polyfills        |  90.20 kB |
main.js              | main             |  46.89 kB |
styles.css           | styles           |  17.20 kB |

                     | Initial total    | 154.29 kB


Server bundles
Initial chunk files  | Names            |  Raw size
polyfills.server.mjs | polyfills.server | 570.97 kB |
main.server.mjs      | main.server      |  48.20 kB |
server.mjs           | server           |   1.86 kB |

Application bundle generation complete. [0.406 seconds]

❯ Changes detected. Rebuilding...
✔ Changes detected. Rebuilding...
Browser bundles
Initial chunk files  | Names            |  Raw size
polyfills.js         | polyfills        |  90.20 kB |
main.js              | main             |  46.89 kB |
styles.css           | styles           |  17.20 kB |

                     | Initial total    | 154.29 kB


Server bundles
Initial chunk files  | Names            |  Raw size
polyfills.server.mjs | polyfills.server | 570.97 kB |
main.server.mjs      | main.server      |  48.20 kB |
server.mjs           | server           |   1.86 kB |

Application bundle generation complete. [0.392 seconds]

❯ Changes detected. Rebuilding...
✔ Changes detected. Rebuilding...
Browser bundles
Initial chunk files  | Names            |  Raw size
polyfills.js         | polyfills        |  90.20 kB |
main.js              | main             |  46.89 kB |
styles.css           | styles           |  17.20 kB |

                     | Initial total    | 154.29 kB


Server bundles
Initial chunk files  | Names            |  Raw size
polyfills.server.mjs | polyfills.server | 570.97 kB |
main.server.mjs      | main.server      |  48.20 kB |
server.mjs           | server           |   1.86 kB |

Application bundle generation complete. [0.366 seconds]

❯ Changes detected. Rebuilding...
✔ Changes detected. Rebuilding...
Browser bundles
Initial chunk files  | Names            |  Raw size
polyfills.js         | polyfills        |  90.20 kB |
main.js              | main             |  46.89 kB |
styles.css           | styles           |  17.20 kB |

                     | Initial total    | 154.29 kB


Server bundles
Initial chunk files  | Names            |  Raw size
polyfills.server.mjs | polyfills.server | 570.97 kB |
main.server.mjs      | main.server      |  48.20 kB |
server.mjs           | server           |   1.86 kB |

Application bundle generation complete. [0.418 seconds]

❯ Changes detected. Rebuilding...
✔ Changes detected. Rebuilding...
Browser bundles
Initial chunk files  | Names            |  Raw size
polyfills.js         | polyfills        |  90.20 kB |
main.js              | main             |  46.89 kB |
styles.css           | styles           |  17.20 kB |

                     | Initial total    | 154.29 kB


Server bundles
Initial chunk files  | Names            |  Raw size
polyfills.server.mjs | polyfills.server | 570.97 kB |
main.server.mjs      | main.server      |  48.20 kB |
server.mjs           | server           |   1.86 kB |

Application bundle generation complete. [0.385 seconds]

❯ Changes detected. Rebuilding...
✔ Changes detected. Rebuilding...
Browser bundles
Initial chunk files  | Names            |  Raw size
polyfills.js         | polyfills        |  90.20 kB |
main.js              | main             |  46.89 kB |
styles.css           | styles           |  17.20 kB |

                     | Initial total    | 154.29 kB


Server bundles
Initial chunk files  | Names            |  Raw size
polyfills.server.mjs | polyfills.server | 570.97 kB |
main.server.mjs      | main.server      |  48.20 kB |
server.mjs           | server           |   1.86 kB |

Application bundle generation complete. [0.369 seconds]

❯ Changes detected. Rebuilding...
✔ Changes detected. Rebuilding...
Browser bundles
Initial chunk files  | Names            |  Raw size
polyfills.js         | polyfills        |  90.20 kB |
main.js              | main             |  46.89 kB |
styles.css           | styles           |  17.20 kB |

                     | Initial total    | 154.29 kB


Server bundles
Initial chunk files  | Names            |  Raw size
polyfills.server.mjs | polyfills.server | 570.97 kB |
main.server.mjs      | main.server      |  48.20 kB |
server.mjs           | server           |   1.86 kB |

Application bundle generation complete. [0.397 seconds]

❯ Changes detected. Rebuilding...
✔ Changes detected. Rebuilding...
Browser bundles
Initial chunk files  | Names            |  Raw size
polyfills.js         | polyfills        |  90.20 kB |
main.js              | main             |  46.89 kB |
styles.css           | styles           |  17.20 kB |

                     | Initial total    | 154.29 kB


Server bundles
Initial chunk files  | Names            |  Raw size
polyfills.server.mjs | polyfills.server | 570.97 kB |
main.server.mjs      | main.server      |  48.20 kB |
server.mjs           | server           |   1.86 kB |

Application bundle generation complete. [0.342 seconds]

❯ Changes detected. Rebuilding...
✔ Changes detected. Rebuilding...
Browser bundles
Initial chunk files  | Names            |  Raw size
polyfills.js         | polyfills        |  90.20 kB |
main.js              | main             |  46.89 kB |
styles.css           | styles           |  17.20 kB |

                     | Initial total    | 154.29 kB


Server bundles
Initial chunk files  | Names            |  Raw size
polyfills.server.mjs | polyfills.server | 570.97 kB |
main.server.mjs      | main.server      |  48.20 kB |
server.mjs           | server           |   1.86 kB |

Application bundle generation complete. [0.399 seconds]

❯ Changes detected. Rebuilding...
✔ Changes detected. Rebuilding...
Browser bundles
Initial chunk files  | Names            |  Raw size
polyfills.js         | polyfills        |  90.20 kB |
main.js              | main             |  46.89 kB |
styles.css           | styles           |  17.20 kB |

                     | Initial total    | 154.29 kB


Server bundles
Initial chunk files  | Names            |  Raw size
polyfills.server.mjs | polyfills.server | 570.97 kB |
main.server.mjs      | main.server      |  48.20 kB |
server.mjs           | server           |   1.86 kB |

Application bundle generation complete. [0.375 seconds]

❯ Changes detected. Rebuilding...
✔ Changes detected. Rebuilding...
Browser bundles
Initial chunk files  | Names            |  Raw size
polyfills.js         | polyfills        |  90.20 kB |
main.js              | main             |  46.89 kB |
styles.css           | styles           |  17.20 kB |

                     | Initial total    | 154.29 kB


Server bundles
Initial chunk files  | Names            |  Raw size
polyfills.server.mjs | polyfills.server | 570.97 kB |
main.server.mjs      | main.server      |  48.20 kB |
server.mjs           | server           |   1.86 kB |

Application bundle generation complete. [0.385 seconds]

❯ Changes detected. Rebuilding...
✔ Changes detected. Rebuilding...
Browser bundles
Initial chunk files  | Names            |  Raw size
polyfills.js         | polyfills        |  90.20 kB |
main.js              | main             |  46.89 kB |
styles.css           | styles           |  17.20 kB |

                     | Initial total    | 154.29 kB


Server bundles
Initial chunk files  | Names            |  Raw size
polyfills.server.mjs | polyfills.server | 570.97 kB |
main.server.mjs      | main.server      |  48.20 kB |
server.mjs           | server           |   1.86 kB |

Application bundle generation complete. [0.393 seconds]

❯ Changes detected. Rebuilding...
✔ Changes detected. Rebuilding...
Browser bundles
Initial chunk files  | Names            |  Raw size
polyfills.js         | polyfills        |  90.20 kB |
main.js              | main             |  46.89 kB |
styles.css           | styles           |  17.20 kB |

                     | Initial total    | 154.29 kB


Server bundles
Initial chunk files  | Names            |  Raw size
polyfills.server.mjs | polyfills.server | 570.97 kB |
main.server.mjs      | main.server      |  48.20 kB |
server.mjs           | server           |   1.86 kB |

Application bundle generation complete. [0.362 seconds]

❯ Changes detected. Rebuilding...
✔ Changes detected. Rebuilding...
Browser bundles
Initial chunk files  | Names            |  Raw size
polyfills.js         | polyfills        |  90.20 kB |
main.js              | main             |  46.89 kB |
styles.css           | styles           |  17.20 kB |

                     | Initial total    | 154.29 kB


Server bundles
Initial chunk files  | Names            |  Raw size
polyfills.server.mjs | polyfills.server | 570.97 kB |
main.server.mjs      | main.server      |  48.20 kB |
server.mjs           | server           |   1.86 kB |

Application bundle generation complete. [0.366 seconds]

❯ Changes detected. Rebuilding...
✔ Changes detected. Rebuilding...
Browser bundles
Initial chunk files  | Names            |  Raw size
polyfills.js         | polyfills        |  90.20 kB |
main.js              | main             |  46.89 kB |
styles.css           | styles           |  17.20 kB |

                     | Initial total    | 154.29 kB


Server bundles
Initial chunk files  | Names            |  Raw size
polyfills.server.mjs | polyfills.server | 570.97 kB |
main.server.mjs      | main.server      |  48.20 kB |
server.mjs           | server           |   1.86 kB |

Application bundle generation complete. [0.377 seconds]

❯ Changes detected. Rebuilding...
✔ Changes detected. Rebuilding...
Browser bundles
Initial chunk files  | Names            |  Raw size
polyfills.js         | polyfills        |  90.20 kB |
main.js              | main             |  46.89 kB |
styles.css           | styles           |  17.20 kB |

                     | Initial total    | 154.29 kB


Server bundles
Initial chunk files  | Names            |  Raw size
polyfills.server.mjs | polyfills.server | 570.97 kB |
main.server.mjs      | main.server      |  48.20 kB |
server.mjs           | server           |   1.86 kB |

Application bundle generation complete. [0.365 seconds]

❯ Changes detected. Rebuilding...
✔ Changes detected. Rebuilding...
Browser bundles
Initial chunk files  | Names            |  Raw size
polyfills.js         | polyfills        |  90.20 kB |
main.js              | main             |  46.89 kB |
styles.css           | styles           |  17.20 kB |

                     | Initial total    | 154.29 kB


Server bundles
Initial chunk files  | Names            |  Raw size
polyfills.server.mjs | polyfills.server | 570.97 kB |
main.server.mjs      | main.server      |  48.20 kB |
server.mjs           | server           |   1.86 kB |

Application bundle generation complete. [0.356 seconds]

❯ Changes detected. Rebuilding...
✔ Changes detected. Rebuilding...
Browser bundles
Initial chunk files  | Names            |  Raw size
polyfills.js         | polyfills        |  90.20 kB |
main.js              | main             |  46.89 kB |
styles.css           | styles           |  17.20 kB |

                     | Initial total    | 154.29 kB


Server bundles
Initial chunk files  | Names            |  Raw size
polyfills.server.mjs | polyfills.server | 570.97 kB |
main.server.mjs      | main.server      |  48.20 kB |
server.mjs           | server           |   1.86 kB |

Application bundle generation complete. [0.362 seconds]

❯ Changes detected. Rebuilding...
✔ Changes detected. Rebuilding...
Browser bundles
Initial chunk files  | Names            |  Raw size
polyfills.js         | polyfills        |  90.20 kB |
main.js              | main             |  46.89 kB |
styles.css           | styles           |  17.20 kB |

                     | Initial total    | 154.29 kB


Server bundles
Initial chunk files  | Names            |  Raw size
polyfills.server.mjs | polyfills.server | 570.97 kB |
main.server.mjs      | main.server      |  48.20 kB |
server.mjs           | server           |   1.86 kB |

Application bundle generation complete. [0.357 seconds]

❯ Changes detected. Rebuilding...
✔ Changes detected. Rebuilding...
Browser bundles
Initial chunk files  | Names            |  Raw size
polyfills.js         | polyfills        |  90.20 kB |
main.js              | main             |  46.89 kB |
styles.css           | styles           |  17.20 kB |

                     | Initial total    | 154.29 kB


Server bundles
Initial chunk files  | Names            |  Raw size
polyfills.server.mjs | polyfills.server | 570.97 kB |
main.server.mjs      | main.server      |  48.20 kB |
server.mjs           | server           |   1.86 kB |

Application bundle generation complete. [0.366 seconds]

❯ Changes detected. Rebuilding...
✔ Changes detected. Rebuilding...
Browser bundles
Initial chunk files  | Names            |  Raw size
polyfills.js         | polyfills        |  90.20 kB |
main.js              | main             |  46.89 kB |
styles.css           | styles           |  17.20 kB |

                     | Initial total    | 154.29 kB


Server bundles
Initial chunk files  | Names            |  Raw size
polyfills.server.mjs | polyfills.server | 570.97 kB |
main.server.mjs      | main.server      |  48.20 kB |
server.mjs           | server           |   1.86 kB |

Application bundle generation complete. [0.393 seconds]

❯ Changes detected. Rebuilding...
✔ Changes detected. Rebuilding...
Browser bundles
Initial chunk files  | Names            |  Raw size
polyfills.js         | polyfills        |  90.20 kB |
main.js              | main             |  46.89 kB |
styles.css           | styles           |  17.20 kB |

                     | Initial total    | 154.29 kB


Server bundles
Initial chunk files  | Names            |  Raw size
polyfills.server.mjs | polyfills.server | 570.97 kB |
main.server.mjs      | main.server      |  48.20 kB |
server.mjs           | server           |   1.86 kB |

Application bundle generation complete. [0.417 seconds]

❯ Changes detected. Rebuilding...
✔ Changes detected. Rebuilding...
Browser bundles
Initial chunk files  | Names            |  Raw size
polyfills.js         | polyfills        |  90.20 kB |
main.js              | main             |  46.89 kB |
styles.css           | styles           |  17.20 kB |

                     | Initial total    | 154.29 kB


Server bundles
Initial chunk files  | Names            |  Raw size
polyfills.server.mjs | polyfills.server | 570.97 kB |
main.server.mjs      | main.server      |  48.20 kB |
server.mjs           | server           |   1.86 kB |

Application bundle generation complete. [0.381 seconds]

❯ Changes detected. Rebuilding...
✔ Changes detected. Rebuilding...
Browser bundles
Initial chunk files  | Names            |  Raw size
polyfills.js         | polyfills        |  90.20 kB |
main.js              | main             |  46.89 kB |
styles.css           | styles           |  17.20 kB |

                     | Initial total    | 154.29 kB


Server bundles
Initial chunk files  | Names            |  Raw size
polyfills.server.mjs | polyfills.server | 570.97 kB |
main.server.mjs      | main.server      |  48.20 kB |
server.mjs           | server           |   1.86 kB |

Application bundle generation complete. [0.403 seconds]

❯ Changes detected. Rebuilding...
✔ Changes detected. Rebuilding...
Browser bundles
Initial chunk files  | Names            |  Raw size
polyfills.js         | polyfills        |  90.20 kB |
main.js              | main             |  46.89 kB |
styles.css           | styles           |  17.20 kB |

                     | Initial total    | 154.29 kB


Server bundles
Initial chunk files  | Names            |  Raw size
polyfills.server.mjs | polyfills.server | 570.97 kB |
main.server.mjs      | main.server      |  48.20 kB |
server.mjs           | server           |   1.86 kB |

Application bundle generation complete. [0.403 seconds]

❯ Changes detected. Rebuilding...
✔ Changes detected. Rebuilding...
Browser bundles
Initial chunk files  | Names            |  Raw size
polyfills.js         | polyfills        |  90.20 kB |
main.js              | main             |  46.89 kB |
styles.css           | styles           |  17.20 kB |

                     | Initial total    | 154.29 kB


Server bundles
Initial chunk files  | Names            |  Raw size
polyfills.server.mjs | polyfills.server | 570.97 kB |
main.server.mjs      | main.server      |  48.20 kB |
server.mjs           | server           |   1.86 kB |

Application bundle generation complete. [0.356 seconds]

❯ Changes detected. Rebuilding...
✔ Changes detected. Rebuilding...
Browser bundles
Initial chunk files  | Names            |  Raw size
polyfills.js         | polyfills        |  90.20 kB |
main.js              | main             |  46.89 kB |
styles.css           | styles           |  17.20 kB |

                     | Initial total    | 154.29 kB


Server bundles
Initial chunk files  | Names            |  Raw size
polyfills.server.mjs | polyfills.server | 570.97 kB |
main.server.mjs      | main.server      |  48.20 kB |
server.mjs           | server           |   1.86 kB |

Application bundle generation complete. [0.421 seconds]

❯ Changes detected. Rebuilding...
✔ Changes detected. Rebuilding...
Browser bundles
Initial chunk files  | Names            |  Raw size
polyfills.js         | polyfills        |  90.20 kB |
main.js              | main             |  46.89 kB |
styles.css           | styles           |  17.20 kB |

                     | Initial total    | 154.29 kB


Server bundles
Initial chunk files  | Names            |  Raw size
polyfills.server.mjs | polyfills.server | 570.97 kB |
main.server.mjs      | main.server      |  48.20 kB |
server.mjs           | server           |   1.86 kB |

Application bundle generation complete. [0.411 seconds]

❯ Changes detected. Rebuilding...
✔ Changes detected. Rebuilding...
Browser bundles
Initial chunk files  | Names            |  Raw size
polyfills.js         | polyfills        |  90.20 kB |
main.js              | main             |  46.89 kB |
styles.css           | styles           |  17.20 kB |

                     | Initial total    | 154.29 kB


Server bundles
Initial chunk files  | Names            |  Raw size
polyfills.server.mjs | polyfills.server | 570.97 kB |
main.server.mjs      | main.server      |  48.20 kB |
server.mjs           | server           |   1.86 kB |

Application bundle generation complete. [0.391 seconds]

❯ Changes detected. Rebuilding...
✔ Changes detected. Rebuilding...
Browser bundles
Initial chunk files  | Names            |  Raw size
polyfills.js         | polyfills        |  90.20 kB |
main.js              | main             |  46.89 kB |
styles.css           | styles           |  17.20 kB |

                     | Initial total    | 154.29 kB


Server bundles
Initial chunk files  | Names            |  Raw size
polyfills.server.mjs | polyfills.server | 570.97 kB |
main.server.mjs      | main.server      |  48.20 kB |
server.mjs           | server           |   1.86 kB |

Application bundle generation complete. [0.378 seconds]

❯ Changes detected. Rebuilding...
✔ Changes detected. Rebuilding...
Browser bundles
Initial chunk files  | Names            |  Raw size
polyfills.js         | polyfills        |  90.20 kB |
main.js              | main             |  46.89 kB |
styles.css           | styles           |  17.20 kB |

                     | Initial total    | 154.29 kB


Server bundles
Initial chunk files  | Names            |  Raw size
polyfills.server.mjs | polyfills.server | 570.97 kB |
main.server.mjs      | main.server      |  48.20 kB |
server.mjs           | server           |   1.86 kB |

Application bundle generation complete. [0.411 seconds]

❯ Changes detected. Rebuilding...
✔ Changes detected. Rebuilding...
Browser bundles
Initial chunk files  | Names            |  Raw size
polyfills.js         | polyfills        |  90.20 kB |
main.js              | main             |  46.89 kB |
styles.css           | styles           |  17.20 kB |

                     | Initial total    | 154.29 kB


Server bundles
Initial chunk files  | Names            |  Raw size
polyfills.server.mjs | polyfills.server | 570.97 kB |
main.server.mjs      | main.server      |  48.20 kB |
server.mjs           | server           |   1.86 kB |

Application bundle generation complete. [0.416 seconds]

❯ Changes detected. Rebuilding...
✔ Changes detected. Rebuilding...
Browser bundles
Initial chunk files  | Names            |  Raw size
polyfills.js         | polyfills        |  90.20 kB |
main.js              | main             |  46.89 kB |
styles.css           | styles           |  17.20 kB |

                     | Initial total    | 154.29 kB


Server bundles
Initial chunk files  | Names            |  Raw size
polyfills.server.mjs | polyfills.server | 570.97 kB |
main.server.mjs      | main.server      |  48.20 kB |
server.mjs           | server           |   1.86 kB |

Application bundle generation complete. [0.355 seconds]

❯ Changes detected. Rebuilding...
✔ Changes detected. Rebuilding...
Browser bundles
Initial chunk files  | Names            |  Raw size
polyfills.js         | polyfills        |  90.20 kB |
main.js              | main             |  46.89 kB |
styles.css           | styles           |  17.20 kB |

                     | Initial total    | 154.29 kB


Server bundles
Initial chunk files  | Names            |  Raw size
polyfills.server.mjs | polyfills.server | 570.97 kB |
main.server.mjs      | main.server      |  48.20 kB |
server.mjs           | server           |   1.86 kB |

Application bundle generation complete. [0.415 seconds]

❯ Changes detected. Rebuilding...
✔ Changes detected. Rebuilding...
Browser bundles
Initial chunk files  | Names            |  Raw size
polyfills.js         | polyfills        |  90.20 kB |
main.js              | main             |  46.89 kB |
styles.css           | styles           |  17.20 kB |

                     | Initial total    | 154.29 kB


Server bundles
Initial chunk files  | Names            |  Raw size
polyfills.server.mjs | polyfills.server | 570.97 kB |
main.server.mjs      | main.server      |  48.20 kB |
server.mjs           | server           |   1.86 kB |

Application bundle generation complete. [0.391 seconds]

❯ Changes detected. Rebuilding...
✔ Changes detected. Rebuilding...
Browser bundles
Initial chunk files  | Names            |  Raw size
polyfills.js         | polyfills        |  90.20 kB |
main.js              | main             |  46.89 kB |
styles.css           | styles           |  17.20 kB |

                     | Initial total    | 154.29 kB


Server bundles
Initial chunk files  | Names            |  Raw size
polyfills.server.mjs | polyfills.server | 570.97 kB |
main.server.mjs      | main.server      |  48.20 kB |
server.mjs           | server           |   1.86 kB |

Application bundle generation complete. [0.393 seconds]

❯ Changes detected. Rebuilding...
✔ Changes detected. Rebuilding...
Browser bundles
Initial chunk files  | Names            |  Raw size
polyfills.js         | polyfills        |  90.20 kB |
main.js              | main             |  46.89 kB |
styles.css           | styles           |  17.20 kB |

                     | Initial total    | 154.29 kB


Server bundles
Initial chunk files  | Names            |  Raw size
polyfills.server.mjs | polyfills.server | 570.97 kB |
main.server.mjs      | main.server      |  48.20 kB |
server.mjs           | server           |   1.86 kB |

Application bundle generation complete. [0.415 seconds]

❯ Changes detected. Rebuilding...
✔ Changes detected. Rebuilding...
Browser bundles
Initial chunk files  | Names            |  Raw size
polyfills.js         | polyfills        |  90.20 kB |
main.js              | main             |  46.89 kB |
styles.css           | styles           |  17.20 kB |

                     | Initial total    | 154.29 kB


Server bundles
Initial chunk files  | Names            |  Raw size
polyfills.server.mjs | polyfills.server | 570.97 kB |
main.server.mjs      | main.server      |  48.20 kB |
server.mjs           | server           |   1.86 kB |

Application bundle generation complete. [0.382 seconds]

❯ Changes detected. Rebuilding...
✔ Changes detected. Rebuilding...
Browser bundles
Initial chunk files  | Names            |  Raw size
polyfills.js         | polyfills        |  90.20 kB |
main.js              | main             |  46.89 kB |
styles.css           | styles           |  17.20 kB |

                     | Initial total    | 154.29 kB


Server bundles
Initial chunk files  | Names            |  Raw size
polyfills.server.mjs | polyfills.server | 570.97 kB |
main.server.mjs      | main.server      |  48.20 kB |
server.mjs           | server           |   1.86 kB |

Application bundle generation complete. [0.420 seconds]

❯ Changes detected. Rebuilding...
✔ Changes detected. Rebuilding...
Browser bundles
Initial chunk files  | Names            |  Raw size
polyfills.js         | polyfills        |  90.20 kB |
main.js              | main             |  46.89 kB |
styles.css           | styles           |  17.20 kB |

                     | Initial total    | 154.29 kB


Server bundles
Initial chunk files  | Names            |  Raw size
polyfills.server.mjs | polyfills.server | 570.97 kB |
main.server.mjs      | main.server      |  48.20 kB |
server.mjs           | server           |   1.86 kB |

Application bundle generation complete. [0.414 seconds]

❯ Changes detected. Rebuilding...
✔ Changes detected. Rebuilding...
Browser bundles
Initial chunk files  | Names            |  Raw size
polyfills.js         | polyfills        |  90.20 kB |
main.js              | main             |  46.89 kB |
styles.css           | styles           |  17.20 kB |

                     | Initial total    | 154.29 kB


Server bundles
Initial chunk files  | Names            |  Raw size
polyfills.server.mjs | polyfills.server | 570.97 kB |
main.server.mjs      | main.server      |  48.20 kB |
server.mjs           | server           |   1.86 kB |

Application bundle generation complete. [0.396 seconds]

❯ Changes detected. Rebuilding...
✔ Changes detected. Rebuilding...
Browser bundles
Initial chunk files  | Names            |  Raw size
polyfills.js         | polyfills        |  90.20 kB |
main.js              | main             |  46.89 kB |
styles.css           | styles           |  17.20 kB |

                     | Initial total    | 154.29 kB


Server bundles
Initial chunk files  | Names            |  Raw size
polyfills.server.mjs | polyfills.server | 570.97 kB |
main.server.mjs      | main.server      |  48.20 kB |
server.mjs           | server           |   1.86 kB |

Application bundle generation complete. [0.406 seconds]

❯ Changes detected. Rebuilding...
✔ Changes detected. Rebuilding...
Browser bundles
Initial chunk files  | Names            |  Raw size
polyfills.js         | polyfills        |  90.20 kB |
main.js              | main             |  46.89 kB |
styles.css           | styles           |  17.20 kB |

                     | Initial total    | 154.29 kB


Server bundles
Initial chunk files  | Names            |  Raw size
polyfills.server.mjs | polyfills.server | 570.97 kB |
main.server.mjs      | main.server      |  48.20 kB |
server.mjs           | server           |   1.86 kB |

Application bundle generation complete. [0.439 seconds]

❯ Changes detected. Rebuilding...
✔ Changes detected. Rebuilding...
Browser bundles
Initial chunk files  | Names            |  Raw size
polyfills.js         | polyfills        |  90.20 kB |
main.js              | main             |  46.89 kB |
styles.css           | styles           |  17.20 kB |

                     | Initial total    | 154.29 kB


Server bundles
Initial chunk files  | Names            |  Raw size
polyfills.server.mjs | polyfills.server | 570.97 kB |
main.server.mjs      | main.server      |  48.20 kB |
server.mjs           | server           |   1.86 kB |

Application bundle generation complete. [0.372 seconds]

❯ Changes detected. Rebuilding...
✔ Changes detected. Rebuilding...
Browser bundles
Initial chunk files  | Names            |  Raw size
polyfills.js         | polyfills        |  90.20 kB |
main.js              | main             |  46.89 kB |
styles.css           | styles           |  17.20 kB |

                     | Initial total    | 154.29 kB


Server bundles
Initial chunk files  | Names            |  Raw size
polyfills.server.mjs | polyfills.server | 570.97 kB |
main.server.mjs      | main.server      |  48.20 kB |
server.mjs           | server           |   1.86 kB |

Application bundle generation complete. [0.366 seconds]

❯ Changes detected. Rebuilding...
✔ Changes detected. Rebuilding...
Browser bundles
Initial chunk files  | Names            |  Raw size
polyfills.js         | polyfills        |  90.20 kB |
main.js              | main             |  46.89 kB |
styles.css           | styles           |  17.20 kB |

                     | Initial total    | 154.29 kB


Server bundles
Initial chunk files  | Names            |  Raw size
polyfills.server.mjs | polyfills.server | 570.97 kB |
main.server.mjs      | main.server      |  48.20 kB |
server.mjs           | server           |   1.86 kB |

Application bundle generation complete. [0.382 seconds]

❯ Changes detected. Rebuilding...
✔ Changes detected. Rebuilding...
Browser bundles
Initial chunk files  | Names            |  Raw size
polyfills.js         | polyfills        |  90.20 kB |
main.js              | main             |  46.89 kB |
styles.css           | styles           |  17.20 kB |

                     | Initial total    | 154.29 kB


Server bundles
Initial chunk files  | Names            |  Raw size
polyfills.server.mjs | polyfills.server | 570.97 kB |
main.server.mjs      | main.server      |  48.20 kB |
server.mjs           | server           |   1.86 kB |

Application bundle generation complete. [0.383 seconds]

❯ Changes detected. Rebuilding...
✔ Changes detected. Rebuilding...
Browser bundles
Initial chunk files  | Names            |  Raw size
polyfills.js         | polyfills        |  90.20 kB |
main.js              | main             |  46.89 kB |
styles.css           | styles           |  17.20 kB |

                     | Initial total    | 154.29 kB


Server bundles
Initial chunk files  | Names            |  Raw size
polyfills.server.mjs | polyfills.server | 570.97 kB |
main.server.mjs      | main.server      |  48.20 kB |
server.mjs           | server           |   1.86 kB |

Application bundle generation complete. [0.374 seconds]

❯ Changes detected. Rebuilding...
✔ Changes detected. Rebuilding...
Browser bundles
Initial chunk files  | Names            |  Raw size
polyfills.js         | polyfills        |  90.20 kB |
main.js              | main             |  46.89 kB |
styles.css           | styles           |  17.20 kB |

                     | Initial total    | 154.29 kB


Server bundles
Initial chunk files  | Names            |  Raw size
polyfills.server.mjs | polyfills.server | 570.97 kB |
main.server.mjs      | main.server      |  48.20 kB |
server.mjs           | server           |   1.86 kB |

Application bundle generation complete. [0.392 seconds]

❯ Changes detected. Rebuilding...
✔ Changes detected. Rebuilding...
Browser bundles
Initial chunk files  | Names            |  Raw size
polyfills.js         | polyfills        |  90.20 kB |
main.js              | main             |  46.89 kB |
styles.css           | styles           |  17.20 kB |

                     | Initial total    | 154.29 kB


Server bundles
Initial chunk files  | Names            |  Raw size
polyfills.server.mjs | polyfills.server | 570.97 kB |
main.server.mjs      | main.server      |  48.20 kB |
server.mjs           | server           |   1.86 kB |

Application bundle generation complete. [0.459 seconds]

❯ Changes detected. Rebuilding...
✔ Changes detected. Rebuilding...
Browser bundles
Initial chunk files  | Names            |  Raw size
polyfills.js         | polyfills        |  90.20 kB |
main.js              | main             |  46.89 kB |
styles.css           | styles           |  17.20 kB |

                     | Initial total    | 154.29 kB


Server bundles
Initial chunk files  | Names            |  Raw size
polyfills.server.mjs | polyfills.server | 570.97 kB |
main.server.mjs      | main.server      |  48.20 kB |
server.mjs           | server           |   1.86 kB |

Application bundle generation complete. [0.450 seconds]

❯ Changes detected. Rebuilding...
✔ Changes detected. Rebuilding...
Browser bundles
Initial chunk files  | Names            |  Raw size
polyfills.js         | polyfills        |  90.20 kB |
main.js              | main             |  46.89 kB |
styles.css           | styles           |  17.20 kB |

                     | Initial total    | 154.29 kB


Server bundles
Initial chunk files  | Names            |  Raw size
polyfills.server.mjs | polyfills.server | 570.97 kB |
main.server.mjs      | main.server      |  48.20 kB |
server.mjs           | server           |   1.86 kB |

Application bundle generation complete. [0.455 seconds]

❯ Changes detected. Rebuilding...
✔ Changes detected. Rebuilding...
Browser bundles
Initial chunk files  | Names            |  Raw size
polyfills.js         | polyfills        |  90.20 kB |
main.js              | main             |  46.89 kB |
styles.css           | styles           |  17.20 kB |

                     | Initial total    | 154.29 kB


Server bundles
Initial chunk files  | Names            |  Raw size
polyfills.server.mjs | polyfills.server | 570.97 kB |
main.server.mjs      | main.server      |  48.20 kB |
server.mjs           | server           |   1.86 kB |

Application bundle generation complete. [0.423 seconds]

❯ Changes detected. Rebuilding...
✔ Changes detected. Rebuilding...
Browser bundles
Initial chunk files  | Names            |  Raw size
polyfills.js         | polyfills        |  90.20 kB |
main.js              | main             |  46.89 kB |
styles.css           | styles           |  17.20 kB |

                     | Initial total    | 154.29 kB


Server bundles
Initial chunk files  | Names            |  Raw size
polyfills.server.mjs | polyfills.server | 570.97 kB |
main.server.mjs      | main.server      |  48.20 kB |
server.mjs           | server           |   1.86 kB |

Application bundle generation complete. [0.441 seconds]

❯ Changes detected. Rebuilding...
✔ Changes detected. Rebuilding...
Browser bundles
Initial chunk files  | Names            |  Raw size
polyfills.js         | polyfills        |  90.20 kB |
main.js              | main             |  46.89 kB |
styles.css           | styles           |  17.20 kB |

                     | Initial total    | 154.29 kB


Server bundles
Initial chunk files  | Names            |  Raw size
polyfills.server.mjs | polyfills.server | 570.97 kB |
main.server.mjs      | main.server      |  48.20 kB |
server.mjs           | server           |   1.86 kB |

Application bundle generation complete. [0.446 seconds]

❯ Changes detected. Rebuilding...
✔ Changes detected. Rebuilding...
Browser bundles
Initial chunk files  | Names            |  Raw size
polyfills.js         | polyfills        |  90.20 kB |
main.js              | main             |  46.89 kB |
styles.css           | styles           |  17.20 kB |

                     | Initial total    | 154.29 kB


Server bundles
Initial chunk files  | Names            |  Raw size
polyfills.server.mjs | polyfills.server | 570.97 kB |
main.server.mjs      | main.server      |  48.20 kB |
server.mjs           | server           |   1.86 kB |

Application bundle generation complete. [0.430 seconds]

❯ Changes detected. Rebuilding...
✔ Changes detected. Rebuilding...
Browser bundles
Initial chunk files  | Names            |  Raw size
polyfills.js         | polyfills        |  90.20 kB |
main.js              | main             |  46.89 kB |
styles.css           | styles           |  17.20 kB |

                     | Initial total    | 154.29 kB


Server bundles
Initial chunk files  | Names            |  Raw size
polyfills.server.mjs | polyfills.server | 570.97 kB |
main.server.mjs      | main.server      |  48.20 kB |
server.mjs           | server           |   1.86 kB |

Application bundle generation complete. [0.417 seconds]

❯ Changes detected. Rebuilding...
✔ Changes detected. Rebuilding...
Browser bundles
Initial chunk files  | Names            |  Raw size
polyfills.js         | polyfills        |  90.20 kB |
main.js              | main             |  46.89 kB |
styles.css           | styles           |  17.20 kB |

                     | Initial total    | 154.29 kB


Server bundles
Initial chunk files  | Names            |  Raw size
polyfills.server.mjs | polyfills.server | 570.97 kB |
main.server.mjs      | main.server      |  48.20 kB |
server.mjs           | server           |   1.86 kB |

Application bundle generation complete. [0.408 seconds]

❯ Changes detected. Rebuilding...
✔ Changes detected. Rebuilding...
Browser bundles
Initial chunk files  | Names            |  Raw size
polyfills.js         | polyfills        |  90.20 kB |
main.js              | main             |  46.89 kB |
styles.css           | styles           |  17.20 kB |

                     | Initial total    | 154.29 kB


Server bundles
Initial chunk files  | Names            |  Raw size
polyfills.server.mjs | polyfills.server | 570.97 kB |
main.server.mjs      | main.server      |  48.20 kB |
server.mjs           | server           |   1.86 kB |

Application bundle generation complete. [0.454 seconds]

❯ Changes detected. Rebuilding...
✔ Changes detected. Rebuilding...
Browser bundles
Initial chunk files  | Names            |  Raw size
polyfills.js         | polyfills        |  90.20 kB |
main.js              | main             |  46.89 kB |
styles.css           | styles           |  17.20 kB |

                     | Initial total    | 154.29 kB


Server bundles
Initial chunk files  | Names            |  Raw size
polyfills.server.mjs | polyfills.server | 570.97 kB |
main.server.mjs      | main.server      |  48.20 kB |
server.mjs           | server           |   1.86 kB |

Application bundle generation complete. [0.508 seconds]

❯ Changes detected. Rebuilding...
✔ Changes detected. Rebuilding...
Browser bundles
Initial chunk files  | Names            |  Raw size
polyfills.js         | polyfills        |  90.20 kB |
main.js              | main             |  46.89 kB |
styles.css           | styles           |  17.20 kB |

                     | Initial total    | 154.29 kB


Server bundles
Initial chunk files  | Names            |  Raw size
polyfills.server.mjs | polyfills.server | 570.97 kB |
main.server.mjs      | main.server      |  48.20 kB |
server.mjs           | server           |   1.86 kB |

Application bundle generation complete. [0.602 seconds]

❯ Changes detected. Rebuilding...
✔ Changes detected. Rebuilding...
Browser bundles
Initial chunk files  | Names            |  Raw size
polyfills.js         | polyfills        |  90.20 kB |
main.js              | main             |  46.89 kB |
styles.css           | styles           |  17.20 kB |

                     | Initial total    | 154.29 kB


Server bundles
Initial chunk files  | Names            |  Raw size
polyfills.server.mjs | polyfills.server | 570.97 kB |
main.server.mjs      | main.server      |  48.20 kB |
server.mjs           | server           |   1.86 kB |

Application bundle generation complete. [0.530 seconds]

❯ Changes detected. Rebuilding...
✔ Changes detected. Rebuilding...
Browser bundles
Initial chunk files  | Names            |  Raw size
polyfills.js         | polyfills        |  90.20 kB |
main.js              | main             |  46.89 kB |
styles.css           | styles           |  17.20 kB |

                     | Initial total    | 154.29 kB


Server bundles
Initial chunk files  | Names            |  Raw size
polyfills.server.mjs | polyfills.server | 570.97 kB |
main.server.mjs      | main.server      |  48.20 kB |
server.mjs           | server           |   1.86 kB |

Application bundle generation complete. [0.426 seconds]

❯ Changes detected. Rebuilding...
✔ Changes detected. Rebuilding...
Browser bundles
Initial chunk files  | Names            |  Raw size
polyfills.js         | polyfills        |  90.20 kB |
main.js              | main             |  46.89 kB |
styles.css           | styles           |  17.20 kB |

                     | Initial total    | 154.29 kB


Server bundles
Initial chunk files  | Names            |  Raw size
polyfills.server.mjs | polyfills.server | 570.97 kB |
main.server.mjs      | main.server      |  48.20 kB |
server.mjs           | server           |   1.86 kB |

Application bundle generation complete. [0.427 seconds]

❯ Changes detected. Rebuilding...
✔ Changes detected. Rebuilding...
Browser bundles
Initial chunk files  | Names            |  Raw size
polyfills.js         | polyfills        |  90.20 kB |
main.js              | main             |  46.89 kB |
styles.css           | styles           |  17.20 kB |

                     | Initial total    | 154.29 kB


Server bundles
Initial chunk files  | Names            |  Raw size
polyfills.server.mjs | polyfills.server | 570.97 kB |
main.server.mjs      | main.server      |  48.20 kB |
server.mjs           | server           |   1.86 kB |

Application bundle generation complete. [0.464 seconds]

❯ Changes detected. Rebuilding...
✔ Changes detected. Rebuilding...
Browser bundles
Initial chunk files  | Names            |  Raw size
polyfills.js         | polyfills        |  90.20 kB |
main.js              | main             |  46.89 kB |
styles.css           | styles           |  17.20 kB |

                     | Initial total    | 154.29 kB


Server bundles
Initial chunk files  | Names            |  Raw size
polyfills.server.mjs | polyfills.server | 570.97 kB |
main.server.mjs      | main.server      |  48.20 kB |
server.mjs           | server           |   1.86 kB |

Application bundle generation complete. [0.446 seconds]

❯ Changes detected. Rebuilding...
✔ Changes detected. Rebuilding...
Browser bundles
Initial chunk files  | Names            |  Raw size
polyfills.js         | polyfills        |  90.20 kB |
main.js              | main             |  46.89 kB |
styles.css           | styles           |  17.20 kB |

                     | Initial total    | 154.29 kB


Server bundles
Initial chunk files  | Names            |  Raw size
polyfills.server.mjs | polyfills.server | 570.97 kB |
main.server.mjs      | main.server      |  48.20 kB |
server.mjs           | server           |   1.86 kB |

Application bundle generation complete. [0.497 seconds]

❯ Changes detected. Rebuilding...
✔ Changes detected. Rebuilding...
Browser bundles
Initial chunk files  | Names            |  Raw size
polyfills.js         | polyfills        |  90.20 kB |
main.js              | main             |  46.89 kB |
styles.css           | styles           |  17.20 kB |

                     | Initial total    | 154.29 kB


Server bundles
Initial chunk files  | Names            |  Raw size
polyfills.server.mjs | polyfills.server | 570.97 kB |
main.server.mjs      | main.server      |  48.20 kB |
server.mjs           | server           |   1.86 kB |

Application bundle generation complete. [0.390 seconds]

❯ Changes detected. Rebuilding...
✔ Changes detected. Rebuilding...
Browser bundles
Initial chunk files  | Names            |  Raw size
polyfills.js         | polyfills        |  90.20 kB |
main.js              | main             |  46.89 kB |
styles.css           | styles           |  17.20 kB |

                     | Initial total    | 154.29 kB


Server bundles
Initial chunk files  | Names            |  Raw size
polyfills.server.mjs | polyfills.server | 570.97 kB |
main.server.mjs      | main.server      |  48.20 kB |
server.mjs           | server           |   1.86 kB |

Application bundle generation complete. [0.390 seconds]

❯ Changes detected. Rebuilding...
✔ Changes detected. Rebuilding...
Browser bundles
Initial chunk files  | Names            |  Raw size
polyfills.js         | polyfills        |  90.20 kB |
main.js              | main             |  46.89 kB |
styles.css           | styles           |  17.20 kB |

                     | Initial total    | 154.29 kB


Server bundles
Initial chunk files  | Names            |  Raw size
polyfills.server.mjs | polyfills.server | 570.97 kB |
main.server.mjs      | main.server      |  48.20 kB |
server.mjs           | server           |   1.86 kB |

Application bundle generation complete. [0.460 seconds]

❯ Changes detected. Rebuilding...
✔ Changes detected. Rebuilding...
Browser bundles
Initial chunk files  | Names            |  Raw size
polyfills.js         | polyfills        |  90.20 kB |
main.js              | main             |  46.89 kB |
styles.css           | styles           |  17.20 kB |

                     | Initial total    | 154.29 kB


Server bundles
Initial chunk files  | Names            |  Raw size
polyfills.server.mjs | polyfills.server | 570.97 kB |
main.server.mjs      | main.server      |  48.20 kB |
server.mjs           | server           |   1.86 kB |

Application bundle generation complete. [0.406 seconds]

❯ Changes detected. Rebuilding...
✔ Changes detected. Rebuilding...
Browser bundles
Initial chunk files  | Names            |  Raw size
polyfills.js         | polyfills        |  90.20 kB |
main.js              | main             |  46.89 kB |
styles.css           | styles           |  17.20 kB |

                     | Initial total    | 154.29 kB


Server bundles
Initial chunk files  | Names            |  Raw size
polyfills.server.mjs | polyfills.server | 570.97 kB |
main.server.mjs      | main.server      |  48.20 kB |
server.mjs           | server           |   1.86 kB |

Application bundle generation complete. [0.483 seconds]

❯ Changes detected. Rebuilding...
✔ Changes detected. Rebuilding...
Browser bundles
Initial chunk files  | Names            |  Raw size
polyfills.js         | polyfills        |  90.20 kB |
main.js              | main             |  46.89 kB |
styles.css           | styles           |  17.20 kB |

                     | Initial total    | 154.29 kB


Server bundles
Initial chunk files  | Names            |  Raw size
polyfills.server.mjs | polyfills.server | 570.97 kB |
main.server.mjs      | main.server      |  48.20 kB |
server.mjs           | server           |   1.86 kB |

Application bundle generation complete. [0.400 seconds]

❯ Changes detected. Rebuilding...
✔ Changes detected. Rebuilding...
Browser bundles
Initial chunk files  | Names            |  Raw size
polyfills.js         | polyfills        |  90.20 kB |
main.js              | main             |  46.89 kB |
styles.css           | styles           |  17.20 kB |

                     | Initial total    | 154.29 kB


Server bundles
Initial chunk files  | Names            |  Raw size
polyfills.server.mjs | polyfills.server | 570.97 kB |
main.server.mjs      | main.server      |  48.20 kB |
server.mjs           | server           |   1.86 kB |

Application bundle generation complete. [0.470 seconds]

❯ Changes detected. Rebuilding...
✔ Changes detected. Rebuilding...
Browser bundles
Initial chunk files  | Names            |  Raw size
polyfills.js         | polyfills        |  90.20 kB |
main.js              | main             |  46.89 kB |
styles.css           | styles           |  17.20 kB |

                     | Initial total    | 154.29 kB


Server bundles
Initial chunk files  | Names            |  Raw size
polyfills.server.mjs | polyfills.server | 570.97 kB |
main.server.mjs      | main.server      |  48.20 kB |
server.mjs           | server           |   1.86 kB |

Application bundle generation complete. [0.419 seconds]

❯ Changes detected. Rebuilding...
✔ Changes detected. Rebuilding...
Browser bundles
Initial chunk files  | Names            |  Raw size
polyfills.js         | polyfills        |  90.20 kB |
main.js              | main             |  46.89 kB |
styles.css           | styles           |  17.20 kB |

                     | Initial total    | 154.29 kB


Server bundles
Initial chunk files  | Names            |  Raw size
polyfills.server.mjs | polyfills.server | 570.97 kB |
main.server.mjs      | main.server      |  48.20 kB |
server.mjs           | server           |   1.86 kB |

Application bundle generation complete. [0.408 seconds]

❯ Changes detected. Rebuilding...
✔ Changes detected. Rebuilding...
Browser bundles
Initial chunk files  | Names            |  Raw size
polyfills.js         | polyfills        |  90.20 kB |
main.js              | main             |  46.89 kB |
styles.css           | styles           |  17.20 kB |

                     | Initial total    | 154.29 kB


Server bundles
Initial chunk files  | Names            |  Raw size
polyfills.server.mjs | polyfills.server | 570.97 kB |
main.server.mjs      | main.server      |  48.20 kB |
server.mjs           | server           |   1.86 kB |

Application bundle generation complete. [0.462 seconds]

❯ Changes detected. Rebuilding...
✔ Changes detected. Rebuilding...
Browser bundles
Initial chunk files  | Names            |  Raw size
polyfills.js         | polyfills        |  90.20 kB |
main.js              | main             |  46.89 kB |
styles.css           | styles           |  17.20 kB |

                     | Initial total    | 154.29 kB


Server bundles
Initial chunk files  | Names            |  Raw size
polyfills.server.mjs | polyfills.server | 570.97 kB |
main.server.mjs      | main.server      |  48.20 kB |
server.mjs           | server           |   1.86 kB |

Application bundle generation complete. [0.392 seconds]

❯ Changes detected. Rebuilding...
✔ Changes detected. Rebuilding...
Browser bundles
Initial chunk files  | Names            |  Raw size
polyfills.js         | polyfills        |  90.20 kB |
main.js              | main             |  46.89 kB |
styles.css           | styles           |  17.20 kB |

                     | Initial total    | 154.29 kB


Server bundles
Initial chunk files  | Names            |  Raw size
polyfills.server.mjs | polyfills.server | 570.97 kB |
main.server.mjs      | main.server      |  48.20 kB |
server.mjs           | server           |   1.86 kB |

Application bundle generation complete. [0.430 seconds]

❯ Changes detected. Rebuilding...
✔ Changes detected. Rebuilding...
Browser bundles
Initial chunk files  | Names            |  Raw size
polyfills.js         | polyfills        |  90.20 kB |
main.js              | main             |  46.89 kB |
styles.css           | styles           |  17.20 kB |

                     | Initial total    | 154.29 kB


Server bundles
Initial chunk files  | Names            |  Raw size
polyfills.server.mjs | polyfills.server | 570.97 kB |
main.server.mjs      | main.server      |  48.20 kB |
server.mjs           | server           |   1.86 kB |

Application bundle generation complete. [0.420 seconds]

❯ Changes detected. Rebuilding...
✔ Changes detected. Rebuilding...
Browser bundles
Initial chunk files  | Names            |  Raw size
polyfills.js         | polyfills        |  90.20 kB |
main.js              | main             |  46.89 kB |
styles.css           | styles           |  17.20 kB |

                     | Initial total    | 154.29 kB


Server bundles
Initial chunk files  | Names            |  Raw size
polyfills.server.mjs | polyfills.server | 570.97 kB |
main.server.mjs      | main.server      |  48.20 kB |
server.mjs           | server           |   1.86 kB |

Application bundle generation complete. [0.398 seconds]

❯ Changes detected. Rebuilding...
✔ Changes detected. Rebuilding...
Browser bundles
Initial chunk files  | Names            |  Raw size
polyfills.js         | polyfills        |  90.20 kB |
main.js              | main             |  46.89 kB |
styles.css           | styles           |  17.20 kB |

                     | Initial total    | 154.29 kB


Server bundles
Initial chunk files  | Names            |  Raw size
polyfills.server.mjs | polyfills.server | 570.97 kB |
main.server.mjs      | main.server      |  48.20 kB |
server.mjs           | server           |   1.86 kB |

Application bundle generation complete. [0.425 seconds]

❯ Changes detected. Rebuilding...
✔ Changes detected. Rebuilding...
Browser bundles
Initial chunk files  | Names            |  Raw size
polyfills.js         | polyfills        |  90.20 kB |
main.js              | main             |  46.89 kB |
styles.css           | styles           |  17.20 kB |

                     | Initial total    | 154.29 kB


Server bundles
Initial chunk files  | Names            |  Raw size
polyfills.server.mjs | polyfills.server | 570.97 kB |
main.server.mjs      | main.server      |  48.20 kB |
server.mjs           | server           |   1.86 kB |

Application bundle generation complete. [0.388 seconds]

❯ Changes detected. Rebuilding...
✔ Changes detected. Rebuilding...
Browser bundles
Initial chunk files  | Names            |  Raw size
polyfills.js         | polyfills        |  90.20 kB |
main.js              | main             |  46.89 kB |
styles.css           | styles           |  17.20 kB |

                     | Initial total    | 154.29 kB


Server bundles
Initial chunk files  | Names            |  Raw size
polyfills.server.mjs | polyfills.server | 570.97 kB |
main.server.mjs      | main.server      |  48.20 kB |
server.mjs           | server           |   1.86 kB |

Application bundle generation complete. [0.391 seconds]

❯ Changes detected. Rebuilding...
✔ Changes detected. Rebuilding...
Browser bundles
Initial chunk files  | Names            |  Raw size
polyfills.js         | polyfills        |  90.20 kB |
main.js              | main             |  46.89 kB |
styles.css           | styles           |  17.20 kB |

                     | Initial total    | 154.29 kB


Server bundles
Initial chunk files  | Names            |  Raw size
polyfills.server.mjs | polyfills.server | 570.97 kB |
main.server.mjs      | main.server      |  48.20 kB |
server.mjs           | server           |   1.86 kB |

Application bundle generation complete. [0.393 seconds]

❯ Changes detected. Rebuilding...
✔ Changes detected. Rebuilding...
Browser bundles
Initial chunk files  | Names            |  Raw size
polyfills.js         | polyfills        |  90.20 kB |
main.js              | main             |  46.89 kB |
styles.css           | styles           |  17.20 kB |

                     | Initial total    | 154.29 kB


Server bundles
Initial chunk files  | Names            |  Raw size
polyfills.server.mjs | polyfills.server | 570.97 kB |
main.server.mjs      | main.server      |  48.20 kB |
server.mjs           | server           |   1.86 kB |

Application bundle generation complete. [0.398 seconds]

❯ Changes detected. Rebuilding...
✔ Changes detected. Rebuilding...
Browser bundles
Initial chunk files  | Names            |  Raw size
polyfills.js         | polyfills        |  90.20 kB |
main.js              | main             |  46.89 kB |
styles.css           | styles           |  17.20 kB |

                     | Initial total    | 154.29 kB


Server bundles
Initial chunk files  | Names            |  Raw size
polyfills.server.mjs | polyfills.server | 570.97 kB |
main.server.mjs      | main.server      |  48.20 kB |
server.mjs           | server           |   1.86 kB |

Application bundle generation complete. [0.550 seconds]

❯ Changes detected. Rebuilding...
✔ Changes detected. Rebuilding...
Browser bundles
Initial chunk files  | Names            |  Raw size
polyfills.js         | polyfills        |  90.20 kB |
main.js              | main             |  46.89 kB |
styles.css           | styles           |  17.20 kB |

                     | Initial total    | 154.29 kB


Server bundles
Initial chunk files  | Names            |  Raw size
polyfills.server.mjs | polyfills.server | 570.97 kB |
main.server.mjs      | main.server      |  48.20 kB |
server.mjs           | server           |   1.86 kB |

Application bundle generation complete. [0.428 seconds]

❯ Changes detected. Rebuilding...
✔ Changes detected. Rebuilding...
Browser bundles
Initial chunk files  | Names            |  Raw size
polyfills.js         | polyfills        |  90.20 kB |
main.js              | main             |  46.89 kB |
styles.css           | styles           |  17.20 kB |

                     | Initial total    | 154.29 kB


Server bundles
Initial chunk files  | Names            |  Raw size
polyfills.server.mjs | polyfills.server | 570.97 kB |
main.server.mjs      | main.server      |  48.20 kB |
server.mjs           | server           |   1.86 kB |

Application bundle generation complete. [0.422 seconds]

❯ Changes detected. Rebuilding...
✔ Changes detected. Rebuilding...
Browser bundles
Initial chunk files  | Names            |  Raw size
polyfills.js         | polyfills        |  90.20 kB |
main.js              | main             |  46.89 kB |
styles.css           | styles           |  17.20 kB |

                     | Initial total    | 154.29 kB


Server bundles
Initial chunk files  | Names            |  Raw size
polyfills.server.mjs | polyfills.server | 570.97 kB |
main.server.mjs      | main.server      |  48.20 kB |
server.mjs           | server           |   1.86 kB |

Application bundle generation complete. [0.417 seconds]

❯ Changes detected. Rebuilding...
✔ Changes detected. Rebuilding...
Browser bundles
Initial chunk files  | Names            |  Raw size
polyfills.js         | polyfills        |  90.20 kB |
main.js              | main             |  46.89 kB |
styles.css           | styles           |  17.20 kB |

                     | Initial total    | 154.29 kB


Server bundles
Initial chunk files  | Names            |  Raw size
polyfills.server.mjs | polyfills.server | 570.97 kB |
main.server.mjs      | main.server      |  48.20 kB |
server.mjs           | server           |   1.86 kB |

Application bundle generation complete. [0.441 seconds]

❯ Changes detected. Rebuilding...
✔ Changes detected. Rebuilding...
Browser bundles
Initial chunk files  | Names            |  Raw size
polyfills.js         | polyfills        |  90.20 kB |
main.js              | main             |  46.89 kB |
styles.css           | styles           |  17.20 kB |

                     | Initial total    | 154.29 kB


Server bundles
Initial chunk files  | Names            |  Raw size
polyfills.server.mjs | polyfills.server | 570.97 kB |
main.server.mjs      | main.server      |  48.20 kB |
server.mjs           | server           |   1.86 kB |

Application bundle generation complete. [0.417 seconds]

❯ Changes detected. Rebuilding...
✔ Changes detected. Rebuilding...
Browser bundles
Initial chunk files  | Names            |  Raw size
polyfills.js         | polyfills        |  90.20 kB |
main.js              | main             |  46.89 kB |
styles.css           | styles           |  17.20 kB |

                     | Initial total    | 154.29 kB


Server bundles
Initial chunk files  | Names            |  Raw size
polyfills.server.mjs | polyfills.server | 570.97 kB |
main.server.mjs      | main.server      |  48.20 kB |
server.mjs           | server           |   1.86 kB |

Application bundle generation complete. [0.414 seconds]

❯ Changes detected. Rebuilding...
✔ Changes detected. Rebuilding...
Browser bundles
Initial chunk files  | Names            |  Raw size
polyfills.js         | polyfills        |  90.20 kB |
main.js              | main             |  46.89 kB |
styles.css           | styles           |  17.20 kB |

                     | Initial total    | 154.29 kB


Server bundles
Initial chunk files  | Names            |  Raw size
polyfills.server.mjs | polyfills.server | 570.97 kB |
main.server.mjs      | main.server      |  48.20 kB |
server.mjs           | server           |   1.86 kB |

Application bundle generation complete. [0.437 seconds]

❯ Changes detected. Rebuilding...
✔ Changes detected. Rebuilding...
Browser bundles
Initial chunk files  | Names            |  Raw size
polyfills.js         | polyfills        |  90.20 kB |
main.js              | main             |  46.89 kB |
styles.css           | styles           |  17.20 kB |

                     | Initial total    | 154.29 kB


Server bundles
Initial chunk files  | Names            |  Raw size
polyfills.server.mjs | polyfills.server | 570.97 kB |
main.server.mjs      | main.server      |  48.20 kB |
server.mjs           | server           |   1.86 kB |

Application bundle generation complete. [0.449 seconds]

❯ Changes detected. Rebuilding...
✔ Changes detected. Rebuilding...
Browser bundles
Initial chunk files  | Names            |  Raw size
polyfills.js         | polyfills        |  90.20 kB |
main.js              | main             |  46.89 kB |
styles.css           | styles           |  17.20 kB |

                     | Initial total    | 154.29 kB


Server bundles
Initial chunk files  | Names            |  Raw size
polyfills.server.mjs | polyfills.server | 570.97 kB |
main.server.mjs      | main.server      |  48.20 kB |
server.mjs           | server           |   1.86 kB |

Application bundle generation complete. [0.452 seconds]

❯ Changes detected. Rebuilding...
✔ Changes detected. Rebuilding...
Browser bundles
Initial chunk files  | Names            |  Raw size
polyfills.js         | polyfills        |  90.20 kB |
main.js              | main             |  46.89 kB |
styles.css           | styles           |  17.20 kB |

                     | Initial total    | 154.29 kB


Server bundles
Initial chunk files  | Names            |  Raw size
polyfills.server.mjs | polyfills.server | 570.97 kB |
main.server.mjs      | main.server      |  48.20 kB |
server.mjs           | server           |   1.86 kB |

Application bundle generation complete. [0.461 seconds]

❯ Changes detected. Rebuilding...
✔ Changes detected. Rebuilding...
Browser bundles
Initial chunk files  | Names            |  Raw size
polyfills.js         | polyfills        |  90.20 kB |
main.js              | main             |  46.89 kB |
styles.css           | styles           |  17.20 kB |

                     | Initial total    | 154.29 kB


Server bundles
Initial chunk files  | Names            |  Raw size
polyfills.server.mjs | polyfills.server | 570.97 kB |
main.server.mjs      | main.server      |  48.20 kB |
server.mjs           | server           |   1.86 kB |

Application bundle generation complete. [0.459 seconds]

❯ Changes detected. Rebuilding...
✔ Changes detected. Rebuilding...
Browser bundles
Initial chunk files  | Names            |  Raw size
polyfills.js         | polyfills        |  90.20 kB |
main.js              | main             |  46.89 kB |
styles.css           | styles           |  17.20 kB |

                     | Initial total    | 154.29 kB


Server bundles
Initial chunk files  | Names            |  Raw size
polyfills.server.mjs | polyfills.server | 570.97 kB |
main.server.mjs      | main.server      |  48.20 kB |
server.mjs           | server           |   1.86 kB |

Application bundle generation complete. [0.439 seconds]

❯ Changes detected. Rebuilding...
✔ Changes detected. Rebuilding...
Browser bundles
Initial chunk files  | Names            |  Raw size
polyfills.js         | polyfills        |  90.20 kB |
main.js              | main             |  46.89 kB |
styles.css           | styles           |  17.20 kB |

                     | Initial total    | 154.29 kB


Server bundles
Initial chunk files  | Names            |  Raw size
polyfills.server.mjs | polyfills.server | 570.97 kB |
main.server.mjs      | main.server      |  48.20 kB |
server.mjs           | server           |   1.86 kB |

Application bundle generation complete. [0.448 seconds]

❯ Changes detected. Rebuilding...
✔ Changes detected. Rebuilding...
Browser bundles
Initial chunk files  | Names            |  Raw size
polyfills.js         | polyfills        |  90.20 kB |
main.js              | main             |  46.89 kB |
styles.css           | styles           |  17.20 kB |

                     | Initial total    | 154.29 kB


Server bundles
Initial chunk files  | Names            |  Raw size
polyfills.server.mjs | polyfills.server | 570.97 kB |
main.server.mjs      | main.server      |  48.20 kB |
server.mjs           | server           |   1.86 kB |

Application bundle generation complete. [0.451 seconds]

❯ Changes detected. Rebuilding...
✔ Changes detected. Rebuilding...
Browser bundles
Initial chunk files  | Names            |  Raw size
polyfills.js         | polyfills        |  90.20 kB |
main.js              | main             |  46.89 kB |
styles.css           | styles           |  17.20 kB |

                     | Initial total    | 154.29 kB


Server bundles
Initial chunk files  | Names            |  Raw size
polyfills.server.mjs | polyfills.server | 570.97 kB |
main.server.mjs      | main.server      |  48.20 kB |
server.mjs           | server           |   1.86 kB |

Application bundle generation complete. [0.432 seconds]

❯ Changes detected. Rebuilding...
✔ Changes detected. Rebuilding...
Browser bundles
Initial chunk files  | Names            |  Raw size
polyfills.js         | polyfills        |  90.20 kB |
main.js              | main             |  46.89 kB |
styles.css           | styles           |  17.20 kB |

                     | Initial total    | 154.29 kB


Server bundles
Initial chunk files  | Names            |  Raw size
polyfills.server.mjs | polyfills.server | 570.97 kB |
main.server.mjs      | main.server      |  48.20 kB |
server.mjs           | server           |   1.86 kB |

Application bundle generation complete. [0.434 seconds]

❯ Changes detected. Rebuilding...
✔ Changes detected. Rebuilding...
Browser bundles
Initial chunk files  | Names            |  Raw size
polyfills.js         | polyfills        |  90.20 kB |
main.js              | main             |  46.89 kB |
styles.css           | styles           |  17.20 kB |

                     | Initial total    | 154.29 kB


Server bundles
Initial chunk files  | Names            |  Raw size
polyfills.server.mjs | polyfills.server | 570.97 kB |
main.server.mjs      | main.server      |  48.20 kB |
server.mjs           | server           |   1.86 kB |

Application bundle generation complete. [0.435 seconds]

❯ Changes detected. Rebuilding...
✔ Changes detected. Rebuilding...
Browser bundles
Initial chunk files  | Names            |  Raw size
polyfills.js         | polyfills        |  90.20 kB |
main.js              | main             |  46.89 kB |
styles.css           | styles           |  17.20 kB |

                     | Initial total    | 154.29 kB


Server bundles
Initial chunk files  | Names            |  Raw size
polyfills.server.mjs | polyfills.server | 570.97 kB |
main.server.mjs      | main.server      |  48.20 kB |
server.mjs           | server           |   1.86 kB |

Application bundle generation complete. [0.472 seconds]

❯ Changes detected. Rebuilding...
✔ Changes detected. Rebuilding...
Browser bundles
Initial chunk files  | Names            |  Raw size
polyfills.js         | polyfills        |  90.20 kB |
main.js              | main             |  46.89 kB |
styles.css           | styles           |  17.20 kB |

                     | Initial total    | 154.29 kB


Server bundles
Initial chunk files  | Names            |  Raw size
polyfills.server.mjs | polyfills.server | 570.97 kB |
main.server.mjs      | main.server      |  48.20 kB |
server.mjs           | server           |   1.86 kB |

Application bundle generation complete. [0.466 seconds]

❯ Changes detected. Rebuilding...
✔ Changes detected. Rebuilding...
Browser bundles
Initial chunk files  | Names            |  Raw size
polyfills.js         | polyfills        |  90.20 kB |
main.js              | main             |  46.89 kB |
styles.css           | styles           |  17.20 kB |

                     | Initial total    | 154.29 kB


Server bundles
Initial chunk files  | Names            |  Raw size
polyfills.server.mjs | polyfills.server | 570.97 kB |
main.server.mjs      | main.server      |  48.20 kB |
server.mjs           | server           |   1.86 kB |

Application bundle generation complete. [0.475 seconds]

❯ Changes detected. Rebuilding...
✔ Changes detected. Rebuilding...
Browser bundles
Initial chunk files  | Names            |  Raw size
polyfills.js         | polyfills        |  90.20 kB |
main.js              | main             |  46.89 kB |
styles.css           | styles           |  17.20 kB |

                     | Initial total    | 154.29 kB


Server bundles
Initial chunk files  | Names            |  Raw size
polyfills.server.mjs | polyfills.server | 570.97 kB |
main.server.mjs      | main.server      |  48.20 kB |
server.mjs           | server           |   1.86 kB |

Application bundle generation complete. [0.466 seconds]

❯ Changes detected. Rebuilding...
✔ Changes detected. Rebuilding...
Browser bundles
Initial chunk files  | Names            |  Raw size
polyfills.js         | polyfills        |  90.20 kB |
main.js              | main             |  46.89 kB |
styles.css           | styles           |  17.20 kB |

                     | Initial total    | 154.29 kB


Server bundles
Initial chunk files  | Names            |  Raw size
polyfills.server.mjs | polyfills.server | 570.97 kB |
main.server.mjs      | main.server      |  48.20 kB |
server.mjs           | server           |   1.86 kB |

Application bundle generation complete. [0.465 seconds]

❯ Changes detected. Rebuilding...
✔ Changes detected. Rebuilding...
Browser bundles
Initial chunk files  | Names            |  Raw size
polyfills.js         | polyfills        |  90.20 kB |
main.js              | main             |  46.89 kB |
styles.css           | styles           |  17.20 kB |

                     | Initial total    | 154.29 kB


Server bundles
Initial chunk files  | Names            |  Raw size
polyfills.server.mjs | polyfills.server | 570.97 kB |
main.server.mjs      | main.server      |  48.20 kB |
server.mjs           | server           |   1.86 kB |

Application bundle generation complete. [0.477 seconds]

❯ Changes detected. Rebuilding...
✔ Changes detected. Rebuilding...
Browser bundles
Initial chunk files  | Names            |  Raw size
polyfills.js         | polyfills        |  90.20 kB |
main.js              | main             |  46.89 kB |
styles.css           | styles           |  17.20 kB |

                     | Initial total    | 154.29 kB


Server bundles
Initial chunk files  | Names            |  Raw size
polyfills.server.mjs | polyfills.server | 570.97 kB |
main.server.mjs      | main.server      |  48.20 kB |
server.mjs           | server           |   1.86 kB |

Application bundle generation complete. [0.455 seconds]

❯ Changes detected. Rebuilding...
✔ Changes detected. Rebuilding...
Browser bundles
Initial chunk files  | Names            |  Raw size
polyfills.js         | polyfills        |  90.20 kB |
main.js              | main             |  46.89 kB |
styles.css           | styles           |  17.20 kB |

                     | Initial total    | 154.29 kB


Server bundles
Initial chunk files  | Names            |  Raw size
polyfills.server.mjs | polyfills.server | 570.97 kB |
main.server.mjs      | main.server      |  48.20 kB |
server.mjs           | server           |   1.86 kB |

Application bundle generation complete. [0.449 seconds]

❯ Changes detected. Rebuilding...
✔ Changes detected. Rebuilding...
Browser bundles
Initial chunk files  | Names            |  Raw size
polyfills.js         | polyfills        |  90.20 kB |
main.js              | main             |  46.89 kB |
styles.css           | styles           |  17.20 kB |

                     | Initial total    | 154.29 kB


Server bundles
Initial chunk files  | Names            |  Raw size
polyfills.server.mjs | polyfills.server | 570.97 kB |
main.server.mjs      | main.server      |  48.20 kB |
server.mjs           | server           |   1.86 kB |

Application bundle generation complete. [0.441 seconds]

❯ Changes detected. Rebuilding...
✔ Changes detected. Rebuilding...
Browser bundles
Initial chunk files  | Names            |  Raw size
polyfills.js         | polyfills        |  90.20 kB |
main.js              | main             |  46.89 kB |
styles.css           | styles           |  17.20 kB |

                     | Initial total    | 154.29 kB


Server bundles
Initial chunk files  | Names            |  Raw size
polyfills.server.mjs | polyfills.server | 570.97 kB |
main.server.mjs      | main.server      |  48.20 kB |
server.mjs           | server           |   1.86 kB |

Application bundle generation complete. [0.451 seconds]

❯ Changes detected. Rebuilding...
✔ Changes detected. Rebuilding...
Browser bundles
Initial chunk files  | Names            |  Raw size
polyfills.js         | polyfills        |  90.20 kB |
main.js              | main             |  46.89 kB |
styles.css           | styles           |  17.20 kB |

                     | Initial total    | 154.29 kB


Server bundles
Initial chunk files  | Names            |  Raw size
polyfills.server.mjs | polyfills.server | 570.97 kB |
main.server.mjs      | main.server      |  48.20 kB |
server.mjs           | server           |   1.86 kB |

Application bundle generation complete. [0.503 seconds]

❯ Changes detected. Rebuilding...
✔ Changes detected. Rebuilding...
Browser bundles
Initial chunk files  | Names            |  Raw size
polyfills.js         | polyfills        |  90.20 kB |
main.js              | main             |  46.89 kB |
styles.css           | styles           |  17.20 kB |

                     | Initial total    | 154.29 kB


Server bundles
Initial chunk files  | Names            |  Raw size
polyfills.server.mjs | polyfills.server | 570.97 kB |
main.server.mjs      | main.server      |  48.20 kB |
server.mjs           | server           |   1.86 kB |

Application bundle generation complete. [0.767 seconds]

❯ Changes detected. Rebuilding...
✔ Changes detected. Rebuilding...
Browser bundles
Initial chunk files  | Names            |  Raw size
polyfills.js         | polyfills        |  90.20 kB |
main.js              | main             |  46.89 kB |
styles.css           | styles           |  17.20 kB |

                     | Initial total    | 154.29 kB


Server bundles
Initial chunk files  | Names            |  Raw size
polyfills.server.mjs | polyfills.server | 570.97 kB |
main.server.mjs      | main.server      |  48.20 kB |
server.mjs           | server           |   1.86 kB |

Application bundle generation complete. [0.788 seconds]

❯ Changes detected. Rebuilding...
✔ Changes detected. Rebuilding...
Browser bundles
Initial chunk files  | Names            |  Raw size
polyfills.js         | polyfills        |  90.20 kB |
main.js              | main             |  46.89 kB |
styles.css           | styles           |  17.20 kB |

                     | Initial total    | 154.29 kB


Server bundles
Initial chunk files  | Names            |  Raw size
polyfills.server.mjs | polyfills.server | 570.97 kB |
main.server.mjs      | main.server      |  48.20 kB |
server.mjs           | server           |   1.86 kB |

Application bundle generation complete. [0.708 seconds]

❯ Changes detected. Rebuilding...
✔ Changes detected. Rebuilding...
Browser bundles
Initial chunk files  | Names            |  Raw size
polyfills.js         | polyfills        |  90.20 kB |
main.js              | main             |  46.89 kB |
styles.css           | styles           |  17.20 kB |

                     | Initial total    | 154.29 kB


Server bundles
Initial chunk files  | Names            |  Raw size
polyfills.server.mjs | polyfills.server | 570.97 kB |
main.server.mjs      | main.server      |  48.20 kB |
server.mjs           | server           |   1.86 kB |

Application bundle generation complete. [0.478 seconds]

❯ Changes detected. Rebuilding...
✔ Changes detected. Rebuilding...
Browser bundles
Initial chunk files  | Names            |  Raw size
polyfills.js         | polyfills        |  90.20 kB |
main.js              | main             |  46.89 kB |
styles.css           | styles           |  17.20 kB |

                     | Initial total    | 154.29 kB


Server bundles
Initial chunk files  | Names            |  Raw size
polyfills.server.mjs | polyfills.server | 570.97 kB |
main.server.mjs      | main.server      |  48.20 kB |
server.mjs           | server           |   1.86 kB |

Application bundle generation complete. [0.467 seconds]

❯ Changes detected. Rebuilding...
✔ Changes detected. Rebuilding...
Browser bundles
Initial chunk files  | Names            |  Raw size
polyfills.js         | polyfills        |  90.20 kB |
main.js              | main             |  46.89 kB |
styles.css           | styles           |  17.20 kB |

                     | Initial total    | 154.29 kB


Server bundles
Initial chunk files  | Names            |  Raw size
polyfills.server.mjs | polyfills.server | 570.97 kB |
main.server.mjs      | main.server      |  48.20 kB |
server.mjs           | server           |   1.86 kB |

Application bundle generation complete. [0.451 seconds]

❯ Changes detected. Rebuilding...
✔ Changes detected. Rebuilding...
Browser bundles
Initial chunk files  | Names            |  Raw size
polyfills.js         | polyfills        |  90.20 kB |
main.js              | main             |  46.89 kB |
styles.css           | styles           |  17.20 kB |

                     | Initial total    | 154.29 kB


Server bundles
Initial chunk files  | Names            |  Raw size
polyfills.server.mjs | polyfills.server | 570.97 kB |
main.server.mjs      | main.server      |  48.20 kB |
server.mjs           | server           |   1.86 kB |

Application bundle generation complete. [0.452 seconds]

❯ Changes detected. Rebuilding...
✔ Changes detected. Rebuilding...
Browser bundles
Initial chunk files  | Names            |  Raw size
polyfills.js         | polyfills        |  90.20 kB |
main.js              | main             |  46.89 kB |
styles.css           | styles           |  17.20 kB |

                     | Initial total    | 154.29 kB


Server bundles
Initial chunk files  | Names            |  Raw size
polyfills.server.mjs | polyfills.server | 570.97 kB |
main.server.mjs      | main.server      |  48.20 kB |
server.mjs           | server           |   1.86 kB |

Application bundle generation complete. [0.438 seconds]

❯ Changes detected. Rebuilding...
✔ Changes detected. Rebuilding...
Browser bundles
Initial chunk files  | Names            |  Raw size
polyfills.js         | polyfills        |  90.20 kB |
main.js              | main             |  46.89 kB |
styles.css           | styles           |  17.20 kB |

                     | Initial total    | 154.29 kB


Server bundles
Initial chunk files  | Names            |  Raw size
polyfills.server.mjs | polyfills.server | 570.97 kB |
main.server.mjs      | main.server      |  48.20 kB |
server.mjs           | server           |   1.86 kB |

Application bundle generation complete. [0.464 seconds]

❯ Changes detected. Rebuilding...
✔ Changes detected. Rebuilding...
Browser bundles
Initial chunk files  | Names            |  Raw size
polyfills.js         | polyfills        |  90.20 kB |
main.js              | main             |  46.89 kB |
styles.css           | styles           |  17.20 kB |

                     | Initial total    | 154.29 kB


Server bundles
Initial chunk files  | Names            |  Raw size
polyfills.server.mjs | polyfills.server | 570.97 kB |
main.server.mjs      | main.server      |  48.20 kB |
server.mjs           | server           |   1.86 kB |

Application bundle generation complete. [0.457 seconds]

❯ Changes detected. Rebuilding...
✔ Changes detected. Rebuilding...
Browser bundles
Initial chunk files  | Names            |  Raw size
polyfills.js         | polyfills        |  90.20 kB |
main.js              | main             |  46.89 kB |
styles.css           | styles           |  17.20 kB |

                     | Initial total    | 154.29 kB


Server bundles
Initial chunk files  | Names            |  Raw size
polyfills.server.mjs | polyfills.server | 570.97 kB |
main.server.mjs      | main.server      |  48.20 kB |
server.mjs           | server           |   1.86 kB |

Application bundle generation complete. [0.476 seconds]

❯ Changes detected. Rebuilding...
✔ Changes detected. Rebuilding...
Browser bundles
Initial chunk files  | Names            |  Raw size
polyfills.js         | polyfills        |  90.20 kB |
main.js              | main             |  46.89 kB |
styles.css           | styles           |  17.20 kB |

                     | Initial total    | 154.29 kB


Server bundles
Initial chunk files  | Names            |  Raw size
polyfills.server.mjs | polyfills.server | 570.97 kB |
main.server.mjs      | main.server      |  48.20 kB |
server.mjs           | server           |   1.86 kB |

Application bundle generation complete. [0.462 seconds]

❯ Changes detected. Rebuilding...
✔ Changes detected. Rebuilding...
Browser bundles
Initial chunk files  | Names            |  Raw size
polyfills.js         | polyfills        |  90.20 kB |
main.js              | main             |  46.89 kB |
styles.css           | styles           |  17.20 kB |

                     | Initial total    | 154.29 kB


Server bundles
Initial chunk files  | Names            |  Raw size
polyfills.server.mjs | polyfills.server | 570.97 kB |
main.server.mjs      | main.server      |  48.20 kB |
server.mjs           | server           |   1.86 kB |

Application bundle generation complete. [0.464 seconds]

❯ Changes detected. Rebuilding...
✔ Changes detected. Rebuilding...
Browser bundles
Initial chunk files  | Names            |  Raw size
polyfills.js         | polyfills        |  90.20 kB |
main.js              | main             |  46.89 kB |
styles.css           | styles           |  17.20 kB |

                     | Initial total    | 154.29 kB


Server bundles
Initial chunk files  | Names            |  Raw size
polyfills.server.mjs | polyfills.server | 570.97 kB |
main.server.mjs      | main.server      |  48.20 kB |
server.mjs           | server           |   1.86 kB |

Application bundle generation complete. [0.526 seconds]

❯ Changes detected. Rebuilding...
✔ Changes detected. Rebuilding...
Browser bundles
Initial chunk files  | Names            |  Raw size
polyfills.js         | polyfills        |  90.20 kB |
main.js              | main             |  46.89 kB |
styles.css           | styles           |  17.20 kB |

                     | Initial total    | 154.29 kB


Server bundles
Initial chunk files  | Names            |  Raw size
polyfills.server.mjs | polyfills.server | 570.97 kB |
main.server.mjs      | main.server      |  48.20 kB |
server.mjs           | server           |   1.86 kB |

Application bundle generation complete. [0.455 seconds]

❯ Changes detected. Rebuilding...
✔ Changes detected. Rebuilding...
Browser bundles
Initial chunk files  | Names            |  Raw size
polyfills.js         | polyfills        |  90.20 kB |
main.js              | main             |  46.89 kB |
styles.css           | styles           |  17.20 kB |

                     | Initial total    | 154.29 kB


Server bundles
Initial chunk files  | Names            |  Raw size
polyfills.server.mjs | polyfills.server | 570.97 kB |
main.server.mjs      | main.server      |  48.20 kB |
server.mjs           | server           |   1.86 kB |

Application bundle generation complete. [0.460 seconds]

❯ Changes detected. Rebuilding...
✔ Changes detected. Rebuilding...
Browser bundles
Initial chunk files  | Names            |  Raw size
polyfills.js         | polyfills        |  90.20 kB |
main.js              | main             |  46.89 kB |
styles.css           | styles           |  17.20 kB |

                     | Initial total    | 154.29 kB


Server bundles
Initial chunk files  | Names            |  Raw size
polyfills.server.mjs | polyfills.server | 570.97 kB |
main.server.mjs      | main.server      |  48.20 kB |
server.mjs           | server           |   1.86 kB |

Application bundle generation complete. [0.453 seconds]

❯ Changes detected. Rebuilding...
✔ Changes detected. Rebuilding...
Browser bundles
Initial chunk files  | Names            |  Raw size
polyfills.js         | polyfills        |  90.20 kB |
main.js              | main             |  46.89 kB |
styles.css           | styles           |  17.20 kB |

                     | Initial total    | 154.29 kB


Server bundles
Initial chunk files  | Names            |  Raw size
polyfills.server.mjs | polyfills.server | 570.97 kB |
main.server.mjs      | main.server      |  48.20 kB |
server.mjs           | server           |   1.86 kB |

Application bundle generation complete. [0.442 seconds]

❯ Changes detected. Rebuilding...
✔ Changes detected. Rebuilding...
Browser bundles
Initial chunk files  | Names            |  Raw size
polyfills.js         | polyfills        |  90.20 kB |
main.js              | main             |  46.89 kB |
styles.css           | styles           |  17.20 kB |

                     | Initial total    | 154.29 kB


Server bundles
Initial chunk files  | Names            |  Raw size
polyfills.server.mjs | polyfills.server | 570.97 kB |
main.server.mjs      | main.server      |  48.20 kB |
server.mjs           | server           |   1.86 kB |

Application bundle generation complete. [0.462 seconds]

❯ Changes detected. Rebuilding...
✔ Changes detected. Rebuilding...
Browser bundles
Initial chunk files  | Names            |  Raw size
polyfills.js         | polyfills        |  90.20 kB |
main.js              | main             |  46.89 kB |
styles.css           | styles           |  17.20 kB |

                     | Initial total    | 154.29 kB


Server bundles
Initial chunk files  | Names            |  Raw size
polyfills.server.mjs | polyfills.server | 570.97 kB |
main.server.mjs      | main.server      |  48.20 kB |
server.mjs           | server           |   1.86 kB |

Application bundle generation complete. [0.460 seconds]

❯ Changes detected. Rebuilding...
✔ Changes detected. Rebuilding...
Browser bundles
Initial chunk files  | Names            |  Raw size
polyfills.js         | polyfills        |  90.20 kB |
main.js              | main             |  46.89 kB |
styles.css           | styles           |  17.20 kB |

                     | Initial total    | 154.29 kB


Server bundles
Initial chunk files  | Names            |  Raw size
polyfills.server.mjs | polyfills.server | 570.97 kB |
main.server.mjs      | main.server      |  48.20 kB |
server.mjs           | server           |   1.86 kB |

Application bundle generation complete. [0.473 seconds]

❯ Changes detected. Rebuilding...
✔ Changes detected. Rebuilding...
Browser bundles
Initial chunk files  | Names            |  Raw size
polyfills.js         | polyfills        |  90.20 kB |
main.js              | main             |  46.89 kB |
styles.css           | styles           |  17.20 kB |

                     | Initial total    | 154.29 kB


Server bundles
Initial chunk files  | Names            |  Raw size
polyfills.server.mjs | polyfills.server | 570.97 kB |
main.server.mjs      | main.server      |  48.20 kB |
server.mjs           | server           |   1.86 kB |

Application bundle generation complete. [0.461 seconds]

❯ Changes detected. Rebuilding...
✔ Changes detected. Rebuilding...
Browser bundles
Initial chunk files  | Names            |  Raw size
polyfills.js         | polyfills        |  90.20 kB |
main.js              | main             |  46.89 kB |
styles.css           | styles           |  17.20 kB |

                     | Initial total    | 154.29 kB


Server bundles
Initial chunk files  | Names            |  Raw size
polyfills.server.mjs | polyfills.server | 570.97 kB |
main.server.mjs      | main.server      |  48.20 kB |
server.mjs           | server           |   1.86 kB |

Application bundle generation complete. [0.474 seconds]

❯ Changes detected. Rebuilding...
✔ Changes detected. Rebuilding...
Browser bundles
Initial chunk files  | Names            |  Raw size
polyfills.js         | polyfills        |  90.20 kB |
main.js              | main             |  46.89 kB |
styles.css           | styles           |  17.20 kB |

                     | Initial total    | 154.29 kB


Server bundles
Initial chunk files  | Names            |  Raw size
polyfills.server.mjs | polyfills.server | 570.97 kB |
main.server.mjs      | main.server      |  48.20 kB |
server.mjs           | server           |   1.86 kB |

Application bundle generation complete. [0.474 seconds]

❯ Changes detected. Rebuilding...
✔ Changes detected. Rebuilding...
Browser bundles
Initial chunk files  | Names            |  Raw size
polyfills.js         | polyfills        |  90.20 kB |
main.js              | main             |  46.89 kB |
styles.css           | styles           |  17.20 kB |

                     | Initial total    | 154.29 kB


Server bundles
Initial chunk files  | Names            |  Raw size
polyfills.server.mjs | polyfills.server | 570.97 kB |
main.server.mjs      | main.server      |  48.20 kB |
server.mjs           | server           |   1.86 kB |

Application bundle generation complete. [0.476 seconds]

❯ Changes detected. Rebuilding...
✔ Changes detected. Rebuilding...
Browser bundles
Initial chunk files  | Names            |  Raw size
polyfills.js         | polyfills        |  90.20 kB |
main.js              | main             |  46.89 kB |
styles.css           | styles           |  17.20 kB |

                     | Initial total    | 154.29 kB


Server bundles
Initial chunk files  | Names            |  Raw size
polyfills.server.mjs | polyfills.server | 570.97 kB |
main.server.mjs      | main.server      |  48.20 kB |
server.mjs           | server           |   1.86 kB |

Application bundle generation complete. [0.485 seconds]

❯ Changes detected. Rebuilding...
✔ Changes detected. Rebuilding...
Browser bundles
Initial chunk files  | Names            |  Raw size
polyfills.js         | polyfills        |  90.20 kB |
main.js              | main             |  46.89 kB |
styles.css           | styles           |  17.20 kB |

                     | Initial total    | 154.29 kB


Server bundles
Initial chunk files  | Names            |  Raw size
polyfills.server.mjs | polyfills.server | 570.97 kB |
main.server.mjs      | main.server      |  48.20 kB |
server.mjs           | server           |   1.86 kB |

Application bundle generation complete. [0.485 seconds]

❯ Changes detected. Rebuilding...
✔ Changes detected. Rebuilding...
Browser bundles
Initial chunk files  | Names            |  Raw size
polyfills.js         | polyfills        |  90.20 kB |
main.js              | main             |  46.89 kB |
styles.css           | styles           |  17.20 kB |

                     | Initial total    | 154.29 kB


Server bundles
Initial chunk files  | Names            |  Raw size
polyfills.server.mjs | polyfills.server | 570.97 kB |
main.server.mjs      | main.server      |  48.20 kB |
server.mjs           | server           |   1.86 kB |

Application bundle generation complete. [0.476 seconds]

❯ Changes detected. Rebuilding...
✔ Changes detected. Rebuilding...
Browser bundles
Initial chunk files  | Names            |  Raw size
polyfills.js         | polyfills        |  90.20 kB |
main.js              | main             |  46.89 kB |
styles.css           | styles           |  17.20 kB |

                     | Initial total    | 154.29 kB


Server bundles
Initial chunk files  | Names            |  Raw size
polyfills.server.mjs | polyfills.server | 570.97 kB |
main.server.mjs      | main.server      |  48.20 kB |
server.mjs           | server           |   1.86 kB |

Application bundle generation complete. [0.472 seconds]

❯ Changes detected. Rebuilding...
✔ Changes detected. Rebuilding...
Browser bundles
Initial chunk files  | Names            |  Raw size
polyfills.js         | polyfills        |  90.20 kB |
main.js              | main             |  46.89 kB |
styles.css           | styles           |  17.20 kB |

                     | Initial total    | 154.29 kB


Server bundles
Initial chunk files  | Names            |  Raw size
polyfills.server.mjs | polyfills.server | 570.97 kB |
main.server.mjs      | main.server      |  48.20 kB |
server.mjs           | server           |   1.86 kB |

Application bundle generation complete. [0.491 seconds]

❯ Changes detected. Rebuilding...
✔ Changes detected. Rebuilding...
Browser bundles
Initial chunk files  | Names            |  Raw size
polyfills.js         | polyfills        |  90.20 kB |
main.js              | main             |  46.89 kB |
styles.css           | styles           |  17.20 kB |

                     | Initial total    | 154.29 kB


Server bundles
Initial chunk files  | Names            |  Raw size
polyfills.server.mjs | polyfills.server | 570.97 kB |
main.server.mjs      | main.server      |  48.20 kB |
server.mjs           | server           |   1.86 kB |

Application bundle generation complete. [0.472 seconds]

❯ Changes detected. Rebuilding...
✔ Changes detected. Rebuilding...
Browser bundles
Initial chunk files  | Names            |  Raw size
polyfills.js         | polyfills        |  90.20 kB |
main.js              | main             |  46.89 kB |
styles.css           | styles           |  17.20 kB |

                     | Initial total    | 154.29 kB


Server bundles
Initial chunk files  | Names            |  Raw size
polyfills.server.mjs | polyfills.server | 570.97 kB |
main.server.mjs      | main.server      |  48.20 kB |
server.mjs           | server           |   1.86 kB |

Application bundle generation complete. [0.478 seconds]

❯ Changes detected. Rebuilding...
✔ Changes detected. Rebuilding...
Browser bundles
Initial chunk files  | Names            |  Raw size
polyfills.js         | polyfills        |  90.20 kB |
main.js              | main             |  46.89 kB |
styles.css           | styles           |  17.20 kB |

                     | Initial total    | 154.29 kB


Server bundles
Initial chunk files  | Names            |  Raw size
polyfills.server.mjs | polyfills.server | 570.97 kB |
main.server.mjs      | main.server      |  48.20 kB |
server.mjs           | server           |   1.86 kB |

Application bundle generation complete. [0.488 seconds]

❯ Changes detected. Rebuilding...
✔ Changes detected. Rebuilding...
Browser bundles
Initial chunk files  | Names            |  Raw size
polyfills.js         | polyfills        |  90.20 kB |
main.js              | main             |  46.89 kB |
styles.css           | styles           |  17.20 kB |

                     | Initial total    | 154.29 kB


Server bundles
Initial chunk files  | Names            |  Raw size
polyfills.server.mjs | polyfills.server | 570.97 kB |
main.server.mjs      | main.server      |  48.20 kB |
server.mjs           | server           |   1.86 kB |

Application bundle generation complete. [0.472 seconds]

❯ Changes detected. Rebuilding...
✔ Changes detected. Rebuilding...
Browser bundles
Initial chunk files  | Names            |  Raw size
polyfills.js         | polyfills        |  90.20 kB |
main.js              | main             |  46.89 kB |
styles.css           | styles           |  17.20 kB |

                     | Initial total    | 154.29 kB


Server bundles
Initial chunk files  | Names            |  Raw size
polyfills.server.mjs | polyfills.server | 570.97 kB |
main.server.mjs      | main.server      |  48.20 kB |
server.mjs           | server           |   1.86 kB |

Application bundle generation complete. [0.575 seconds]

❯ Changes detected. Rebuilding...
✔ Changes detected. Rebuilding...
Browser bundles
Initial chunk files  | Names            |  Raw size
polyfills.js         | polyfills        |  90.20 kB |
main.js              | main             |  46.89 kB |
styles.css           | styles           |  17.20 kB |

                     | Initial total    | 154.29 kB


Server bundles
Initial chunk files  | Names            |  Raw size
polyfills.server.mjs | polyfills.server | 570.97 kB |
main.server.mjs      | main.server      |  48.20 kB |
server.mjs           | server           |   1.86 kB |

Application bundle generation complete. [0.630 seconds]

❯ Changes detected. Rebuilding...
✔ Changes detected. Rebuilding...
Browser bundles
Initial chunk files  | Names            |  Raw size
polyfills.js         | polyfills        |  90.20 kB |
main.js              | main             |  46.89 kB |
styles.css           | styles           |  17.20 kB |

                     | Initial total    | 154.29 kB


Server bundles
Initial chunk files  | Names            |  Raw size
polyfills.server.mjs | polyfills.server | 570.97 kB |
main.server.mjs      | main.server      |  48.20 kB |
server.mjs           | server           |   1.86 kB |

Application bundle generation complete. [0.593 seconds]

❯ Changes detected. Rebuilding...
✔ Changes detected. Rebuilding...
Browser bundles
Initial chunk files  | Names            |  Raw size
polyfills.js         | polyfills        |  90.20 kB |
main.js              | main             |  46.89 kB |
styles.css           | styles           |  17.20 kB |

                     | Initial total    | 154.29 kB


Server bundles
Initial chunk files  | Names            |  Raw size
polyfills.server.mjs | polyfills.server | 570.97 kB |
main.server.mjs      | main.server      |  48.20 kB |
server.mjs           | server           |   1.86 kB |

Application bundle generation complete. [0.598 seconds]

❯ Changes detected. Rebuilding...
✔ Changes detected. Rebuilding...
Browser bundles
Initial chunk files  | Names            |  Raw size
polyfills.js         | polyfills        |  90.20 kB |
main.js              | main             |  46.89 kB |
styles.css           | styles           |  17.20 kB |

                     | Initial total    | 154.29 kB


Server bundles
Initial chunk files  | Names            |  Raw size
polyfills.server.mjs | polyfills.server | 570.97 kB |
main.server.mjs      | main.server      |  48.20 kB |
server.mjs           | server           |   1.86 kB |

Application bundle generation complete. [0.514 seconds]

❯ Changes detected. Rebuilding...
✔ Changes detected. Rebuilding...
Browser bundles
Initial chunk files  | Names            |  Raw size
polyfills.js         | polyfills        |  90.20 kB |
main.js              | main             |  46.89 kB |
styles.css           | styles           |  17.20 kB |

                     | Initial total    | 154.29 kB


Server bundles
Initial chunk files  | Names            |  Raw size
polyfills.server.mjs | polyfills.server | 570.97 kB |
main.server.mjs      | main.server      |  48.20 kB |
server.mjs           | server           |   1.86 kB |

Application bundle generation complete. [0.502 seconds]

❯ Changes detected. Rebuilding...
✔ Changes detected. Rebuilding...
Browser bundles
Initial chunk files  | Names            |  Raw size
polyfills.js         | polyfills        |  90.20 kB |
main.js              | main             |  46.89 kB |
styles.css           | styles           |  17.20 kB |

                     | Initial total    | 154.29 kB


Server bundles
Initial chunk files  | Names            |  Raw size
polyfills.server.mjs | polyfills.server | 570.97 kB |
main.server.mjs      | main.server      |  48.20 kB |
server.mjs           | server           |   1.86 kB |

Application bundle generation complete. [0.508 seconds]

❯ Changes detected. Rebuilding...
✔ Changes detected. Rebuilding...
Browser bundles
Initial chunk files  | Names            |  Raw size
polyfills.js         | polyfills        |  90.20 kB |
main.js              | main             |  46.89 kB |
styles.css           | styles           |  17.20 kB |

                     | Initial total    | 154.29 kB


Server bundles
Initial chunk files  | Names            |  Raw size
polyfills.server.mjs | polyfills.server | 570.97 kB |
main.server.mjs      | main.server      |  48.20 kB |
server.mjs           | server           |   1.86 kB |

Application bundle generation complete. [0.512 seconds]

❯ Changes detected. Rebuilding...
✔ Changes detected. Rebuilding...
Browser bundles
Initial chunk files  | Names            |  Raw size
polyfills.js         | polyfills        |  90.20 kB |
main.js              | main             |  46.89 kB |
styles.css           | styles           |  17.20 kB |

                     | Initial total    | 154.29 kB


Server bundles
Initial chunk files  | Names            |  Raw size
polyfills.server.mjs | polyfills.server | 570.97 kB |
main.server.mjs      | main.server      |  48.20 kB |
server.mjs           | server           |   1.86 kB |

Application bundle generation complete. [0.542 seconds]

❯ Changes detected. Rebuilding...
✔ Changes detected. Rebuilding...
Browser bundles
Initial chunk files  | Names            |  Raw size
polyfills.js         | polyfills        |  90.20 kB |
main.js              | main             |  46.89 kB |
styles.css           | styles           |  17.20 kB |

                     | Initial total    | 154.29 kB


Server bundles
Initial chunk files  | Names            |  Raw size
polyfills.server.mjs | polyfills.server | 570.97 kB |
main.server.mjs      | main.server      |  48.20 kB |
server.mjs           | server           |   1.86 kB |

Application bundle generation complete. [0.523 seconds]

❯ Changes detected. Rebuilding...
✔ Changes detected. Rebuilding...
Browser bundles
Initial chunk files  | Names            |  Raw size
polyfills.js         | polyfills        |  90.20 kB |
main.js              | main             |  46.89 kB |
styles.css           | styles           |  17.20 kB |

                     | Initial total    | 154.29 kB


Server bundles
Initial chunk files  | Names            |  Raw size
polyfills.server.mjs | polyfills.server | 570.97 kB |
main.server.mjs      | main.server      |  48.20 kB |
server.mjs           | server           |   1.86 kB |

Application bundle generation complete. [0.517 seconds]

❯ Changes detected. Rebuilding...
✔ Changes detected. Rebuilding...
Browser bundles
Initial chunk files  | Names            |  Raw size
polyfills.js         | polyfills        |  90.20 kB |
main.js              | main             |  46.89 kB |
styles.css           | styles           |  17.20 kB |

                     | Initial total    | 154.29 kB


Server bundles
Initial chunk files  | Names            |  Raw size
polyfills.server.mjs | polyfills.server | 570.97 kB |
main.server.mjs      | main.server      |  48.20 kB |
server.mjs           | server           |   1.86 kB |

Application bundle generation complete. [0.534 seconds]

❯ Changes detected. Rebuilding...
✔ Changes detected. Rebuilding...
Browser bundles
Initial chunk files  | Names            |  Raw size
polyfills.js         | polyfills        |  90.20 kB |
main.js              | main             |  46.89 kB |
styles.css           | styles           |  17.20 kB |

                     | Initial total    | 154.29 kB


Server bundles
Initial chunk files  | Names            |  Raw size
polyfills.server.mjs | polyfills.server | 570.97 kB |
main.server.mjs      | main.server      |  48.20 kB |
server.mjs           | server           |   1.86 kB |

Application bundle generation complete. [0.511 seconds]

❯ Changes detected. Rebuilding...
✔ Changes detected. Rebuilding...
Browser bundles
Initial chunk files  | Names            |  Raw size
polyfills.js         | polyfills        |  90.20 kB |
main.js              | main             |  46.89 kB |
styles.css           | styles           |  17.20 kB |

                     | Initial total    | 154.29 kB


Server bundles
Initial chunk files  | Names            |  Raw size
polyfills.server.mjs | polyfills.server | 570.97 kB |
main.server.mjs      | main.server      |  48.20 kB |
server.mjs           | server           |   1.86 kB |

Application bundle generation complete. [0.509 seconds]

❯ Changes detected. Rebuilding...
✔ Changes detected. Rebuilding...
Browser bundles
Initial chunk files  | Names            |  Raw size
polyfills.js         | polyfills        |  90.20 kB |
main.js              | main             |  46.89 kB |
styles.css           | styles           |  17.20 kB |

                     | Initial total    | 154.29 kB


Server bundles
Initial chunk files  | Names            |  Raw size
polyfills.server.mjs | polyfills.server | 570.97 kB |
main.server.mjs      | main.server      |  48.20 kB |
server.mjs           | server           |   1.86 kB |

Application bundle generation complete. [0.515 seconds]

❯ Changes detected. Rebuilding...
✔ Changes detected. Rebuilding...
Browser bundles
Initial chunk files  | Names            |  Raw size
polyfills.js         | polyfills        |  90.20 kB |
main.js              | main             |  46.89 kB |
styles.css           | styles           |  17.20 kB |

                     | Initial total    | 154.29 kB


Server bundles
Initial chunk files  | Names            |  Raw size
polyfills.server.mjs | polyfills.server | 570.97 kB |
main.server.mjs      | main.server      |  48.20 kB |
server.mjs           | server           |   1.86 kB |

Application bundle generation complete. [0.494 seconds]

❯ Changes detected. Rebuilding...
✔ Changes detected. Rebuilding...
Browser bundles
Initial chunk files  | Names            |  Raw size
polyfills.js         | polyfills        |  90.20 kB |
main.js              | main             |  46.89 kB |
styles.css           | styles           |  17.20 kB |

                     | Initial total    | 154.29 kB


Server bundles
Initial chunk files  | Names            |  Raw size
polyfills.server.mjs | polyfills.server | 570.97 kB |
main.server.mjs      | main.server      |  48.20 kB |
server.mjs           | server           |   1.86 kB |

Application bundle generation complete. [0.489 seconds]

❯ Changes detected. Rebuilding...
✔ Changes detected. Rebuilding...
Browser bundles
Initial chunk files  | Names            |  Raw size
polyfills.js         | polyfills        |  90.20 kB |
main.js              | main             |  46.89 kB |
styles.css           | styles           |  17.20 kB |

                     | Initial total    | 154.29 kB


Server bundles
Initial chunk files  | Names            |  Raw size
polyfills.server.mjs | polyfills.server | 570.97 kB |
main.server.mjs      | main.server      |  48.20 kB |
server.mjs           | server           |   1.86 kB |

Application bundle generation complete. [0.486 seconds]

❯ Changes detected. Rebuilding...
✔ Changes detected. Rebuilding...
Browser bundles
Initial chunk files  | Names            |  Raw size
polyfills.js         | polyfills        |  90.20 kB |
main.js              | main             |  46.89 kB |
styles.css           | styles           |  17.20 kB |

                     | Initial total    | 154.29 kB


Server bundles
Initial chunk files  | Names            |  Raw size
polyfills.server.mjs | polyfills.server | 570.97 kB |
main.server.mjs      | main.server      |  48.20 kB |
server.mjs           | server           |   1.86 kB |

Application bundle generation complete. [0.494 seconds]

❯ Changes detected. Rebuilding...
✔ Changes detected. Rebuilding...
Browser bundles
Initial chunk files  | Names            |  Raw size
polyfills.js         | polyfills        |  90.20 kB |
main.js              | main             |  46.89 kB |
styles.css           | styles           |  17.20 kB |

                     | Initial total    | 154.29 kB


Server bundles
Initial chunk files  | Names            |  Raw size
polyfills.server.mjs | polyfills.server | 570.97 kB |
main.server.mjs      | main.server      |  48.20 kB |
server.mjs           | server           |   1.86 kB |

Application bundle generation complete. [0.510 seconds]

❯ Changes detected. Rebuilding...
✔ Changes detected. Rebuilding...
Browser bundles
Initial chunk files  | Names            |  Raw size
polyfills.js         | polyfills        |  90.20 kB |
main.js              | main             |  46.89 kB |
styles.css           | styles           |  17.20 kB |

                     | Initial total    | 154.29 kB


Server bundles
Initial chunk files  | Names            |  Raw size
polyfills.server.mjs | polyfills.server | 570.97 kB |
main.server.mjs      | main.server      |  48.20 kB |
server.mjs           | server           |   1.86 kB |

Application bundle generation complete. [0.534 seconds]

❯ Changes detected. Rebuilding...
✔ Changes detected. Rebuilding...
Browser bundles
Initial chunk files  | Names            |  Raw size
polyfills.js         | polyfills        |  90.20 kB |
main.js              | main             |  46.89 kB |
styles.css           | styles           |  17.20 kB |

                     | Initial total    | 154.29 kB


Server bundles
Initial chunk files  | Names            |  Raw size
polyfills.server.mjs | polyfills.server | 570.97 kB |
main.server.mjs      | main.server      |  48.20 kB |
server.mjs           | server           |   1.86 kB |

Application bundle generation complete. [0.569 seconds]

❯ Changes detected. Rebuilding...
✔ Changes detected. Rebuilding...
Browser bundles
Initial chunk files  | Names            |  Raw size
polyfills.js         | polyfills        |  90.20 kB |
main.js              | main             |  46.89 kB |
styles.css           | styles           |  17.20 kB |

                     | Initial total    | 154.29 kB


Server bundles
Initial chunk files  | Names            |  Raw size
polyfills.server.mjs | polyfills.server | 570.97 kB |
main.server.mjs      | main.server      |  48.20 kB |
server.mjs           | server           |   1.86 kB |

Application bundle generation complete. [0.563 seconds]

❯ Changes detected. Rebuilding...
✔ Changes detected. Rebuilding...
Browser bundles
Initial chunk files  | Names            |  Raw size
polyfills.js         | polyfills        |  90.20 kB |
main.js              | main             |  46.89 kB |
styles.css           | styles           |  17.20 kB |

                     | Initial total    | 154.29 kB


Server bundles
Initial chunk files  | Names            |  Raw size
polyfills.server.mjs | polyfills.server | 570.97 kB |
main.server.mjs      | main.server      |  48.20 kB |
server.mjs           | server           |   1.86 kB |

Application bundle generation complete. [0.567 seconds]

❯ Changes detected. Rebuilding...
✔ Changes detected. Rebuilding...
Browser bundles
Initial chunk files  | Names            |  Raw size
polyfills.js         | polyfills        |  90.20 kB |
main.js              | main             |  46.89 kB |
styles.css           | styles           |  17.20 kB |

                     | Initial total    | 154.29 kB


Server bundles
Initial chunk files  | Names            |  Raw size
polyfills.server.mjs | polyfills.server | 570.97 kB |
main.server.mjs      | main.server      |  48.20 kB |
server.mjs           | server           |   1.86 kB |

Application bundle generation complete. [0.554 seconds]

❯ Changes detected. Rebuilding...
✔ Changes detected. Rebuilding...
Browser bundles
Initial chunk files  | Names            |  Raw size
polyfills.js         | polyfills        |  90.20 kB |
main.js              | main             |  46.89 kB |
styles.css           | styles           |  17.20 kB |

                     | Initial total    | 154.29 kB


Server bundles
Initial chunk files  | Names            |  Raw size
polyfills.server.mjs | polyfills.server | 570.97 kB |
main.server.mjs      | main.server      |  48.20 kB |
server.mjs           | server           |   1.86 kB |

Application bundle generation complete. [0.497 seconds]

❯ Changes detected. Rebuilding...
✔ Changes detected. Rebuilding...
Browser bundles
Initial chunk files  | Names            |  Raw size
polyfills.js         | polyfills        |  90.20 kB |
main.js              | main             |  46.89 kB |
styles.css           | styles           |  17.20 kB |

                     | Initial total    | 154.29 kB


Server bundles
Initial chunk files  | Names            |  Raw size
polyfills.server.mjs | polyfills.server | 570.97 kB |
main.server.mjs      | main.server      |  48.20 kB |
server.mjs           | server           |   1.86 kB |

Application bundle generation complete. [0.531 seconds]

❯ Changes detected. Rebuilding...
✔ Changes detected. Rebuilding...
Browser bundles
Initial chunk files  | Names            |  Raw size
polyfills.js         | polyfills        |  90.20 kB |
main.js              | main             |  46.89 kB |
styles.css           | styles           |  17.20 kB |

                     | Initial total    | 154.29 kB


Server bundles
Initial chunk files  | Names            |  Raw size
polyfills.server.mjs | polyfills.server | 570.97 kB |
main.server.mjs      | main.server      |  48.20 kB |
server.mjs           | server           |   1.86 kB |

Application bundle generation complete. [0.549 seconds]

❯ Changes detected. Rebuilding...
✔ Changes detected. Rebuilding...
Browser bundles
Initial chunk files  | Names            |  Raw size
polyfills.js         | polyfills        |  90.20 kB |
main.js              | main             |  46.89 kB |
styles.css           | styles           |  17.20 kB |

                     | Initial total    | 154.29 kB


Server bundles
Initial chunk files  | Names            |  Raw size
polyfills.server.mjs | polyfills.server | 570.97 kB |
main.server.mjs      | main.server      |  48.20 kB |
server.mjs           | server           |   1.86 kB |

Application bundle generation complete. [0.552 seconds]

❯ Changes detected. Rebuilding...
✔ Changes detected. Rebuilding...
Browser bundles
Initial chunk files  | Names            |  Raw size
polyfills.js         | polyfills        |  90.20 kB |
main.js              | main             |  46.89 kB |
styles.css           | styles           |  17.20 kB |

                     | Initial total    | 154.29 kB


Server bundles
Initial chunk files  | Names            |  Raw size
polyfills.server.mjs | polyfills.server | 570.97 kB |
main.server.mjs      | main.server      |  48.20 kB |
server.mjs           | server           |   1.86 kB |

Application bundle generation complete. [0.554 seconds]

❯ Changes detected. Rebuilding...
✔ Changes detected. Rebuilding...
Browser bundles
Initial chunk files  | Names            |  Raw size
polyfills.js         | polyfills        |  90.20 kB |
main.js              | main             |  46.89 kB |
styles.css           | styles           |  17.20 kB |

                     | Initial total    | 154.29 kB


Server bundles
Initial chunk files  | Names            |  Raw size
polyfills.server.mjs | polyfills.server | 570.97 kB |
main.server.mjs      | main.server      |  48.20 kB |
server.mjs           | server           |   1.86 kB |

Application bundle generation complete. [0.562 seconds]

❯ Changes detected. Rebuilding...
✔ Changes detected. Rebuilding...
Browser bundles
Initial chunk files  | Names            |  Raw size
polyfills.js         | polyfills        |  90.20 kB |
main.js              | main             |  46.89 kB |
styles.css           | styles           |  17.20 kB |

                     | Initial total    | 154.29 kB


Server bundles
Initial chunk files  | Names            |  Raw size
polyfills.server.mjs | polyfills.server | 570.97 kB |
main.server.mjs      | main.server      |  48.20 kB |
server.mjs           | server           |   1.86 kB |

Application bundle generation complete. [0.554 seconds]

❯ Changes detected. Rebuilding...
✔ Changes detected. Rebuilding...
Browser bundles
Initial chunk files  | Names            |  Raw size
polyfills.js         | polyfills        |  90.20 kB |
main.js              | main             |  46.89 kB |
styles.css           | styles           |  17.20 kB |

                     | Initial total    | 154.29 kB


Server bundles
Initial chunk files  | Names            |  Raw size
polyfills.server.mjs | polyfills.server | 570.97 kB |
main.server.mjs      | main.server      |  48.20 kB |
server.mjs           | server           |   1.86 kB |

Application bundle generation complete. [0.558 seconds]

❯ Changes detected. Rebuilding...
✔ Changes detected. Rebuilding...
Browser bundles
Initial chunk files  | Names            |  Raw size
polyfills.js         | polyfills        |  90.20 kB |
main.js              | main             |  46.89 kB |
styles.css           | styles           |  17.20 kB |

                     | Initial total    | 154.29 kB


Server bundles
Initial chunk files  | Names            |  Raw size
polyfills.server.mjs | polyfills.server | 570.97 kB |
main.server.mjs      | main.server      |  48.20 kB |
server.mjs           | server           |   1.86 kB |

Application bundle generation complete. [0.582 seconds]

❯ Changes detected. Rebuilding...
✔ Changes detected. Rebuilding...
Browser bundles
Initial chunk files  | Names            |  Raw size
polyfills.js         | polyfills        |  90.20 kB |
main.js              | main             |  46.89 kB |
styles.css           | styles           |  17.20 kB |

                     | Initial total    | 154.29 kB


Server bundles
Initial chunk files  | Names            |  Raw size
polyfills.server.mjs | polyfills.server | 570.97 kB |
main.server.mjs      | main.server      |  48.20 kB |
server.mjs           | server           |   1.86 kB |

Application bundle generation complete. [0.559 seconds]

❯ Changes detected. Rebuilding...
✔ Changes detected. Rebuilding...
Browser bundles
Initial chunk files  | Names            |  Raw size
polyfills.js         | polyfills        |  90.20 kB |
main.js              | main             |  46.89 kB |
styles.css           | styles           |  17.20 kB |

                     | Initial total    | 154.29 kB


Server bundles
Initial chunk files  | Names            |  Raw size
polyfills.server.mjs | polyfills.server | 570.97 kB |
main.server.mjs      | main.server      |  48.20 kB |
server.mjs           | server           |   1.86 kB |

Application bundle generation complete. [0.547 seconds]

❯ Changes detected. Rebuilding...
✔ Changes detected. Rebuilding...
Browser bundles
Initial chunk files  | Names            |  Raw size
polyfills.js         | polyfills        |  90.20 kB |
main.js              | main             |  46.89 kB |
styles.css           | styles           |  17.20 kB |

                     | Initial total    | 154.29 kB


Server bundles
Initial chunk files  | Names            |  Raw size
polyfills.server.mjs | polyfills.server | 570.97 kB |
main.server.mjs      | main.server      |  48.20 kB |
server.mjs           | server           |   1.86 kB |

Application bundle generation complete. [0.537 seconds]

❯ Changes detected. Rebuilding...
✔ Changes detected. Rebuilding...
Browser bundles
Initial chunk files  | Names            |  Raw size
polyfills.js         | polyfills        |  90.20 kB |
main.js              | main             |  46.89 kB |
styles.css           | styles           |  17.20 kB |

                     | Initial total    | 154.29 kB


Server bundles
Initial chunk files  | Names            |  Raw size
polyfills.server.mjs | polyfills.server | 570.97 kB |
main.server.mjs      | main.server      |  48.20 kB |
server.mjs           | server           |   1.86 kB |

Application bundle generation complete. [0.528 seconds]

❯ Changes detected. Rebuilding...
✔ Changes detected. Rebuilding...
Browser bundles
Initial chunk files  | Names            |  Raw size
polyfills.js         | polyfills        |  90.20 kB |
main.js              | main             |  46.89 kB |
styles.css           | styles           |  17.20 kB |

                     | Initial total    | 154.29 kB


Server bundles
Initial chunk files  | Names            |  Raw size
polyfills.server.mjs | polyfills.server | 570.97 kB |
main.server.mjs      | main.server      |  48.20 kB |
server.mjs           | server           |   1.86 kB |

Application bundle generation complete. [0.582 seconds]

❯ Changes detected. Rebuilding...
✔ Changes detected. Rebuilding...
Browser bundles
Initial chunk files  | Names            |  Raw size
polyfills.js         | polyfills        |  90.20 kB |
main.js              | main             |  46.89 kB |
styles.css           | styles           |  17.20 kB |

                     | Initial total    | 154.29 kB


Server bundles
Initial chunk files  | Names            |  Raw size
polyfills.server.mjs | polyfills.server | 570.97 kB |
main.server.mjs      | main.server      |  48.20 kB |
server.mjs           | server           |   1.86 kB |

Application bundle generation complete. [0.523 seconds]

❯ Changes detected. Rebuilding...
✔ Changes detected. Rebuilding...
Browser bundles
Initial chunk files  | Names            |  Raw size
polyfills.js         | polyfills        |  90.20 kB |
main.js              | main             |  46.89 kB |
styles.css           | styles           |  17.20 kB |

                     | Initial total    | 154.29 kB


Server bundles
Initial chunk files  | Names            |  Raw size
polyfills.server.mjs | polyfills.server | 570.97 kB |
main.server.mjs      | main.server      |  48.20 kB |
server.mjs           | server           |   1.86 kB |

Application bundle generation complete. [0.549 seconds]

❯ Changes detected. Rebuilding...
✔ Changes detected. Rebuilding...
Browser bundles
Initial chunk files  | Names            |  Raw size
polyfills.js         | polyfills        |  90.20 kB |
main.js              | main             |  46.89 kB |
styles.css           | styles           |  17.20 kB |

                     | Initial total    | 154.29 kB


Server bundles
Initial chunk files  | Names            |  Raw size
polyfills.server.mjs | polyfills.server | 570.97 kB |
main.server.mjs      | main.server      |  48.20 kB |
server.mjs           | server           |   1.86 kB |

Application bundle generation complete. [0.533 seconds]

❯ Changes detected. Rebuilding...
✔ Changes detected. Rebuilding...
Browser bundles
Initial chunk files  | Names            |  Raw size
polyfills.js         | polyfills        |  90.20 kB |
main.js              | main             |  46.89 kB |
styles.css           | styles           |  17.20 kB |

                     | Initial total    | 154.29 kB


Server bundles
Initial chunk files  | Names            |  Raw size
polyfills.server.mjs | polyfills.server | 570.97 kB |
main.server.mjs      | main.server      |  48.20 kB |
server.mjs           | server           |   1.86 kB |

Application bundle generation complete. [0.573 seconds]

❯ Changes detected. Rebuilding...
✔ Changes detected. Rebuilding...
Browser bundles
Initial chunk files  | Names            |  Raw size
polyfills.js         | polyfills        |  90.20 kB |
main.js              | main             |  46.89 kB |
styles.css           | styles           |  17.20 kB |

                     | Initial total    | 154.29 kB


Server bundles
Initial chunk files  | Names            |  Raw size
polyfills.server.mjs | polyfills.server | 570.97 kB |
main.server.mjs      | main.server      |  48.20 kB |
server.mjs           | server           |   1.86 kB |

Application bundle generation complete. [0.581 seconds]

❯ Changes detected. Rebuilding...
✔ Changes detected. Rebuilding...
Browser bundles
Initial chunk files  | Names            |  Raw size
polyfills.js         | polyfills        |  90.20 kB |
main.js              | main             |  46.89 kB |
styles.css           | styles           |  17.20 kB |

                     | Initial total    | 154.29 kB


Server bundles
Initial chunk files  | Names            |  Raw size
polyfills.server.mjs | polyfills.server | 570.97 kB |
main.server.mjs      | main.server      |  48.20 kB |
server.mjs           | server           |   1.86 kB |

Application bundle generation complete. [0.570 seconds]

❯ Changes detected. Rebuilding...
✔ Changes detected. Rebuilding...
Browser bundles
Initial chunk files  | Names            |  Raw size
polyfills.js         | polyfills        |  90.20 kB |
main.js              | main             |  46.89 kB |
styles.css           | styles           |  17.20 kB |

                     | Initial total    | 154.29 kB


Server bundles
Initial chunk files  | Names            |  Raw size
polyfills.server.mjs | polyfills.server | 570.97 kB |
main.server.mjs      | main.server      |  48.20 kB |
server.mjs           | server           |   1.86 kB |

Application bundle generation complete. [0.586 seconds]

❯ Changes detected. Rebuilding...
✔ Changes detected. Rebuilding...
Browser bundles
Initial chunk files  | Names            |  Raw size
polyfills.js         | polyfills        |  90.20 kB |
main.js              | main             |  46.89 kB |
styles.css           | styles           |  17.20 kB |

                     | Initial total    | 154.29 kB


Server bundles
Initial chunk files  | Names            |  Raw size
polyfills.server.mjs | polyfills.server | 570.97 kB |
main.server.mjs      | main.server      |  48.20 kB |
server.mjs           | server           |   1.86 kB |

Application bundle generation complete. [0.585 seconds]

❯ Changes detected. Rebuilding...
✔ Changes detected. Rebuilding...
Browser bundles
Initial chunk files  | Names            |  Raw size
polyfills.js         | polyfills        |  90.20 kB |
main.js              | main             |  46.89 kB |
styles.css           | styles           |  17.20 kB |

                     | Initial total    | 154.29 kB


Server bundles
Initial chunk files  | Names            |  Raw size
polyfills.server.mjs | polyfills.server | 570.97 kB |
main.server.mjs      | main.server      |  48.20 kB |
server.mjs           | server           |   1.86 kB |

Application bundle generation complete. [0.534 seconds]

❯ Changes detected. Rebuilding...
✔ Changes detected. Rebuilding...
Browser bundles
Initial chunk files  | Names            |  Raw size
polyfills.js         | polyfills        |  90.20 kB |
main.js              | main             |  46.89 kB |
styles.css           | styles           |  17.20 kB |

                     | Initial total    | 154.29 kB


Server bundles
Initial chunk files  | Names            |  Raw size
polyfills.server.mjs | polyfills.server | 570.97 kB |
main.server.mjs      | main.server      |  48.20 kB |
server.mjs           | server           |   1.86 kB |

Application bundle generation complete. [0.591 seconds]

❯ Changes detected. Rebuilding...
✔ Changes detected. Rebuilding...
Browser bundles
Initial chunk files  | Names            |  Raw size
polyfills.js         | polyfills        |  90.20 kB |
main.js              | main             |  46.89 kB |
styles.css           | styles           |  17.20 kB |

                     | Initial total    | 154.29 kB


Server bundles
Initial chunk files  | Names            |  Raw size
polyfills.server.mjs | polyfills.server | 570.97 kB |
main.server.mjs      | main.server      |  48.20 kB |
server.mjs           | server           |   1.86 kB |

Application bundle generation complete. [0.571 seconds]

❯ Changes detected. Rebuilding...
✔ Changes detected. Rebuilding...
Browser bundles
Initial chunk files  | Names            |  Raw size
polyfills.js         | polyfills        |  90.20 kB |
main.js              | main             |  46.89 kB |
styles.css           | styles           |  17.20 kB |

                     | Initial total    | 154.29 kB


Server bundles
Initial chunk files  | Names            |  Raw size
polyfills.server.mjs | polyfills.server | 570.97 kB |
main.server.mjs      | main.server      |  48.20 kB |
server.mjs           | server           |   1.86 kB |

Application bundle generation complete. [0.589 seconds]

❯ Changes detected. Rebuilding...
✔ Changes detected. Rebuilding...
Browser bundles
Initial chunk files  | Names            |  Raw size
polyfills.js         | polyfills        |  90.20 kB |
main.js              | main             |  46.89 kB |
styles.css           | styles           |  17.20 kB |

                     | Initial total    | 154.29 kB


Server bundles
Initial chunk files  | Names            |  Raw size
polyfills.server.mjs | polyfills.server | 570.97 kB |
main.server.mjs      | main.server      |  48.20 kB |
server.mjs           | server           |   1.86 kB |

Application bundle generation complete. [0.566 seconds]

❯ Changes detected. Rebuilding...
✔ Changes detected. Rebuilding...
Browser bundles
Initial chunk files  | Names            |  Raw size
polyfills.js         | polyfills        |  90.20 kB |
main.js              | main             |  46.89 kB |
styles.css           | styles           |  17.20 kB |

                     | Initial total    | 154.29 kB


Server bundles
Initial chunk files  | Names            |  Raw size
polyfills.server.mjs | polyfills.server | 570.97 kB |
main.server.mjs      | main.server      |  48.20 kB |
server.mjs           | server           |   1.86 kB |

Application bundle generation complete. [0.557 seconds]

❯ Changes detected. Rebuilding...
✔ Changes detected. Rebuilding...
Browser bundles
Initial chunk files  | Names            |  Raw size
polyfills.js         | polyfills        |  90.20 kB |
main.js              | main             |  46.89 kB |
styles.css           | styles           |  17.20 kB |

                     | Initial total    | 154.29 kB


Server bundles
Initial chunk files  | Names            |  Raw size
polyfills.server.mjs | polyfills.server | 570.97 kB |
main.server.mjs      | main.server      |  48.20 kB |
server.mjs           | server           |   1.86 kB |

Application bundle generation complete. [0.571 seconds]

❯ Changes detected. Rebuilding...
✔ Changes detected. Rebuilding...
Browser bundles
Initial chunk files  | Names            |  Raw size
polyfills.js         | polyfills        |  90.20 kB |
main.js              | main             |  46.89 kB |
styles.css           | styles           |  17.20 kB |

                     | Initial total    | 154.29 kB


Server bundles
Initial chunk files  | Names            |  Raw size
polyfills.server.mjs | polyfills.server | 570.97 kB |
main.server.mjs      | main.server      |  48.20 kB |
server.mjs           | server           |   1.86 kB |

Application bundle generation complete. [0.585 seconds]

❯ Changes detected. Rebuilding...
✔ Changes detected. Rebuilding...
Browser bundles
Initial chunk files  | Names            |  Raw size
polyfills.js         | polyfills        |  90.20 kB |
main.js              | main             |  46.89 kB |
styles.css           | styles           |  17.20 kB |

                     | Initial total    | 154.29 kB


Server bundles
Initial chunk files  | Names            |  Raw size
polyfills.server.mjs | polyfills.server | 570.97 kB |
main.server.mjs      | main.server      |  48.20 kB |
server.mjs           | server           |   1.86 kB |

Application bundle generation complete. [0.593 seconds]

❯ Changes detected. Rebuilding...
✔ Changes detected. Rebuilding...
Browser bundles
Initial chunk files  | Names            |  Raw size
polyfills.js         | polyfills        |  90.20 kB |
main.js              | main             |  46.89 kB |
styles.css           | styles           |  17.20 kB |

                     | Initial total    | 154.29 kB


Server bundles
Initial chunk files  | Names            |  Raw size
polyfills.server.mjs | polyfills.server | 570.97 kB |
main.server.mjs      | main.server      |  48.20 kB |
server.mjs           | server           |   1.86 kB |

Application bundle generation complete. [0.564 seconds]

❯ Changes detected. Rebuilding...
✔ Changes detected. Rebuilding...
Browser bundles
Initial chunk files  | Names            |  Raw size
polyfills.js         | polyfills        |  90.20 kB |
main.js              | main             |  46.89 kB |
styles.css           | styles           |  17.20 kB |

                     | Initial total    | 154.29 kB


Server bundles
Initial chunk files  | Names            |  Raw size
polyfills.server.mjs | polyfills.server | 570.97 kB |
main.server.mjs      | main.server      |  48.20 kB |
server.mjs           | server           |   1.86 kB |

Application bundle generation complete. [0.581 seconds]

❯ Changes detected. Rebuilding...
✔ Changes detected. Rebuilding...
Browser bundles
Initial chunk files  | Names            |  Raw size
polyfills.js         | polyfills        |  90.20 kB |
main.js              | main             |  46.89 kB |
styles.css           | styles           |  17.20 kB |

                     | Initial total    | 154.29 kB


Server bundles
Initial chunk files  | Names            |  Raw size
polyfills.server.mjs | polyfills.server | 570.97 kB |
main.server.mjs      | main.server      |  48.20 kB |
server.mjs           | server           |   1.86 kB |

Application bundle generation complete. [0.538 seconds]

❯ Changes detected. Rebuilding...
✔ Changes detected. Rebuilding...
Browser bundles
Initial chunk files  | Names            |  Raw size
polyfills.js         | polyfills        |  90.20 kB |
main.js              | main             |  46.89 kB |
styles.css           | styles           |  17.20 kB |

                     | Initial total    | 154.29 kB


Server bundles
Initial chunk files  | Names            |  Raw size
polyfills.server.mjs | polyfills.server | 570.97 kB |
main.server.mjs      | main.server      |  48.20 kB |
server.mjs           | server           |   1.86 kB |

Application bundle generation complete. [0.532 seconds]

❯ Changes detected. Rebuilding...
✔ Changes detected. Rebuilding...
Browser bundles
Initial chunk files  | Names            |  Raw size
polyfills.js         | polyfills        |  90.20 kB |
main.js              | main             |  46.89 kB |
styles.css           | styles           |  17.20 kB |

                     | Initial total    | 154.29 kB


Server bundles
Initial chunk files  | Names            |  Raw size
polyfills.server.mjs | polyfills.server | 570.97 kB |
main.server.mjs      | main.server      |  48.20 kB |
server.mjs           | server           |   1.86 kB |

Application bundle generation complete. [0.555 seconds]

❯ Changes detected. Rebuilding...
✔ Changes detected. Rebuilding...
Browser bundles
Initial chunk files  | Names            |  Raw size
polyfills.js         | polyfills        |  90.20 kB |
main.js              | main             |  46.89 kB |
styles.css           | styles           |  17.20 kB |

                     | Initial total    | 154.29 kB


Server bundles
Initial chunk files  | Names            |  Raw size
polyfills.server.mjs | polyfills.server | 570.97 kB |
main.server.mjs      | main.server      |  48.20 kB |
server.mjs           | server           |   1.86 kB |

Application bundle generation complete. [0.526 seconds]

❯ Changes detected. Rebuilding...
✔ Changes detected. Rebuilding...
Browser bundles
Initial chunk files  | Names            |  Raw size
polyfills.js         | polyfills        |  90.20 kB |
main.js              | main             |  46.89 kB |
styles.css           | styles           |  17.20 kB |

                     | Initial total    | 154.29 kB


Server bundles
Initial chunk files  | Names            |  Raw size
polyfills.server.mjs | polyfills.server | 570.97 kB |
main.server.mjs      | main.server      |  48.20 kB |
server.mjs           | server           |   1.86 kB |

Application bundle generation complete. [0.543 seconds]

❯ Changes detected. Rebuilding...
✔ Changes detected. Rebuilding...
Browser bundles
Initial chunk files  | Names            |  Raw size
polyfills.js         | polyfills        |  90.20 kB |
main.js              | main             |  46.89 kB |
styles.css           | styles           |  17.20 kB |

                     | Initial total    | 154.29 kB


Server bundles
Initial chunk files  | Names            |  Raw size
polyfills.server.mjs | polyfills.server | 570.97 kB |
main.server.mjs      | main.server      |  48.20 kB |
server.mjs           | server           |   1.86 kB |

Application bundle generation complete. [0.588 seconds]

❯ Changes detected. Rebuilding...
✔ Changes detected. Rebuilding...
Browser bundles
Initial chunk files  | Names            |  Raw size
polyfills.js         | polyfills        |  90.20 kB |
main.js              | main             |  46.89 kB |
styles.css           | styles           |  17.20 kB |

                     | Initial total    | 154.29 kB


Server bundles
Initial chunk files  | Names            |  Raw size
polyfills.server.mjs | polyfills.server | 570.97 kB |
main.server.mjs      | main.server      |  48.20 kB |
server.mjs           | server           |   1.86 kB |

Application bundle generation complete. [0.626 seconds]

❯ Changes detected. Rebuilding...
✔ Changes detected. Rebuilding...
Browser bundles
Initial chunk files  | Names            |  Raw size
polyfills.js         | polyfills        |  90.20 kB |
main.js              | main             |  46.89 kB |
styles.css           | styles           |  17.20 kB |

                     | Initial total    | 154.29 kB


Server bundles
Initial chunk files  | Names            |  Raw size
polyfills.server.mjs | polyfills.server | 570.97 kB |
main.server.mjs      | main.server      |  48.20 kB |
server.mjs           | server           |   1.86 kB |

Application bundle generation complete. [0.580 seconds]

❯ Changes detected. Rebuilding...
✔ Changes detected. Rebuilding...
Browser bundles
Initial chunk files  | Names            |  Raw size
polyfills.js         | polyfills        |  90.20 kB |
main.js              | main             |  46.89 kB |
styles.css           | styles           |  17.20 kB |

                     | Initial total    | 154.29 kB


Server bundles
Initial chunk files  | Names            |  Raw size
polyfills.server.mjs | polyfills.server | 570.97 kB |
main.server.mjs      | main.server      |  48.20 kB |
server.mjs           | server           |   1.86 kB |

Application bundle generation complete. [0.592 seconds]

❯ Changes detected. Rebuilding...
✔ Changes detected. Rebuilding...
Browser bundles
Initial chunk files  | Names            |  Raw size
polyfills.js         | polyfills        |  90.20 kB |
main.js              | main             |  46.89 kB |
styles.css           | styles           |  17.20 kB |

                     | Initial total    | 154.29 kB


Server bundles
Initial chunk files  | Names            |  Raw size
polyfills.server.mjs | polyfills.server | 570.97 kB |
main.server.mjs      | main.server      |  48.20 kB |
server.mjs           | server           |   1.86 kB |

Application bundle generation complete. [0.599 seconds]

❯ Changes detected. Rebuilding...
✔ Changes detected. Rebuilding...
Browser bundles
Initial chunk files  | Names            |  Raw size
polyfills.js         | polyfills        |  90.20 kB |
main.js              | main             |  46.89 kB |
styles.css           | styles           |  17.20 kB |

                     | Initial total    | 154.29 kB


Server bundles
Initial chunk files  | Names            |  Raw size
polyfills.server.mjs | polyfills.server | 570.97 kB |
main.server.mjs      | main.server      |  48.20 kB |
server.mjs           | server           |   1.86 kB |

Application bundle generation complete. [0.579 seconds]

❯ Changes detected. Rebuilding...
✔ Changes detected. Rebuilding...
Browser bundles
Initial chunk files  | Names            |  Raw size
polyfills.js         | polyfills        |  90.20 kB |
main.js              | main             |  46.89 kB |
styles.css           | styles           |  17.20 kB |

                     | Initial total    | 154.29 kB


Server bundles
Initial chunk files  | Names            |  Raw size
polyfills.server.mjs | polyfills.server | 570.97 kB |
main.server.mjs      | main.server      |  48.20 kB |
server.mjs           | server           |   1.86 kB |

Application bundle generation complete. [0.589 seconds]

❯ Changes detected. Rebuilding...
✔ Changes detected. Rebuilding...
Browser bundles
Initial chunk files  | Names            |  Raw size
polyfills.js         | polyfills        |  90.20 kB |
main.js              | main             |  46.89 kB |
styles.css           | styles           |  17.20 kB |

                     | Initial total    | 154.29 kB


Server bundles
Initial chunk files  | Names            |  Raw size
polyfills.server.mjs | polyfills.server | 570.97 kB |
main.server.mjs      | main.server      |  48.20 kB |
server.mjs           | server           |   1.86 kB |

Application bundle generation complete. [0.677 seconds]

❯ Changes detected. Rebuilding...
✔ Changes detected. Rebuilding...
Browser bundles
Initial chunk files  | Names            |  Raw size
polyfills.js         | polyfills        |  90.20 kB |
main.js              | main             |  46.89 kB |
styles.css           | styles           |  17.20 kB |

                     | Initial total    | 154.29 kB


Server bundles
Initial chunk files  | Names            |  Raw size
polyfills.server.mjs | polyfills.server | 570.97 kB |
main.server.mjs      | main.server      |  48.20 kB |
server.mjs           | server           |   1.86 kB |

Application bundle generation complete. [0.837 seconds]

❯ Changes detected. Rebuilding...
✔ Changes detected. Rebuilding...
Browser bundles
Initial chunk files  | Names            |  Raw size
polyfills.js         | polyfills        |  90.20 kB |
main.js              | main             |  46.89 kB |
styles.css           | styles           |  17.20 kB |

                     | Initial total    | 154.29 kB


Server bundles
Initial chunk files  | Names            |  Raw size
polyfills.server.mjs | polyfills.server | 570.97 kB |
main.server.mjs      | main.server      |  48.20 kB |
server.mjs           | server           |   1.86 kB |

Application bundle generation complete. [0.671 seconds]

❯ Changes detected. Rebuilding...
✔ Changes detected. Rebuilding...
Browser bundles
Initial chunk files  | Names            |  Raw size
polyfills.js         | polyfills        |  90.20 kB |
main.js              | main             |  46.89 kB |
styles.css           | styles           |  17.20 kB |

                     | Initial total    | 154.29 kB


Server bundles
Initial chunk files  | Names            |  Raw size
polyfills.server.mjs | polyfills.server | 570.97 kB |
main.server.mjs      | main.server      |  48.20 kB |
server.mjs           | server           |   1.86 kB |

Application bundle generation complete. [0.617 seconds]

❯ Changes detected. Rebuilding...
✔ Changes detected. Rebuilding...
Browser bundles
Initial chunk files  | Names            |  Raw size
polyfills.js         | polyfills        |  90.20 kB |
main.js              | main             |  46.89 kB |
styles.css           | styles           |  17.20 kB |

                     | Initial total    | 154.29 kB


Server bundles
Initial chunk files  | Names            |  Raw size
polyfills.server.mjs | polyfills.server | 570.97 kB |
main.server.mjs      | main.server      |  48.20 kB |
server.mjs           | server           |   1.86 kB |

Application bundle generation complete. [0.597 seconds]

❯ Changes detected. Rebuilding...
✔ Changes detected. Rebuilding...
Browser bundles
Initial chunk files  | Names            |  Raw size
polyfills.js         | polyfills        |  90.20 kB |
main.js              | main             |  46.89 kB |
styles.css           | styles           |  17.20 kB |

                     | Initial total    | 154.29 kB


Server bundles
Initial chunk files  | Names            |  Raw size
polyfills.server.mjs | polyfills.server | 570.97 kB |
main.server.mjs      | main.server      |  48.20 kB |
server.mjs           | server           |   1.86 kB |

Application bundle generation complete. [0.622 seconds]

❯ Changes detected. Rebuilding...
✔ Changes detected. Rebuilding...
Browser bundles
Initial chunk files  | Names            |  Raw size
polyfills.js         | polyfills        |  90.20 kB |
main.js              | main             |  46.89 kB |
styles.css           | styles           |  17.20 kB |

                     | Initial total    | 154.29 kB


Server bundles
Initial chunk files  | Names            |  Raw size
polyfills.server.mjs | polyfills.server | 570.97 kB |
main.server.mjs      | main.server      |  48.20 kB |
server.mjs           | server           |   1.86 kB |

Application bundle generation complete. [0.527 seconds]

❯ Changes detected. Rebuilding...
✔ Changes detected. Rebuilding...
Browser bundles
Initial chunk files  | Names            |  Raw size
polyfills.js         | polyfills        |  90.20 kB |
main.js              | main             |  46.89 kB |
styles.css           | styles           |  17.20 kB |

                     | Initial total    | 154.29 kB


Server bundles
Initial chunk files  | Names            |  Raw size
polyfills.server.mjs | polyfills.server | 570.97 kB |
main.server.mjs      | main.server      |  48.20 kB |
server.mjs           | server           |   1.86 kB |

Application bundle generation complete. [0.529 seconds]

❯ Changes detected. Rebuilding...
✔ Changes detected. Rebuilding...
Browser bundles
Initial chunk files  | Names            |  Raw size
polyfills.js         | polyfills        |  90.20 kB |
main.js              | main             |  46.89 kB |
styles.css           | styles           |  17.20 kB |

                     | Initial total    | 154.29 kB


Server bundles
Initial chunk files  | Names            |  Raw size
polyfills.server.mjs | polyfills.server | 570.97 kB |
main.server.mjs      | main.server      |  48.20 kB |
server.mjs           | server           |   1.86 kB |

Application bundle generation complete. [0.530 seconds]

❯ Changes detected. Rebuilding...
✔ Changes detected. Rebuilding...
Browser bundles
Initial chunk files  | Names            |  Raw size
polyfills.js         | polyfills        |  90.20 kB |
main.js              | main             |  46.89 kB |
styles.css           | styles           |  17.20 kB |

                     | Initial total    | 154.29 kB


Server bundles
Initial chunk files  | Names            |  Raw size
polyfills.server.mjs | polyfills.server | 570.97 kB |
main.server.mjs      | main.server      |  48.20 kB |
server.mjs           | server           |   1.86 kB |

Application bundle generation complete. [0.646 seconds]

❯ Changes detected. Rebuilding...
✔ Changes detected. Rebuilding...
Browser bundles
Initial chunk files  | Names            |  Raw size
polyfills.js         | polyfills        |  90.20 kB |
main.js              | main             |  46.89 kB |
styles.css           | styles           |  17.20 kB |

                     | Initial total    | 154.29 kB


Server bundles
Initial chunk files  | Names            |  Raw size
polyfills.server.mjs | polyfills.server | 570.97 kB |
main.server.mjs      | main.server      |  48.20 kB |
server.mjs           | server           |   1.86 kB |

Application bundle generation complete. [0.532 seconds]

❯ Changes detected. Rebuilding...
✔ Changes detected. Rebuilding...
Browser bundles
Initial chunk files  | Names            |  Raw size
polyfills.js         | polyfills        |  90.20 kB |
main.js              | main             |  46.89 kB |
styles.css           | styles           |  17.20 kB |

                     | Initial total    | 154.29 kB


Server bundles
Initial chunk files  | Names            |  Raw size
polyfills.server.mjs | polyfills.server | 570.97 kB |
main.server.mjs      | main.server      |  48.20 kB |
server.mjs           | server           |   1.86 kB |

Application bundle generation complete. [0.656 seconds]

❯ Changes detected. Rebuilding...
✔ Changes detected. Rebuilding...
Browser bundles
Initial chunk files  | Names            |  Raw size
polyfills.js         | polyfills        |  90.20 kB |
main.js              | main             |  46.89 kB |
styles.css           | styles           |  17.20 kB |

                     | Initial total    | 154.29 kB


Server bundles
Initial chunk files  | Names            |  Raw size
polyfills.server.mjs | polyfills.server | 570.97 kB |
main.server.mjs      | main.server      |  48.20 kB |
server.mjs           | server           |   1.86 kB |

Application bundle generation complete. [0.538 seconds]

❯ Changes detected. Rebuilding...
✔ Changes detected. Rebuilding...
Browser bundles
Initial chunk files  | Names            |  Raw size
polyfills.js         | polyfills        |  90.20 kB |
main.js              | main             |  46.89 kB |
styles.css           | styles           |  17.20 kB |

                     | Initial total    | 154.29 kB


Server bundles
Initial chunk files  | Names            |  Raw size
polyfills.server.mjs | polyfills.server | 570.97 kB |
main.server.mjs      | main.server      |  48.20 kB |
server.mjs           | server           |   1.86 kB |

Application bundle generation complete. [0.613 seconds]

❯ Changes detected. Rebuilding...
✔ Changes detected. Rebuilding...
Browser bundles
Initial chunk files  | Names            |  Raw size
polyfills.js         | polyfills        |  90.20 kB |
main.js              | main             |  46.89 kB |
styles.css           | styles           |  17.20 kB |

                     | Initial total    | 154.29 kB


Server bundles
Initial chunk files  | Names            |  Raw size
polyfills.server.mjs | polyfills.server | 570.97 kB |
main.server.mjs      | main.server      |  48.20 kB |
server.mjs           | server           |   1.86 kB |

Application bundle generation complete. [0.550 seconds]

❯ Changes detected. Rebuilding...
✔ Changes detected. Rebuilding...
Browser bundles
Initial chunk files  | Names            |  Raw size
polyfills.js         | polyfills        |  90.20 kB |
main.js              | main             |  46.89 kB |
styles.css           | styles           |  17.20 kB |

                     | Initial total    | 154.29 kB


Server bundles
Initial chunk files  | Names            |  Raw size
polyfills.server.mjs | polyfills.server | 570.97 kB |
main.server.mjs      | main.server      |  48.20 kB |
server.mjs           | server           |   1.86 kB |

Application bundle generation complete. [0.604 seconds]

❯ Changes detected. Rebuilding...
✔ Changes detected. Rebuilding...
Browser bundles
Initial chunk files  | Names            |  Raw size
polyfills.js         | polyfills        |  90.20 kB |
main.js              | main             |  46.89 kB |
styles.css           | styles           |  17.20 kB |

                     | Initial total    | 154.29 kB


Server bundles
Initial chunk files  | Names            |  Raw size
polyfills.server.mjs | polyfills.server | 570.97 kB |
main.server.mjs      | main.server      |  48.20 kB |
server.mjs           | server           |   1.86 kB |

Application bundle generation complete. [0.600 seconds]

❯ Changes detected. Rebuilding...
✔ Changes detected. Rebuilding...
Browser bundles
Initial chunk files  | Names            |  Raw size
polyfills.js         | polyfills        |  90.20 kB |
main.js              | main             |  46.89 kB |
styles.css           | styles           |  17.20 kB |

                     | Initial total    | 154.29 kB


Server bundles
Initial chunk files  | Names            |  Raw size
polyfills.server.mjs | polyfills.server | 570.97 kB |
main.server.mjs      | main.server      |  48.20 kB |
server.mjs           | server           |   1.86 kB |

Application bundle generation complete. [0.555 seconds]

❯ Changes detected. Rebuilding...
✔ Changes detected. Rebuilding...
Browser bundles
Initial chunk files  | Names            |  Raw size
polyfills.js         | polyfills        |  90.20 kB |
main.js              | main             |  46.89 kB |
styles.css           | styles           |  17.20 kB |

                     | Initial total    | 154.29 kB


Server bundles
Initial chunk files  | Names            |  Raw size
polyfills.server.mjs | polyfills.server | 570.97 kB |
main.server.mjs      | main.server      |  48.20 kB |
server.mjs           | server           |   1.86 kB |

Application bundle generation complete. [0.585 seconds]

❯ Changes detected. Rebuilding...
✔ Changes detected. Rebuilding...
Browser bundles
Initial chunk files  | Names            |  Raw size
polyfills.js         | polyfills        |  90.20 kB |
main.js              | main             |  46.89 kB |
styles.css           | styles           |  17.20 kB |

                     | Initial total    | 154.29 kB


Server bundles
Initial chunk files  | Names            |  Raw size
polyfills.server.mjs | polyfills.server | 570.97 kB |
main.server.mjs      | main.server      |  48.20 kB |
server.mjs           | server           |   1.86 kB |

Application bundle generation complete. [0.576 seconds]

❯ Changes detected. Rebuilding...
✔ Changes detected. Rebuilding...
Browser bundles
Initial chunk files  | Names            |  Raw size
polyfills.js         | polyfills        |  90.20 kB |
main.js              | main             |  46.89 kB |
styles.css           | styles           |  17.20 kB |

                     | Initial total    | 154.29 kB


Server bundles
Initial chunk files  | Names            |  Raw size
polyfills.server.mjs | polyfills.server | 570.97 kB |
main.server.mjs      | main.server      |  48.20 kB |
server.mjs           | server           |   1.86 kB |

Application bundle generation complete. [0.656 seconds]

❯ Changes detected. Rebuilding...
✔ Changes detected. Rebuilding...
Browser bundles
Initial chunk files  | Names            |  Raw size
polyfills.js         | polyfills        |  90.20 kB |
main.js              | main             |  46.89 kB |
styles.css           | styles           |  17.20 kB |

                     | Initial total    | 154.29 kB


Server bundles
Initial chunk files  | Names            |  Raw size
polyfills.server.mjs | polyfills.server | 570.97 kB |
main.server.mjs      | main.server      |  48.20 kB |
server.mjs           | server           |   1.86 kB |

Application bundle generation complete. [0.567 seconds]

❯ Changes detected. Rebuilding...
✔ Changes detected. Rebuilding...
Browser bundles
Initial chunk files  | Names            |  Raw size
polyfills.js         | polyfills        |  90.20 kB |
main.js              | main             |  46.89 kB |
styles.css           | styles           |  17.20 kB |

                     | Initial total    | 154.29 kB


Server bundles
Initial chunk files  | Names            |  Raw size
polyfills.server.mjs | polyfills.server | 570.97 kB |
main.server.mjs      | main.server      |  48.20 kB |
server.mjs           | server           |   1.86 kB |

Application bundle generation complete. [0.565 seconds]

❯ Changes detected. Rebuilding...
✔ Changes detected. Rebuilding...
Browser bundles
Initial chunk files  | Names            |  Raw size
polyfills.js         | polyfills        |  90.20 kB |
main.js              | main             |  46.89 kB |
styles.css           | styles           |  17.20 kB |

                     | Initial total    | 154.29 kB


Server bundles
Initial chunk files  | Names            |  Raw size
polyfills.server.mjs | polyfills.server | 570.97 kB |
main.server.mjs      | main.server      |  48.20 kB |
server.mjs           | server           |   1.86 kB |

Application bundle generation complete. [0.586 seconds]

❯ Changes detected. Rebuilding...
✔ Changes detected. Rebuilding...
Browser bundles
Initial chunk files  | Names            |  Raw size
polyfills.js         | polyfills        |  90.20 kB |
main.js              | main             |  46.89 kB |
styles.css           | styles           |  17.20 kB |

                     | Initial total    | 154.29 kB


Server bundles
Initial chunk files  | Names            |  Raw size
polyfills.server.mjs | polyfills.server | 570.97 kB |
main.server.mjs      | main.server      |  48.20 kB |
server.mjs           | server           |   1.86 kB |

Application bundle generation complete. [0.579 seconds]

❯ Changes detected. Rebuilding...
✔ Changes detected. Rebuilding...
Browser bundles
Initial chunk files  | Names            |  Raw size
polyfills.js         | polyfills        |  90.20 kB |
main.js              | main             |  46.89 kB |
styles.css           | styles           |  17.20 kB |

                     | Initial total    | 154.29 kB


Server bundles
Initial chunk files  | Names            |  Raw size
polyfills.server.mjs | polyfills.server | 570.97 kB |
main.server.mjs      | main.server      |  48.20 kB |
server.mjs           | server           |   1.86 kB |

Application bundle generation complete. [0.543 seconds]

❯ Changes detected. Rebuilding...
✔ Changes detected. Rebuilding...
Browser bundles
Initial chunk files  | Names            |  Raw size
polyfills.js         | polyfills        |  90.20 kB |
main.js              | main             |  46.89 kB |
styles.css           | styles           |  17.20 kB |

                     | Initial total    | 154.29 kB


Server bundles
Initial chunk files  | Names            |  Raw size
polyfills.server.mjs | polyfills.server | 570.97 kB |
main.server.mjs      | main.server      |  48.20 kB |
server.mjs           | server           |   1.86 kB |

Application bundle generation complete. [0.562 seconds]

❯ Changes detected. Rebuilding...
✔ Changes detected. Rebuilding...
Browser bundles
Initial chunk files  | Names            |  Raw size
polyfills.js         | polyfills        |  90.20 kB |
main.js              | main             |  46.89 kB |
styles.css           | styles           |  17.20 kB |

                     | Initial total    | 154.29 kB


Server bundles
Initial chunk files  | Names            |  Raw size
polyfills.server.mjs | polyfills.server | 570.97 kB |
main.server.mjs      | main.server      |  48.20 kB |
server.mjs           | server           |   1.86 kB |

Application bundle generation complete. [0.543 seconds]

❯ Changes detected. Rebuilding...
✔ Changes detected. Rebuilding...
Browser bundles
Initial chunk files  | Names            |  Raw size
polyfills.js         | polyfills        |  90.20 kB |
main.js              | main             |  46.89 kB |
styles.css           | styles           |  17.20 kB |

                     | Initial total    | 154.29 kB


Server bundles
Initial chunk files  | Names            |  Raw size
polyfills.server.mjs | polyfills.server | 570.97 kB |
main.server.mjs      | main.server      |  48.20 kB |
server.mjs           | server           |   1.86 kB |

Application bundle generation complete. [0.580 seconds]

❯ Changes detected. Rebuilding...
✔ Changes detected. Rebuilding...
Browser bundles
Initial chunk files  | Names            |  Raw size
polyfills.js         | polyfills        |  90.20 kB |
main.js              | main             |  46.89 kB |
styles.css           | styles           |  17.20 kB |

                     | Initial total    | 154.29 kB


Server bundles
Initial chunk files  | Names            |  Raw size
polyfills.server.mjs | polyfills.server | 570.97 kB |
main.server.mjs      | main.server      |  48.20 kB |
server.mjs           | server           |   1.86 kB |

Application bundle generation complete. [0.559 seconds]

❯ Changes detected. Rebuilding...
✔ Changes detected. Rebuilding...
Browser bundles
Initial chunk files  | Names            |  Raw size
polyfills.js         | polyfills        |  90.20 kB |
main.js              | main             |  46.89 kB |
styles.css           | styles           |  17.20 kB |

                     | Initial total    | 154.29 kB


Server bundles
Initial chunk files  | Names            |  Raw size
polyfills.server.mjs | polyfills.server | 570.97 kB |
main.server.mjs      | main.server      |  48.20 kB |
server.mjs           | server           |   1.86 kB |

Application bundle generation complete. [0.551 seconds]

❯ Changes detected. Rebuilding...
✔ Changes detected. Rebuilding...
Browser bundles
Initial chunk files  | Names            |  Raw size
polyfills.js         | polyfills        |  90.20 kB |
main.js              | main             |  46.89 kB |
styles.css           | styles           |  17.20 kB |

                     | Initial total    | 154.29 kB


Server bundles
Initial chunk files  | Names            |  Raw size
polyfills.server.mjs | polyfills.server | 570.97 kB |
main.server.mjs      | main.server      |  48.20 kB |
server.mjs           | server           |   1.86 kB |

Application bundle generation complete. [0.547 seconds]

❯ Changes detected. Rebuilding...
✔ Changes detected. Rebuilding...
Browser bundles
Initial chunk files  | Names            |  Raw size
polyfills.js         | polyfills        |  90.20 kB |
main.js              | main             |  46.89 kB |
styles.css           | styles           |  17.20 kB |

                     | Initial total    | 154.29 kB


Server bundles
Initial chunk files  | Names            |  Raw size
polyfills.server.mjs | polyfills.server | 570.97 kB |
main.server.mjs      | main.server      |  48.20 kB |
server.mjs           | server           |   1.86 kB |

Application bundle generation complete. [0.555 seconds]

❯ Changes detected. Rebuilding...
✔ Changes detected. Rebuilding...
Browser bundles
Initial chunk files  | Names            |  Raw size
polyfills.js         | polyfills        |  90.20 kB |
main.js              | main             |  46.89 kB |
styles.css           | styles           |  17.20 kB |

                     | Initial total    | 154.29 kB


Server bundles
Initial chunk files  | Names            |  Raw size
polyfills.server.mjs | polyfills.server | 570.97 kB |
main.server.mjs      | main.server      |  48.20 kB |
server.mjs           | server           |   1.86 kB |

Application bundle generation complete. [0.550 seconds]

❯ Changes detected. Rebuilding...
✔ Changes detected. Rebuilding...
Browser bundles
Initial chunk files  | Names            |  Raw size
polyfills.js         | polyfills        |  90.20 kB |
main.js              | main             |  46.89 kB |
styles.css           | styles           |  17.20 kB |

                     | Initial total    | 154.29 kB


Server bundles
Initial chunk files  | Names            |  Raw size
polyfills.server.mjs | polyfills.server | 570.97 kB |
main.server.mjs      | main.server      |  48.20 kB |
server.mjs           | server           |   1.86 kB |

Application bundle generation complete. [0.539 seconds]

❯ Changes detected. Rebuilding...
✔ Changes detected. Rebuilding...
Browser bundles
Initial chunk files  | Names            |  Raw size
polyfills.js         | polyfills        |  90.20 kB |
main.js              | main             |  46.89 kB |
styles.css           | styles           |  17.20 kB |

                     | Initial total    | 154.29 kB


Server bundles
Initial chunk files  | Names            |  Raw size
polyfills.server.mjs | polyfills.server | 570.97 kB |
main.server.mjs      | main.server      |  48.20 kB |
server.mjs           | server           |   1.86 kB |

Application bundle generation complete. [0.569 seconds]

❯ Changes detected. Rebuilding...
✔ Changes detected. Rebuilding...
Browser bundles
Initial chunk files  | Names            |  Raw size
polyfills.js         | polyfills        |  90.20 kB |
main.js              | main             |  46.89 kB |
styles.css           | styles           |  17.20 kB |

                     | Initial total    | 154.29 kB


Server bundles
Initial chunk files  | Names            |  Raw size
polyfills.server.mjs | polyfills.server | 570.97 kB |
main.server.mjs      | main.server      |  48.20 kB |
server.mjs           | server           |   1.86 kB |

Application bundle generation complete. [0.563 seconds]

❯ Changes detected. Rebuilding...
✔ Changes detected. Rebuilding...
Browser bundles
Initial chunk files  | Names            |  Raw size
polyfills.js         | polyfills        |  90.20 kB |
main.js              | main             |  46.89 kB |
styles.css           | styles           |  17.20 kB |

                     | Initial total    | 154.29 kB


Server bundles
Initial chunk files  | Names            |  Raw size
polyfills.server.mjs | polyfills.server | 570.97 kB |
main.server.mjs      | main.server      |  48.20 kB |
server.mjs           | server           |   1.86 kB |

Application bundle generation complete. [0.559 seconds]

❯ Changes detected. Rebuilding...
✔ Changes detected. Rebuilding...
Browser bundles
Initial chunk files  | Names            |  Raw size
polyfills.js         | polyfills        |  90.20 kB |
main.js              | main             |  46.89 kB |
styles.css           | styles           |  17.20 kB |

                     | Initial total    | 154.29 kB


Server bundles
Initial chunk files  | Names            |  Raw size
polyfills.server.mjs | polyfills.server | 570.97 kB |
main.server.mjs      | main.server      |  48.20 kB |
server.mjs           | server           |   1.86 kB |

Application bundle generation complete. [0.549 seconds]

❯ Changes detected. Rebuilding...
✔ Changes detected. Rebuilding...
Browser bundles
Initial chunk files  | Names            |  Raw size
polyfills.js         | polyfills        |  90.20 kB |
main.js              | main             |  46.89 kB |
styles.css           | styles           |  17.20 kB |

                     | Initial total    | 154.29 kB


Server bundles
Initial chunk files  | Names            |  Raw size
polyfills.server.mjs | polyfills.server | 570.97 kB |
main.server.mjs      | main.server      |  48.20 kB |
server.mjs           | server           |   1.86 kB |

Application bundle generation complete. [0.559 seconds]

❯ Changes detected. Rebuilding...
✔ Changes detected. Rebuilding...
Browser bundles
Initial chunk files  | Names            |  Raw size
polyfills.js         | polyfills        |  90.20 kB |
main.js              | main             |  46.89 kB |
styles.css           | styles           |  17.20 kB |

                     | Initial total    | 154.29 kB


Server bundles
Initial chunk files  | Names            |  Raw size
polyfills.server.mjs | polyfills.server | 570.97 kB |
main.server.mjs      | main.server      |  48.20 kB |
server.mjs           | server           |   1.86 kB |

Application bundle generation complete. [0.575 seconds]

❯ Changes detected. Rebuilding...
✔ Changes detected. Rebuilding...
Browser bundles
Initial chunk files  | Names            |  Raw size
polyfills.js         | polyfills        |  90.20 kB |
main.js              | main             |  46.89 kB |
styles.css           | styles           |  17.20 kB |

                     | Initial total    | 154.29 kB


Server bundles
Initial chunk files  | Names            |  Raw size
polyfills.server.mjs | polyfills.server | 570.97 kB |
main.server.mjs      | main.server      |  48.20 kB |
server.mjs           | server           |   1.86 kB |

Application bundle generation complete. [0.563 seconds]

❯ Changes detected. Rebuilding...
✔ Changes detected. Rebuilding...
Browser bundles
Initial chunk files  | Names            |  Raw size
polyfills.js         | polyfills        |  90.20 kB |
main.js              | main             |  46.89 kB |
styles.css           | styles           |  17.20 kB |

                     | Initial total    | 154.29 kB


Server bundles
Initial chunk files  | Names            |  Raw size
polyfills.server.mjs | polyfills.server | 570.97 kB |
main.server.mjs      | main.server      |  48.20 kB |
server.mjs           | server           |   1.86 kB |

Application bundle generation complete. [0.562 seconds]

❯ Changes detected. Rebuilding...
✔ Changes detected. Rebuilding...
Browser bundles
Initial chunk files  | Names            |  Raw size
polyfills.js         | polyfills        |  90.20 kB |
main.js              | main             |  46.89 kB |
styles.css           | styles           |  17.20 kB |

                     | Initial total    | 154.29 kB


Server bundles
Initial chunk files  | Names            |  Raw size
polyfills.server.mjs | polyfills.server | 570.97 kB |
main.server.mjs      | main.server      |  48.20 kB |
server.mjs           | server           |   1.86 kB |

Application bundle generation complete. [0.572 seconds]

❯ Changes detected. Rebuilding...
✔ Changes detected. Rebuilding...
Browser bundles
Initial chunk files  | Names            |  Raw size
polyfills.js         | polyfills        |  90.20 kB |
main.js              | main             |  46.89 kB |
styles.css           | styles           |  17.20 kB |

                     | Initial total    | 154.29 kB


Server bundles
Initial chunk files  | Names            |  Raw size
polyfills.server.mjs | polyfills.server | 570.97 kB |
main.server.mjs      | main.server      |  48.20 kB |
server.mjs           | server           |   1.86 kB |

Application bundle generation complete. [0.589 seconds]

❯ Changes detected. Rebuilding...
✔ Changes detected. Rebuilding...
Browser bundles
Initial chunk files  | Names            |  Raw size
polyfills.js         | polyfills        |  90.20 kB |
main.js              | main             |  46.89 kB |
styles.css           | styles           |  17.20 kB |

                     | Initial total    | 154.29 kB


Server bundles
Initial chunk files  | Names            |  Raw size
polyfills.server.mjs | polyfills.server | 570.97 kB |
main.server.mjs      | main.server      |  48.20 kB |
server.mjs           | server           |   1.86 kB |

Application bundle generation complete. [0.576 seconds]

❯ Changes detected. Rebuilding...
✔ Changes detected. Rebuilding...
Browser bundles
Initial chunk files  | Names            |  Raw size
polyfills.js         | polyfills        |  90.20 kB |
main.js              | main             |  46.89 kB |
styles.css           | styles           |  17.20 kB |

                     | Initial total    | 154.29 kB


Server bundles
Initial chunk files  | Names            |  Raw size
polyfills.server.mjs | polyfills.server | 570.97 kB |
main.server.mjs      | main.server      |  48.20 kB |
server.mjs           | server           |   1.86 kB |

Application bundle generation complete. [0.573 seconds]

❯ Changes detected. Rebuilding...
✔ Changes detected. Rebuilding...
Browser bundles
Initial chunk files  | Names            |  Raw size
polyfills.js         | polyfills        |  90.20 kB |
main.js              | main             |  46.89 kB |
styles.css           | styles           |  17.20 kB |

                     | Initial total    | 154.29 kB


Server bundles
Initial chunk files  | Names            |  Raw size
polyfills.server.mjs | polyfills.server | 570.97 kB |
main.server.mjs      | main.server      |  48.20 kB |
server.mjs           | server           |   1.86 kB |

Application bundle generation complete. [0.555 seconds]

❯ Changes detected. Rebuilding...
✔ Changes detected. Rebuilding...
Browser bundles
Initial chunk files  | Names            |  Raw size
polyfills.js         | polyfills        |  90.20 kB |
main.js              | main             |  46.89 kB |
styles.css           | styles           |  17.20 kB |

                     | Initial total    | 154.29 kB


Server bundles
Initial chunk files  | Names            |  Raw size
polyfills.server.mjs | polyfills.server | 570.97 kB |
main.server.mjs      | main.server      |  48.20 kB |
server.mjs           | server           |   1.86 kB |

Application bundle generation complete. [0.577 seconds]

❯ Changes detected. Rebuilding...
✔ Changes detected. Rebuilding...
Browser bundles
Initial chunk files  | Names            |  Raw size
polyfills.js         | polyfills        |  90.20 kB |
main.js              | main             |  46.89 kB |
styles.css           | styles           |  17.20 kB |

                     | Initial total    | 154.29 kB


Server bundles
Initial chunk files  | Names            |  Raw size
polyfills.server.mjs | polyfills.server | 570.97 kB |
main.server.mjs      | main.server      |  48.20 kB |
server.mjs           | server           |   1.86 kB |

Application bundle generation complete. [0.583 seconds]

❯ Changes detected. Rebuilding...
✔ Changes detected. Rebuilding...
Browser bundles
Initial chunk files  | Names            |  Raw size
polyfills.js         | polyfills        |  90.20 kB |
main.js              | main             |  46.89 kB |
styles.css           | styles           |  17.20 kB |

                     | Initial total    | 154.29 kB


Server bundles
Initial chunk files  | Names            |  Raw size
polyfills.server.mjs | polyfills.server | 570.97 kB |
main.server.mjs      | main.server      |  48.20 kB |
server.mjs           | server           |   1.86 kB |

Application bundle generation complete. [0.592 seconds]

❯ Changes detected. Rebuilding...
✔ Changes detected. Rebuilding...
Browser bundles
Initial chunk files  | Names            |  Raw size
polyfills.js         | polyfills        |  90.20 kB |
main.js              | main             |  46.89 kB |
styles.css           | styles           |  17.20 kB |

                     | Initial total    | 154.29 kB


Server bundles
Initial chunk files  | Names            |  Raw size
polyfills.server.mjs | polyfills.server | 570.97 kB |
main.server.mjs      | main.server      |  48.20 kB |
server.mjs           | server           |   1.86 kB |

Application bundle generation complete. [0.585 seconds]

❯ Changes detected. Rebuilding...
✔ Changes detected. Rebuilding...
Browser bundles
Initial chunk files  | Names            |  Raw size
polyfills.js         | polyfills        |  90.20 kB |
main.js              | main             |  46.89 kB |
styles.css           | styles           |  17.20 kB |

                     | Initial total    | 154.29 kB


Server bundles
Initial chunk files  | Names            |  Raw size
polyfills.server.mjs | polyfills.server | 570.97 kB |
main.server.mjs      | main.server      |  48.20 kB |
server.mjs           | server           |   1.86 kB |

Application bundle generation complete. [0.600 seconds]

❯ Changes detected. Rebuilding...
✔ Changes detected. Rebuilding...
Browser bundles
Initial chunk files  | Names            |  Raw size
polyfills.js         | polyfills        |  90.20 kB |
main.js              | main             |  46.89 kB |
styles.css           | styles           |  17.20 kB |

                     | Initial total    | 154.29 kB


Server bundles
Initial chunk files  | Names            |  Raw size
polyfills.server.mjs | polyfills.server | 570.97 kB |
main.server.mjs      | main.server      |  48.20 kB |
server.mjs           | server           |   1.86 kB |

Application bundle generation complete. [0.590 seconds]

❯ Changes detected. Rebuilding...
✔ Changes detected. Rebuilding...
Browser bundles
Initial chunk files  | Names            |  Raw size
polyfills.js         | polyfills        |  90.20 kB |
main.js              | main             |  46.89 kB |
styles.css           | styles           |  17.20 kB |

                     | Initial total    | 154.29 kB


Server bundles
Initial chunk files  | Names            |  Raw size
polyfills.server.mjs | polyfills.server | 570.97 kB |
main.server.mjs      | main.server      |  48.20 kB |
server.mjs           | server           |   1.86 kB |

Application bundle generation complete. [0.615 seconds]

❯ Changes detected. Rebuilding...
✔ Changes detected. Rebuilding...
Browser bundles
Initial chunk files  | Names            |  Raw size
polyfills.js         | polyfills        |  90.20 kB |
main.js              | main             |  46.89 kB |
styles.css           | styles           |  17.20 kB |

                     | Initial total    | 154.29 kB


Server bundles
Initial chunk files  | Names            |  Raw size
polyfills.server.mjs | polyfills.server | 570.97 kB |
main.server.mjs      | main.server      |  48.20 kB |
server.mjs           | server           |   1.86 kB |

Application bundle generation complete. [0.596 seconds]

❯ Changes detected. Rebuilding...
✔ Changes detected. Rebuilding...
Browser bundles
Initial chunk files  | Names            |  Raw size
polyfills.js         | polyfills        |  90.20 kB |
main.js              | main             |  46.89 kB |
styles.css           | styles           |  17.20 kB |

                     | Initial total    | 154.29 kB


Server bundles
Initial chunk files  | Names            |  Raw size
polyfills.server.mjs | polyfills.server | 570.97 kB |
main.server.mjs      | main.server      |  48.20 kB |
server.mjs           | server           |   1.86 kB |

Application bundle generation complete. [0.605 seconds]

❯ Changes detected. Rebuilding...
✔ Changes detected. Rebuilding...
Browser bundles
Initial chunk files  | Names            |  Raw size
polyfills.js         | polyfills        |  90.20 kB |
main.js              | main             |  46.89 kB |
styles.css           | styles           |  17.20 kB |

                     | Initial total    | 154.29 kB


Server bundles
Initial chunk files  | Names            |  Raw size
polyfills.server.mjs | polyfills.server | 570.97 kB |
main.server.mjs      | main.server      |  48.20 kB |
server.mjs           | server           |   1.86 kB |

Application bundle generation complete. [0.617 seconds]

❯ Changes detected. Rebuilding...
✔ Changes detected. Rebuilding...
Browser bundles
Initial chunk files  | Names            |  Raw size
polyfills.js         | polyfills        |  90.20 kB |
main.js              | main             |  46.89 kB |
styles.css           | styles           |  17.20 kB |

                     | Initial total    | 154.29 kB


Server bundles
Initial chunk files  | Names            |  Raw size
polyfills.server.mjs | polyfills.server | 570.97 kB |
main.server.mjs      | main.server      |  48.20 kB |
server.mjs           | server           |   1.86 kB |

Application bundle generation complete. [0.622 seconds]

❯ Changes detected. Rebuilding...
✔ Changes detected. Rebuilding...
Browser bundles
Initial chunk files  | Names            |  Raw size
polyfills.js         | polyfills        |  90.20 kB |
main.js              | main             |  46.89 kB |
styles.css           | styles           |  17.20 kB |

                     | Initial total    | 154.29 kB


Server bundles
Initial chunk files  | Names            |  Raw size
polyfills.server.mjs | polyfills.server | 570.97 kB |
main.server.mjs      | main.server      |  48.20 kB |
server.mjs           | server           |   1.86 kB |

Application bundle generation complete. [0.590 seconds]

❯ Changes detected. Rebuilding...
✔ Changes detected. Rebuilding...
Browser bundles
Initial chunk files  | Names            |  Raw size
polyfills.js         | polyfills        |  90.20 kB |
main.js              | main             |  46.89 kB |
styles.css           | styles           |  17.20 kB |

                     | Initial total    | 154.29 kB


Server bundles
Initial chunk files  | Names            |  Raw size
polyfills.server.mjs | polyfills.server | 570.97 kB |
main.server.mjs      | main.server      |  48.20 kB |
server.mjs           | server           |   1.86 kB |

Application bundle generation complete. [0.596 seconds]

❯ Changes detected. Rebuilding...
✔ Changes detected. Rebuilding...
Browser bundles
Initial chunk files  | Names            |  Raw size
polyfills.js         | polyfills        |  90.20 kB |
main.js              | main             |  46.89 kB |
styles.css           | styles           |  17.20 kB |

                     | Initial total    | 154.29 kB


Server bundles
Initial chunk files  | Names            |  Raw size
polyfills.server.mjs | polyfills.server | 570.97 kB |
main.server.mjs      | main.server      |  48.20 kB |
server.mjs           | server           |   1.86 kB |

Application bundle generation complete. [0.616 seconds]

❯ Changes detected. Rebuilding...
✔ Changes detected. Rebuilding...
Browser bundles
Initial chunk files  | Names            |  Raw size
polyfills.js         | polyfills        |  90.20 kB |
main.js              | main             |  46.89 kB |
styles.css           | styles           |  17.20 kB |

                     | Initial total    | 154.29 kB


Server bundles
Initial chunk files  | Names            |  Raw size
polyfills.server.mjs | polyfills.server | 570.97 kB |
main.server.mjs      | main.server      |  48.20 kB |
server.mjs           | server           |   1.86 kB |

Application bundle generation complete. [0.598 seconds]

❯ Changes detected. Rebuilding...
✔ Changes detected. Rebuilding...
Browser bundles
Initial chunk files  | Names            |  Raw size
polyfills.js         | polyfills        |  90.20 kB |
main.js              | main             |  46.89 kB |
styles.css           | styles           |  17.20 kB |

                     | Initial total    | 154.29 kB


Server bundles
Initial chunk files  | Names            |  Raw size
polyfills.server.mjs | polyfills.server | 570.97 kB |
main.server.mjs      | main.server      |  48.20 kB |
server.mjs           | server           |   1.86 kB |

Application bundle generation complete. [0.615 seconds]

❯ Changes detected. Rebuilding...
✔ Changes detected. Rebuilding...
Browser bundles
Initial chunk files  | Names            |  Raw size
polyfills.js         | polyfills        |  90.20 kB |
main.js              | main             |  46.89 kB |
styles.css           | styles           |  17.20 kB |

                     | Initial total    | 154.29 kB


Server bundles
Initial chunk files  | Names            |  Raw size
polyfills.server.mjs | polyfills.server | 570.97 kB |
main.server.mjs      | main.server      |  48.20 kB |
server.mjs           | server           |   1.86 kB |

Application bundle generation complete. [0.583 seconds]

❯ Changes detected. Rebuilding...
✔ Changes detected. Rebuilding...
Browser bundles
Initial chunk files  | Names            |  Raw size
polyfills.js         | polyfills        |  90.20 kB |
main.js              | main             |  46.89 kB |
styles.css           | styles           |  17.20 kB |

                     | Initial total    | 154.29 kB


Server bundles
Initial chunk files  | Names            |  Raw size
polyfills.server.mjs | polyfills.server | 570.97 kB |
main.server.mjs      | main.server      |  48.20 kB |
server.mjs           | server           |   1.86 kB |

Application bundle generation complete. [0.613 seconds]

❯ Changes detected. Rebuilding...
✔ Changes detected. Rebuilding...
Browser bundles
Initial chunk files  | Names            |  Raw size
polyfills.js         | polyfills        |  90.20 kB |
main.js              | main             |  46.89 kB |
styles.css           | styles           |  17.20 kB |

                     | Initial total    | 154.29 kB


Server bundles
Initial chunk files  | Names            |  Raw size
polyfills.server.mjs | polyfills.server | 570.97 kB |
main.server.mjs      | main.server      |  48.20 kB |
server.mjs           | server           |   1.86 kB |

Application bundle generation complete. [0.611 seconds]

❯ Changes detected. Rebuilding...
✔ Changes detected. Rebuilding...
Browser bundles
Initial chunk files  | Names            |  Raw size
polyfills.js         | polyfills        |  90.20 kB |
main.js              | main             |  46.89 kB |
styles.css           | styles           |  17.20 kB |

                     | Initial total    | 154.29 kB


Server bundles
Initial chunk files  | Names            |  Raw size
polyfills.server.mjs | polyfills.server | 570.97 kB |
main.server.mjs      | main.server      |  48.20 kB |
server.mjs           | server           |   1.86 kB |

Application bundle generation complete. [0.647 seconds]

❯ Changes detected. Rebuilding...
✔ Changes detected. Rebuilding...
Browser bundles
Initial chunk files  | Names            |  Raw size
polyfills.js         | polyfills        |  90.20 kB |
main.js              | main             |  46.89 kB |
styles.css           | styles           |  17.20 kB |

                     | Initial total    | 154.29 kB


Server bundles
Initial chunk files  | Names            |  Raw size
polyfills.server.mjs | polyfills.server | 570.97 kB |
main.server.mjs      | main.server      |  48.20 kB |
server.mjs           | server           |   1.86 kB |

Application bundle generation complete. [0.611 seconds]

❯ Changes detected. Rebuilding...
✔ Changes detected. Rebuilding...
Browser bundles
Initial chunk files  | Names            |  Raw size
polyfills.js         | polyfills        |  90.20 kB |
main.js              | main             |  46.89 kB |
styles.css           | styles           |  17.20 kB |

                     | Initial total    | 154.29 kB


Server bundles
Initial chunk files  | Names            |  Raw size
polyfills.server.mjs | polyfills.server | 570.97 kB |
main.server.mjs      | main.server      |  48.20 kB |
server.mjs           | server           |   1.86 kB |

Application bundle generation complete. [0.603 seconds]

❯ Changes detected. Rebuilding...
✔ Changes detected. Rebuilding...
Browser bundles
Initial chunk files  | Names            |  Raw size
polyfills.js         | polyfills        |  90.20 kB |
main.js              | main             |  46.89 kB |
styles.css           | styles           |  17.20 kB |

                     | Initial total    | 154.29 kB


Server bundles
Initial chunk files  | Names            |  Raw size
polyfills.server.mjs | polyfills.server | 570.97 kB |
main.server.mjs      | main.server      |  48.20 kB |
server.mjs           | server           |   1.86 kB |

Application bundle generation complete. [0.592 seconds]

❯ Changes detected. Rebuilding...
✔ Changes detected. Rebuilding...
Browser bundles
Initial chunk files  | Names            |  Raw size
polyfills.js         | polyfills        |  90.20 kB |
main.js              | main             |  46.89 kB |
styles.css           | styles           |  17.20 kB |

                     | Initial total    | 154.29 kB


Server bundles
Initial chunk files  | Names            |  Raw size
polyfills.server.mjs | polyfills.server | 570.97 kB |
main.server.mjs      | main.server      |  48.20 kB |
server.mjs           | server           |   1.86 kB |

Application bundle generation complete. [0.621 seconds]

❯ Changes detected. Rebuilding...
✔ Changes detected. Rebuilding...
Browser bundles
Initial chunk files  | Names            |  Raw size
polyfills.js         | polyfills        |  90.20 kB |
main.js              | main             |  46.89 kB |
styles.css           | styles           |  17.20 kB |

                     | Initial total    | 154.29 kB


Server bundles
Initial chunk files  | Names            |  Raw size
polyfills.server.mjs | polyfills.server | 570.97 kB |
main.server.mjs      | main.server      |  48.20 kB |
server.mjs           | server           |   1.86 kB |

Application bundle generation complete. [0.823 seconds]

❯ Changes detected. Rebuilding...
✔ Changes detected. Rebuilding...
Browser bundles
Initial chunk files  | Names            |  Raw size
polyfills.js         | polyfills        |  90.20 kB |
main.js              | main             |  46.89 kB |
styles.css           | styles           |  17.20 kB |

                     | Initial total    | 154.29 kB


Server bundles
Initial chunk files  | Names            |  Raw size
polyfills.server.mjs | polyfills.server | 570.97 kB |
main.server.mjs      | main.server      |  48.20 kB |
server.mjs           | server           |   1.86 kB |

Application bundle generation complete. [0.816 seconds]

❯ Changes detected. Rebuilding...
✔ Changes detected. Rebuilding...
Browser bundles
Initial chunk files  | Names            |  Raw size
polyfills.js         | polyfills        |  90.20 kB |
main.js              | main             |  46.89 kB |
styles.css           | styles           |  17.20 kB |

                     | Initial total    | 154.29 kB


Server bundles
Initial chunk files  | Names            |  Raw size
polyfills.server.mjs | polyfills.server | 570.97 kB |
main.server.mjs      | main.server      |  48.20 kB |
server.mjs           | server           |   1.86 kB |

Application bundle generation complete. [0.716 seconds]

❯ Changes detected. Rebuilding...
✔ Changes detected. Rebuilding...
Browser bundles
Initial chunk files  | Names            |  Raw size
polyfills.js         | polyfills        |  90.20 kB |
main.js              | main             |  46.89 kB |
styles.css           | styles           |  17.20 kB |

                     | Initial total    | 154.29 kB


Server bundles
Initial chunk files  | Names            |  Raw size
polyfills.server.mjs | polyfills.server | 570.97 kB |
main.server.mjs      | main.server      |  48.20 kB |
server.mjs           | server           |   1.86 kB |

Application bundle generation complete. [0.615 seconds]

❯ Changes detected. Rebuilding...
✔ Changes detected. Rebuilding...
Browser bundles
Initial chunk files  | Names            |  Raw size
polyfills.js         | polyfills        |  90.20 kB |
main.js              | main             |  46.89 kB |
styles.css           | styles           |  17.20 kB |

                     | Initial total    | 154.29 kB


Server bundles
Initial chunk files  | Names            |  Raw size
polyfills.server.mjs | polyfills.server | 570.97 kB |
main.server.mjs      | main.server      |  48.20 kB |
server.mjs           | server           |   1.86 kB |

Application bundle generation complete. [0.644 seconds]

❯ Changes detected. Rebuilding...
✔ Changes detected. Rebuilding...
Browser bundles
Initial chunk files  | Names            |  Raw size
polyfills.js         | polyfills        |  90.20 kB |
main.js              | main             |  46.89 kB |
styles.css           | styles           |  17.20 kB |

                     | Initial total    | 154.29 kB


Server bundles
Initial chunk files  | Names            |  Raw size
polyfills.server.mjs | polyfills.server | 570.97 kB |
main.server.mjs      | main.server      |  48.20 kB |
server.mjs           | server           |   1.86 kB |

Application bundle generation complete. [0.627 seconds]

❯ Changes detected. Rebuilding...
✔ Changes detected. Rebuilding...
Browser bundles
Initial chunk files  | Names            |  Raw size
polyfills.js         | polyfills        |  90.20 kB |
main.js              | main             |  46.89 kB |
styles.css           | styles           |  17.20 kB |

                     | Initial total    | 154.29 kB


Server bundles
Initial chunk files  | Names            |  Raw size
polyfills.server.mjs | polyfills.server | 570.97 kB |
main.server.mjs      | main.server      |  48.20 kB |
server.mjs           | server           |   1.86 kB |

Application bundle generation complete. [0.615 seconds]

❯ Changes detected. Rebuilding...
✔ Changes detected. Rebuilding...
Browser bundles
Initial chunk files  | Names            |  Raw size
polyfills.js         | polyfills        |  90.20 kB |
main.js              | main             |  46.89 kB |
styles.css           | styles           |  17.20 kB |

                     | Initial total    | 154.29 kB


Server bundles
Initial chunk files  | Names            |  Raw size
polyfills.server.mjs | polyfills.server | 570.97 kB |
main.server.mjs      | main.server      |  48.20 kB |
server.mjs           | server           |   1.86 kB |

Application bundle generation complete. [0.655 seconds]

❯ Changes detected. Rebuilding...
✔ Changes detected. Rebuilding...
Browser bundles
Initial chunk files  | Names            |  Raw size
polyfills.js         | polyfills        |  90.20 kB |
main.js              | main             |  46.89 kB |
styles.css           | styles           |  17.20 kB |

                     | Initial total    | 154.29 kB


Server bundles
Initial chunk files  | Names            |  Raw size
polyfills.server.mjs | polyfills.server | 570.97 kB |
main.server.mjs      | main.server      |  48.20 kB |
server.mjs           | server           |   1.86 kB |

Application bundle generation complete. [0.682 seconds]

❯ Changes detected. Rebuilding...
✔ Changes detected. Rebuilding...
Browser bundles
Initial chunk files  | Names            |  Raw size
polyfills.js         | polyfills        |  90.20 kB |
main.js              | main             |  46.89 kB |
styles.css           | styles           |  17.20 kB |

                     | Initial total    | 154.29 kB


Server bundles
Initial chunk files  | Names            |  Raw size
polyfills.server.mjs | polyfills.server | 570.97 kB |
main.server.mjs      | main.server      |  48.20 kB |
server.mjs           | server           |   1.86 kB |

Application bundle generation complete. [0.708 seconds]

❯ Changes detected. Rebuilding...
✔ Changes detected. Rebuilding...
Browser bundles
Initial chunk files  | Names            |  Raw size
polyfills.js         | polyfills        |  90.20 kB |
main.js              | main             |  46.89 kB |
styles.css           | styles           |  17.20 kB |

                     | Initial total    | 154.29 kB


Server bundles
Initial chunk files  | Names            |  Raw size
polyfills.server.mjs | polyfills.server | 570.97 kB |
main.server.mjs      | main.server      |  48.20 kB |
server.mjs           | server           |   1.86 kB |

Application bundle generation complete. [0.692 seconds]

❯ Changes detected. Rebuilding...
✔ Changes detected. Rebuilding...
Browser bundles
Initial chunk files  | Names            |  Raw size
polyfills.js         | polyfills        |  90.20 kB |
main.js              | main             |  46.89 kB |
styles.css           | styles           |  17.20 kB |

                     | Initial total    | 154.29 kB


Server bundles
Initial chunk files  | Names            |  Raw size
polyfills.server.mjs | polyfills.server | 570.97 kB |
main.server.mjs      | main.server      |  48.20 kB |
server.mjs           | server           |   1.86 kB |

Application bundle generation complete. [0.591 seconds]

❯ Changes detected. Rebuilding...
✔ Changes detected. Rebuilding...
Browser bundles
Initial chunk files  | Names            |  Raw size
polyfills.js         | polyfills        |  90.20 kB |
main.js              | main             |  46.89 kB |
styles.css           | styles           |  17.20 kB |

                     | Initial total    | 154.29 kB


Server bundles
Initial chunk files  | Names            |  Raw size
polyfills.server.mjs | polyfills.server | 570.97 kB |
main.server.mjs      | main.server      |  48.20 kB |
server.mjs           | server           |   1.86 kB |

Application bundle generation complete. [0.633 seconds]

❯ Changes detected. Rebuilding...
✔ Changes detected. Rebuilding...
Browser bundles
Initial chunk files  | Names            |  Raw size
polyfills.js         | polyfills        |  90.20 kB |
main.js              | main             |  46.89 kB |
styles.css           | styles           |  17.20 kB |

                     | Initial total    | 154.29 kB


Server bundles
Initial chunk files  | Names            |  Raw size
polyfills.server.mjs | polyfills.server | 570.97 kB |
main.server.mjs      | main.server      |  48.20 kB |
server.mjs           | server           |   1.86 kB |

Application bundle generation complete. [0.625 seconds]

❯ Changes detected. Rebuilding...
✔ Changes detected. Rebuilding...
Browser bundles
Initial chunk files  | Names            |  Raw size
polyfills.js         | polyfills        |  90.20 kB |
main.js              | main             |  46.89 kB |
styles.css           | styles           |  17.20 kB |

                     | Initial total    | 154.29 kB


Server bundles
Initial chunk files  | Names            |  Raw size
polyfills.server.mjs | polyfills.server | 570.97 kB |
main.server.mjs      | main.server      |  48.20 kB |
server.mjs           | server           |   1.86 kB |

Application bundle generation complete. [0.611 seconds]

❯ Changes detected. Rebuilding...
✔ Changes detected. Rebuilding...
Browser bundles
Initial chunk files  | Names            |  Raw size
polyfills.js         | polyfills        |  90.20 kB |
main.js              | main             |  46.89 kB |
styles.css           | styles           |  17.20 kB |

                     | Initial total    | 154.29 kB


Server bundles
Initial chunk files  | Names            |  Raw size
polyfills.server.mjs | polyfills.server | 570.97 kB |
main.server.mjs      | main.server      |  48.20 kB |
server.mjs           | server           |   1.86 kB |

Application bundle generation complete. [0.612 seconds]

❯ Changes detected. Rebuilding...
✔ Changes detected. Rebuilding...
Browser bundles
Initial chunk files  | Names            |  Raw size
polyfills.js         | polyfills        |  90.20 kB |
main.js              | main             |  46.89 kB |
styles.css           | styles           |  17.20 kB |

                     | Initial total    | 154.29 kB


Server bundles
Initial chunk files  | Names            |  Raw size
polyfills.server.mjs | polyfills.server | 570.97 kB |
main.server.mjs      | main.server      |  48.20 kB |
server.mjs           | server           |   1.86 kB |

Application bundle generation complete. [0.673 seconds]

❯ Changes detected. Rebuilding...
✔ Changes detected. Rebuilding...
Browser bundles
Initial chunk files  | Names            |  Raw size
polyfills.js         | polyfills        |  90.20 kB |
main.js              | main             |  46.89 kB |
styles.css           | styles           |  17.20 kB |

                     | Initial total    | 154.29 kB


Server bundles
Initial chunk files  | Names            |  Raw size
polyfills.server.mjs | polyfills.server | 570.97 kB |
main.server.mjs      | main.server      |  48.20 kB |
server.mjs           | server           |   1.86 kB |

Application bundle generation complete. [0.669 seconds]

❯ Changes detected. Rebuilding...
✔ Changes detected. Rebuilding...
Browser bundles
Initial chunk files  | Names            |  Raw size
polyfills.js         | polyfills        |  90.20 kB |
main.js              | main             |  46.89 kB |
styles.css           | styles           |  17.20 kB |

                     | Initial total    | 154.29 kB


Server bundles
Initial chunk files  | Names            |  Raw size
polyfills.server.mjs | polyfills.server | 570.97 kB |
main.server.mjs      | main.server      |  48.20 kB |
server.mjs           | server           |   1.86 kB |

Application bundle generation complete. [0.693 seconds]

❯ Changes detected. Rebuilding...
✔ Changes detected. Rebuilding...
Browser bundles
Initial chunk files  | Names            |  Raw size
polyfills.js         | polyfills        |  90.20 kB |
main.js              | main             |  46.89 kB |
styles.css           | styles           |  17.20 kB |

                     | Initial total    | 154.29 kB


Server bundles
Initial chunk files  | Names            |  Raw size
polyfills.server.mjs | polyfills.server | 570.97 kB |
main.server.mjs      | main.server      |  48.20 kB |
server.mjs           | server           |   1.86 kB |

Application bundle generation complete. [0.675 seconds]

❯ Changes detected. Rebuilding...
✔ Changes detected. Rebuilding...
Browser bundles
Initial chunk files  | Names            |  Raw size
polyfills.js         | polyfills        |  90.20 kB |
main.js              | main             |  46.89 kB |
styles.css           | styles           |  17.20 kB |

                     | Initial total    | 154.29 kB


Server bundles
Initial chunk files  | Names            |  Raw size
polyfills.server.mjs | polyfills.server | 570.97 kB |
main.server.mjs      | main.server      |  48.20 kB |
server.mjs           | server           |   1.86 kB |

Application bundle generation complete. [0.704 seconds]

❯ Changes detected. Rebuilding...
✔ Changes detected. Rebuilding...
Browser bundles
Initial chunk files  | Names            |  Raw size
polyfills.js         | polyfills        |  90.20 kB |
main.js              | main             |  46.89 kB |
styles.css           | styles           |  17.20 kB |

                     | Initial total    | 154.29 kB


Server bundles
Initial chunk files  | Names            |  Raw size
polyfills.server.mjs | polyfills.server | 570.97 kB |
main.server.mjs      | main.server      |  48.20 kB |
server.mjs           | server           |   1.86 kB |

Application bundle generation complete. [0.718 seconds]

❯ Changes detected. Rebuilding...
✔ Changes detected. Rebuilding...
Browser bundles
Initial chunk files  | Names            |  Raw size
polyfills.js         | polyfills        |  90.20 kB |
main.js              | main             |  46.89 kB |
styles.css           | styles           |  17.20 kB |

                     | Initial total    | 154.29 kB


Server bundles
Initial chunk files  | Names            |  Raw size
polyfills.server.mjs | polyfills.server | 570.97 kB |
main.server.mjs      | main.server      |  48.20 kB |
server.mjs           | server           |   1.86 kB |

Application bundle generation complete. [0.677 seconds]

❯ Changes detected. Rebuilding...
✔ Changes detected. Rebuilding...
Browser bundles
Initial chunk files  | Names            |  Raw size
polyfills.js         | polyfills        |  90.20 kB |
main.js              | main             |  46.89 kB |
styles.css           | styles           |  17.20 kB |

                     | Initial total    | 154.29 kB


Server bundles
Initial chunk files  | Names            |  Raw size
polyfills.server.mjs | polyfills.server | 570.97 kB |
main.server.mjs      | main.server      |  48.20 kB |
server.mjs           | server           |   1.86 kB |

Application bundle generation complete. [0.695 seconds]

❯ Changes detected. Rebuilding...
✔ Changes detected. Rebuilding...
Browser bundles
Initial chunk files  | Names            |  Raw size
polyfills.js         | polyfills        |  90.20 kB |
main.js              | main             |  46.89 kB |
styles.css           | styles           |  17.20 kB |

                     | Initial total    | 154.29 kB


Server bundles
Initial chunk files  | Names            |  Raw size
polyfills.server.mjs | polyfills.server | 570.97 kB |
main.server.mjs      | main.server      |  48.20 kB |
server.mjs           | server           |   1.86 kB |

Application bundle generation complete. [0.703 seconds]

❯ Changes detected. Rebuilding...
✔ Changes detected. Rebuilding...
Browser bundles
Initial chunk files  | Names            |  Raw size
polyfills.js         | polyfills        |  90.20 kB |
main.js              | main             |  46.89 kB |
styles.css           | styles           |  17.20 kB |

                     | Initial total    | 154.29 kB


Server bundles
Initial chunk files  | Names            |  Raw size
polyfills.server.mjs | polyfills.server | 570.97 kB |
main.server.mjs      | main.server      |  48.20 kB |
server.mjs           | server           |   1.86 kB |

Application bundle generation complete. [0.716 seconds]

❯ Changes detected. Rebuilding...
✔ Changes detected. Rebuilding...
Browser bundles
Initial chunk files  | Names            |  Raw size
polyfills.js         | polyfills        |  90.20 kB |
main.js              | main             |  46.89 kB |
styles.css           | styles           |  17.20 kB |

                     | Initial total    | 154.29 kB


Server bundles
Initial chunk files  | Names            |  Raw size
polyfills.server.mjs | polyfills.server | 570.97 kB |
main.server.mjs      | main.server      |  48.20 kB |
server.mjs           | server           |   1.86 kB |

Application bundle generation complete. [0.693 seconds]

❯ Changes detected. Rebuilding...
✔ Changes detected. Rebuilding...
Browser bundles
Initial chunk files  | Names            |  Raw size
polyfills.js         | polyfills        |  90.20 kB |
main.js              | main             |  46.89 kB |
styles.css           | styles           |  17.20 kB |

                     | Initial total    | 154.29 kB


Server bundles
Initial chunk files  | Names            |  Raw size
polyfills.server.mjs | polyfills.server | 570.97 kB |
main.server.mjs      | main.server      |  48.20 kB |
server.mjs           | server           |   1.86 kB |

Application bundle generation complete. [0.700 seconds]

❯ Changes detected. Rebuilding...
✔ Changes detected. Rebuilding...
Browser bundles
Initial chunk files  | Names            |  Raw size
polyfills.js         | polyfills        |  90.20 kB |
main.js              | main             |  46.89 kB |
styles.css           | styles           |  17.20 kB |

                     | Initial total    | 154.29 kB


Server bundles
Initial chunk files  | Names            |  Raw size
polyfills.server.mjs | polyfills.server | 570.97 kB |
main.server.mjs      | main.server      |  48.20 kB |
server.mjs           | server           |   1.86 kB |

Application bundle generation complete. [0.661 seconds]

❯ Changes detected. Rebuilding...
✔ Changes detected. Rebuilding...
Browser bundles
Initial chunk files  | Names            |  Raw size
polyfills.js         | polyfills        |  90.20 kB |
main.js              | main             |  46.89 kB |
styles.css           | styles           |  17.20 kB |

                     | Initial total    | 154.29 kB


Server bundles
Initial chunk files  | Names            |  Raw size
polyfills.server.mjs | polyfills.server | 570.97 kB |
main.server.mjs      | main.server      |  48.20 kB |
server.mjs           | server           |   1.86 kB |

Application bundle generation complete. [0.707 seconds]

❯ Changes detected. Rebuilding...
✔ Changes detected. Rebuilding...
Browser bundles
Initial chunk files  | Names            |  Raw size
polyfills.js         | polyfills        |  90.20 kB |
main.js              | main             |  46.89 kB |
styles.css           | styles           |  17.20 kB |

                     | Initial total    | 154.29 kB


Server bundles
Initial chunk files  | Names            |  Raw size
polyfills.server.mjs | polyfills.server | 570.97 kB |
main.server.mjs      | main.server      |  48.20 kB |
server.mjs           | server           |   1.86 kB |

Application bundle generation complete. [0.673 seconds]

❯ Changes detected. Rebuilding...
✔ Changes detected. Rebuilding...
Browser bundles
Initial chunk files  | Names            |  Raw size
polyfills.js         | polyfills        |  90.20 kB |
main.js              | main             |  46.89 kB |
styles.css           | styles           |  17.20 kB |

                     | Initial total    | 154.29 kB


Server bundles
Initial chunk files  | Names            |  Raw size
polyfills.server.mjs | polyfills.server | 570.97 kB |
main.server.mjs      | main.server      |  48.20 kB |
server.mjs           | server           |   1.86 kB |

Application bundle generation complete. [0.657 seconds]

❯ Changes detected. Rebuilding...
✔ Changes detected. Rebuilding...
Browser bundles
Initial chunk files  | Names            |  Raw size
polyfills.js         | polyfills        |  90.20 kB |
main.js              | main             |  46.89 kB |
styles.css           | styles           |  17.20 kB |

                     | Initial total    | 154.29 kB


Server bundles
Initial chunk files  | Names            |  Raw size
polyfills.server.mjs | polyfills.server | 570.97 kB |
main.server.mjs      | main.server      |  48.20 kB |
server.mjs           | server           |   1.86 kB |

Application bundle generation complete. [0.659 seconds]

❯ Changes detected. Rebuilding...
✔ Changes detected. Rebuilding...
Browser bundles
Initial chunk files  | Names            |  Raw size
polyfills.js         | polyfills        |  90.20 kB |
main.js              | main             |  46.89 kB |
styles.css           | styles           |  17.20 kB |

                     | Initial total    | 154.29 kB


Server bundles
Initial chunk files  | Names            |  Raw size
polyfills.server.mjs | polyfills.server | 570.97 kB |
main.server.mjs      | main.server      |  48.20 kB |
server.mjs           | server           |   1.86 kB |

Application bundle generation complete. [0.673 seconds]

❯ Changes detected. Rebuilding...
✔ Changes detected. Rebuilding...
Browser bundles
Initial chunk files  | Names            |  Raw size
polyfills.js         | polyfills        |  90.20 kB |
main.js              | main             |  46.89 kB |
styles.css           | styles           |  17.20 kB |

                     | Initial total    | 154.29 kB


Server bundles
Initial chunk files  | Names            |  Raw size
polyfills.server.mjs | polyfills.server | 570.97 kB |
main.server.mjs      | main.server      |  48.20 kB |
server.mjs           | server           |   1.86 kB |

Application bundle generation complete. [0.725 seconds]

❯ Changes detected. Rebuilding...
✔ Changes detected. Rebuilding...
Browser bundles
Initial chunk files  | Names            |  Raw size
polyfills.js         | polyfills        |  90.20 kB |
main.js              | main             |  46.89 kB |
styles.css           | styles           |  17.20 kB |

                     | Initial total    | 154.29 kB


Server bundles
Initial chunk files  | Names            |  Raw size
polyfills.server.mjs | polyfills.server | 570.97 kB |
main.server.mjs      | main.server      |  48.20 kB |
server.mjs           | server           |   1.86 kB |

Application bundle generation complete. [0.726 seconds]

❯ Changes detected. Rebuilding...
✔ Changes detected. Rebuilding...
Browser bundles
Initial chunk files  | Names            |  Raw size
polyfills.js         | polyfills        |  90.20 kB |
main.js              | main             |  46.89 kB |
styles.css           | styles           |  17.20 kB |

                     | Initial total    | 154.29 kB


Server bundles
Initial chunk files  | Names            |  Raw size
polyfills.server.mjs | polyfills.server | 570.97 kB |
main.server.mjs      | main.server      |  48.20 kB |
server.mjs           | server           |   1.86 kB |

Application bundle generation complete. [0.751 seconds]

❯ Changes detected. Rebuilding...
✔ Changes detected. Rebuilding...
Browser bundles
Initial chunk files  | Names            |  Raw size
polyfills.js         | polyfills        |  90.20 kB |
main.js              | main             |  46.89 kB |
styles.css           | styles           |  17.20 kB |

                     | Initial total    | 154.29 kB


Server bundles
Initial chunk files  | Names            |  Raw size
polyfills.server.mjs | polyfills.server | 570.97 kB |
main.server.mjs      | main.server      |  48.20 kB |
server.mjs           | server           |   1.86 kB |

Application bundle generation complete. [1.149 seconds]

❯ Changes detected. Rebuilding...
✔ Changes detected. Rebuilding...
Browser bundles
Initial chunk files  | Names            |  Raw size
polyfills.js         | polyfills        |  90.20 kB |
main.js              | main             |  46.89 kB |
styles.css           | styles           |  17.20 kB |

                     | Initial total    | 154.29 kB


Server bundles
Initial chunk files  | Names            |  Raw size
polyfills.server.mjs | polyfills.server | 570.97 kB |
main.server.mjs      | main.server      |  48.20 kB |
server.mjs           | server           |   1.86 kB |

Application bundle generation complete. [1.189 seconds]

❯ Changes detected. Rebuilding...
✔ Changes detected. Rebuilding...
Browser bundles
Initial chunk files  | Names            |  Raw size
polyfills.js         | polyfills        |  90.20 kB |
main.js              | main             |  46.89 kB |
styles.css           | styles           |  17.20 kB |

                     | Initial total    | 154.29 kB


Server bundles
Initial chunk files  | Names            |  Raw size
polyfills.server.mjs | polyfills.server | 570.97 kB |
main.server.mjs      | main.server      |  48.20 kB |
server.mjs           | server           |   1.86 kB |

Application bundle generation complete. [0.822 seconds]

❯ Changes detected. Rebuilding...
✔ Changes detected. Rebuilding...
Browser bundles
Initial chunk files  | Names            |  Raw size
polyfills.js         | polyfills        |  90.20 kB |
main.js              | main             |  46.89 kB |
styles.css           | styles           |  17.20 kB |

                     | Initial total    | 154.29 kB


Server bundles
Initial chunk files  | Names            |  Raw size
polyfills.server.mjs | polyfills.server | 570.97 kB |
main.server.mjs      | main.server      |  48.20 kB |
server.mjs           | server           |   1.86 kB |

Application bundle generation complete. [0.723 seconds]

❯ Changes detected. Rebuilding...
✔ Changes detected. Rebuilding...
Browser bundles
Initial chunk files  | Names            |  Raw size
polyfills.js         | polyfills        |  90.20 kB |
main.js              | main             |  46.89 kB |
styles.css           | styles           |  17.20 kB |

                     | Initial total    | 154.29 kB


Server bundles
Initial chunk files  | Names            |  Raw size
polyfills.server.mjs | polyfills.server | 570.97 kB |
main.server.mjs      | main.server      |  48.20 kB |
server.mjs           | server           |   1.86 kB |

Application bundle generation complete. [0.746 seconds]

❯ Changes detected. Rebuilding...
✔ Changes detected. Rebuilding...
Browser bundles
Initial chunk files  | Names            |  Raw size
polyfills.js         | polyfills        |  90.20 kB |
main.js              | main             |  46.89 kB |
styles.css           | styles           |  17.20 kB |

                     | Initial total    | 154.29 kB


Server bundles
Initial chunk files  | Names            |  Raw size
polyfills.server.mjs | polyfills.server | 570.97 kB |
main.server.mjs      | main.server      |  48.20 kB |
server.mjs           | server           |   1.86 kB |

Application bundle generation complete. [0.748 seconds]

❯ Changes detected. Rebuilding...
✔ Changes detected. Rebuilding...
Browser bundles
Initial chunk files  | Names            |  Raw size
polyfills.js         | polyfills        |  90.20 kB |
main.js              | main             |  46.89 kB |
styles.css           | styles           |  17.20 kB |

                     | Initial total    | 154.29 kB


Server bundles
Initial chunk files  | Names            |  Raw size
polyfills.server.mjs | polyfills.server | 570.97 kB |
main.server.mjs      | main.server      |  48.20 kB |
server.mjs           | server           |   1.86 kB |

Application bundle generation complete. [0.748 seconds]

❯ Changes detected. Rebuilding...
✔ Changes detected. Rebuilding...
Browser bundles
Initial chunk files  | Names            |  Raw size
polyfills.js         | polyfills        |  90.20 kB |
main.js              | main             |  46.89 kB |
styles.css           | styles           |  17.20 kB |

                     | Initial total    | 154.29 kB


Server bundles
Initial chunk files  | Names            |  Raw size
polyfills.server.mjs | polyfills.server | 570.97 kB |
main.server.mjs      | main.server      |  48.20 kB |
server.mjs           | server           |   1.86 kB |

Application bundle generation complete. [0.787 seconds]

❯ Changes detected. Rebuilding...
✔ Changes detected. Rebuilding...
Browser bundles
Initial chunk files  | Names            |  Raw size
polyfills.js         | polyfills        |  90.20 kB |
main.js              | main             |  46.89 kB |
styles.css           | styles           |  17.20 kB |

                     | Initial total    | 154.29 kB


Server bundles
Initial chunk files  | Names            |  Raw size
polyfills.server.mjs | polyfills.server | 570.97 kB |
main.server.mjs      | main.server      |  48.20 kB |
server.mjs           | server           |   1.86 kB |

Application bundle generation complete. [0.788 seconds]

❯ Changes detected. Rebuilding...
✔ Changes detected. Rebuilding...
Browser bundles
Initial chunk files  | Names            |  Raw size
polyfills.js         | polyfills        |  90.20 kB |
main.js              | main             |  46.89 kB |
styles.css           | styles           |  17.20 kB |

                     | Initial total    | 154.29 kB


Server bundles
Initial chunk files  | Names            |  Raw size
polyfills.server.mjs | polyfills.server | 570.97 kB |
main.server.mjs      | main.server      |  48.20 kB |
server.mjs           | server           |   1.86 kB |

Application bundle generation complete. [0.721 seconds]

❯ Changes detected. Rebuilding...
✔ Changes detected. Rebuilding...
Browser bundles
Initial chunk files  | Names            |  Raw size
polyfills.js         | polyfills        |  90.20 kB |
main.js              | main             |  46.89 kB |
styles.css           | styles           |  17.20 kB |

                     | Initial total    | 154.29 kB


Server bundles
Initial chunk files  | Names            |  Raw size
polyfills.server.mjs | polyfills.server | 570.97 kB |
main.server.mjs      | main.server      |  48.20 kB |
server.mjs           | server           |   1.86 kB |

Application bundle generation complete. [0.747 seconds]

❯ Changes detected. Rebuilding...
✔ Changes detected. Rebuilding...
Browser bundles
Initial chunk files  | Names            |  Raw size
polyfills.js         | polyfills        |  90.20 kB |
main.js              | main             |  46.89 kB |
styles.css           | styles           |  17.20 kB |

                     | Initial total    | 154.29 kB


Server bundles
Initial chunk files  | Names            |  Raw size
polyfills.server.mjs | polyfills.server | 570.97 kB |
main.server.mjs      | main.server      |  48.20 kB |
server.mjs           | server           |   1.86 kB |

Application bundle generation complete. [0.729 seconds]

❯ Changes detected. Rebuilding...
✔ Changes detected. Rebuilding...
Browser bundles
Initial chunk files  | Names            |  Raw size
polyfills.js         | polyfills        |  90.20 kB |
main.js              | main             |  46.89 kB |
styles.css           | styles           |  17.20 kB |

                     | Initial total    | 154.29 kB


Server bundles
Initial chunk files  | Names            |  Raw size
polyfills.server.mjs | polyfills.server | 570.97 kB |
main.server.mjs      | main.server      |  48.20 kB |
server.mjs           | server           |   1.86 kB |

Application bundle generation complete. [0.675 seconds]

❯ Changes detected. Rebuilding...
✔ Changes detected. Rebuilding...
Browser bundles
Initial chunk files  | Names            |  Raw size
polyfills.js         | polyfills        |  90.20 kB |
main.js              | main             |  46.89 kB |
styles.css           | styles           |  17.20 kB |

                     | Initial total    | 154.29 kB


Server bundles
Initial chunk files  | Names            |  Raw size
polyfills.server.mjs | polyfills.server | 570.97 kB |
main.server.mjs      | main.server      |  48.20 kB |
server.mjs           | server           |   1.86 kB |

Application bundle generation complete. [0.668 seconds]

❯ Changes detected. Rebuilding...
✔ Changes detected. Rebuilding...
Browser bundles
Initial chunk files  | Names            |  Raw size
polyfills.js         | polyfills        |  90.20 kB |
main.js              | main             |  46.89 kB |
styles.css           | styles           |  17.20 kB |

                     | Initial total    | 154.29 kB


Server bundles
Initial chunk files  | Names            |  Raw size
polyfills.server.mjs | polyfills.server | 570.97 kB |
main.server.mjs      | main.server      |  48.20 kB |
server.mjs           | server           |   1.86 kB |

Application bundle generation complete. [0.668 seconds]

❯ Changes detected. Rebuilding...
✔ Changes detected. Rebuilding...
Browser bundles
Initial chunk files  | Names            |  Raw size
polyfills.js         | polyfills        |  90.20 kB |
main.js              | main             |  46.89 kB |
styles.css           | styles           |  17.20 kB |

                     | Initial total    | 154.29 kB


Server bundles
Initial chunk files  | Names            |  Raw size
polyfills.server.mjs | polyfills.server | 570.97 kB |
main.server.mjs      | main.server      |  48.20 kB |
server.mjs           | server           |   1.86 kB |

Application bundle generation complete. [0.657 seconds]

❯ Changes detected. Rebuilding...
✔ Changes detected. Rebuilding...
Browser bundles
Initial chunk files  | Names            |  Raw size
polyfills.js         | polyfills        |  90.20 kB |
main.js              | main             |  46.89 kB |
styles.css           | styles           |  17.20 kB |

                     | Initial total    | 154.29 kB


Server bundles
Initial chunk files  | Names            |  Raw size
polyfills.server.mjs | polyfills.server | 570.97 kB |
main.server.mjs      | main.server      |  48.20 kB |
server.mjs           | server           |   1.86 kB |

Application bundle generation complete. [0.734 seconds]

❯ Changes detected. Rebuilding...
✔ Changes detected. Rebuilding...
Browser bundles
Initial chunk files  | Names            |  Raw size
polyfills.js         | polyfills        |  90.20 kB |
main.js              | main             |  46.89 kB |
styles.css           | styles           |  17.20 kB |

                     | Initial total    | 154.29 kB


Server bundles
Initial chunk files  | Names            |  Raw size
polyfills.server.mjs | polyfills.server | 570.97 kB |
main.server.mjs      | main.server      |  48.20 kB |
server.mjs           | server           |   1.86 kB |

Application bundle generation complete. [0.712 seconds]

❯ Changes detected. Rebuilding...
✔ Changes detected. Rebuilding...
Browser bundles
Initial chunk files  | Names            |  Raw size
polyfills.js         | polyfills        |  90.20 kB |
main.js              | main             |  46.89 kB |
styles.css           | styles           |  17.20 kB |

                     | Initial total    | 154.29 kB


Server bundles
Initial chunk files  | Names            |  Raw size
polyfills.server.mjs | polyfills.server | 570.97 kB |
main.server.mjs      | main.server      |  48.20 kB |
server.mjs           | server           |   1.86 kB |

Application bundle generation complete. [0.718 seconds]

❯ Changes detected. Rebuilding...
✔ Changes detected. Rebuilding...
Browser bundles
Initial chunk files  | Names            |  Raw size
polyfills.js         | polyfills        |  90.20 kB |
main.js              | main             |  46.89 kB |
styles.css           | styles           |  17.20 kB |

                     | Initial total    | 154.29 kB


Server bundles
Initial chunk files  | Names            |  Raw size
polyfills.server.mjs | polyfills.server | 570.97 kB |
main.server.mjs      | main.server      |  48.20 kB |
server.mjs           | server           |   1.86 kB |

Application bundle generation complete. [0.730 seconds]

❯ Changes detected. Rebuilding...
✔ Changes detected. Rebuilding...
Browser bundles
Initial chunk files  | Names            |  Raw size
polyfills.js         | polyfills        |  90.20 kB |
main.js              | main             |  46.89 kB |
styles.css           | styles           |  17.20 kB |

                     | Initial total    | 154.29 kB


Server bundles
Initial chunk files  | Names            |  Raw size
polyfills.server.mjs | polyfills.server | 570.97 kB |
main.server.mjs      | main.server      |  48.20 kB |
server.mjs           | server           |   1.86 kB |

Application bundle generation complete. [0.739 seconds]

❯ Changes detected. Rebuilding...
✔ Changes detected. Rebuilding...
Browser bundles
Initial chunk files  | Names            |  Raw size
polyfills.js         | polyfills        |  90.20 kB |
main.js              | main             |  46.89 kB |
styles.css           | styles           |  17.20 kB |

                     | Initial total    | 154.29 kB


Server bundles
Initial chunk files  | Names            |  Raw size
polyfills.server.mjs | polyfills.server | 570.97 kB |
main.server.mjs      | main.server      |  48.20 kB |
server.mjs           | server           |   1.86 kB |

Application bundle generation complete. [0.756 seconds]

❯ Changes detected. Rebuilding...
✔ Changes detected. Rebuilding...
Browser bundles
Initial chunk files  | Names            |  Raw size
polyfills.js         | polyfills        |  90.20 kB |
main.js              | main             |  46.89 kB |
styles.css           | styles           |  17.20 kB |

                     | Initial total    | 154.29 kB


Server bundles
Initial chunk files  | Names            |  Raw size
polyfills.server.mjs | polyfills.server | 570.97 kB |
main.server.mjs      | main.server      |  48.20 kB |
server.mjs           | server           |   1.86 kB |

Application bundle generation complete. [0.806 seconds]

❯ Changes detected. Rebuilding...
✔ Changes detected. Rebuilding...
Browser bundles
Initial chunk files  | Names            |  Raw size
polyfills.js         | polyfills        |  90.20 kB |
main.js              | main             |  46.89 kB |
styles.css           | styles           |  17.20 kB |

                     | Initial total    | 154.29 kB


Server bundles
Initial chunk files  | Names            |  Raw size
polyfills.server.mjs | polyfills.server | 570.97 kB |
main.server.mjs      | main.server      |  48.20 kB |
server.mjs           | server           |   1.86 kB |

Application bundle generation complete. [0.822 seconds]

❯ Changes detected. Rebuilding...
✔ Changes detected. Rebuilding...
Browser bundles
Initial chunk files  | Names            |  Raw size
polyfills.js         | polyfills        |  90.20 kB |
main.js              | main             |  46.89 kB |
styles.css           | styles           |  17.20 kB |

                     | Initial total    | 154.29 kB


Server bundles
Initial chunk files  | Names            |  Raw size
polyfills.server.mjs | polyfills.server | 570.97 kB |
main.server.mjs      | main.server      |  48.20 kB |
server.mjs           | server           |   1.86 kB |

Application bundle generation complete. [0.806 seconds]

❯ Changes detected. Rebuilding...
✔ Changes detected. Rebuilding...
Browser bundles
Initial chunk files | Names       | Raw size
main.js             | main        | 46.93 kB |


Server bundles
Initial chunk files | Names       | Raw size
main.server.mjs     | main.server | 48.25 kB |

Application bundle generation complete. [1.397 seconds]

Page reload sent to client(s).
❯ Changes detected. Rebuilding...
✔ Changes detected. Rebuilding...
Browser bundles
Initial chunk files  | Names            |  Raw size
polyfills.js         | polyfills        |  90.20 kB |
main.js              | main             |  46.93 kB |
styles.css           | styles           |  17.20 kB |

                     | Initial total    | 154.33 kB


Server bundles
Initial chunk files  | Names            |  Raw size
polyfills.server.mjs | polyfills.server | 570.97 kB |
main.server.mjs      | main.server      |  48.25 kB |
server.mjs           | server           |   1.86 kB |

Application bundle generation complete. [0.753 seconds]

❯ Changes detected. Rebuilding...
✔ Changes detected. Rebuilding...
Browser bundles
Initial chunk files  | Names            |  Raw size
polyfills.js         | polyfills        |  90.20 kB |
main.js              | main             |  46.93 kB |
styles.css           | styles           |  17.20 kB |

                     | Initial total    | 154.33 kB


Server bundles
Initial chunk files  | Names            |  Raw size
polyfills.server.mjs | polyfills.server | 570.97 kB |
main.server.mjs      | main.server      |  48.25 kB |
server.mjs           | server           |   1.86 kB |

Application bundle generation complete. [0.697 seconds]

❯ Changes detected. Rebuilding...
✔ Changes detected. Rebuilding...
Browser bundles
Initial chunk files  | Names            |  Raw size
polyfills.js         | polyfills        |  90.20 kB |
main.js              | main             |  46.93 kB |
styles.css           | styles           |  17.20 kB |

                     | Initial total    | 154.33 kB


Server bundles
Initial chunk files  | Names            |  Raw size
polyfills.server.mjs | polyfills.server | 570.97 kB |
main.server.mjs      | main.server      |  48.25 kB |
server.mjs           | server           |   1.86 kB |

Application bundle generation complete. [0.671 seconds]

❯ Changes detected. Rebuilding...
✔ Changes detected. Rebuilding...
Browser bundles
Initial chunk files  | Names            |  Raw size
polyfills.js         | polyfills        |  90.20 kB |
main.js              | main             |  46.93 kB |
styles.css           | styles           |  17.20 kB |

                     | Initial total    | 154.33 kB


Server bundles
Initial chunk files  | Names            |  Raw size
polyfills.server.mjs | polyfills.server | 570.97 kB |
main.server.mjs      | main.server      |  48.25 kB |
server.mjs           | server           |   1.86 kB |

Application bundle generation complete. [0.739 seconds]

❯ Changes detected. Rebuilding...
✔ Changes detected. Rebuilding...
Browser bundles
Initial chunk files  | Names            |  Raw size
polyfills.js         | polyfills        |  90.20 kB |
main.js              | main             |  46.93 kB |
styles.css           | styles           |  17.20 kB |

                     | Initial total    | 154.33 kB


Server bundles
Initial chunk files  | Names            |  Raw size
polyfills.server.mjs | polyfills.server | 570.97 kB |
main.server.mjs      | main.server      |  48.25 kB |
server.mjs           | server           |   1.86 kB |

Application bundle generation complete. [0.835 seconds]

❯ Changes detected. Rebuilding...
✔ Changes detected. Rebuilding...
Browser bundles
Initial chunk files  | Names            |  Raw size
polyfills.js         | polyfills        |  90.20 kB |
main.js              | main             |  46.93 kB |
styles.css           | styles           |  17.20 kB |

                     | Initial total    | 154.33 kB


Server bundles
Initial chunk files  | Names            |  Raw size
polyfills.server.mjs | polyfills.server | 570.97 kB |
main.server.mjs      | main.server      |  48.25 kB |
server.mjs           | server           |   1.86 kB |

Application bundle generation complete. [0.843 seconds]

❯ Changes detected. Rebuilding...
✔ Changes detected. Rebuilding...
Browser bundles
Initial chunk files  | Names            |  Raw size
polyfills.js         | polyfills        |  90.20 kB |
main.js              | main             |  46.93 kB |
styles.css           | styles           |  17.20 kB |

                     | Initial total    | 154.33 kB


Server bundles
Initial chunk files  | Names            |  Raw size
polyfills.server.mjs | polyfills.server | 570.97 kB |
main.server.mjs      | main.server      |  48.25 kB |
server.mjs           | server           |   1.86 kB |

Application bundle generation complete. [0.697 seconds]

❯ Changes detected. Rebuilding...
✔ Changes detected. Rebuilding...
Browser bundles
Initial chunk files  | Names            |  Raw size
polyfills.js         | polyfills        |  90.20 kB |
main.js              | main             |  46.93 kB |
styles.css           | styles           |  17.20 kB |

                     | Initial total    | 154.33 kB


Server bundles
Initial chunk files  | Names            |  Raw size
polyfills.server.mjs | polyfills.server | 570.97 kB |
main.server.mjs      | main.server      |  48.25 kB |
server.mjs           | server           |   1.86 kB |

Application bundle generation complete. [0.715 seconds]

❯ Changes detected. Rebuilding...
✔ Changes detected. Rebuilding...
Browser bundles
Initial chunk files  | Names            |  Raw size
polyfills.js         | polyfills        |  90.20 kB |
main.js              | main             |  46.93 kB |
styles.css           | styles           |  17.20 kB |

                     | Initial total    | 154.33 kB


Server bundles
Initial chunk files  | Names            |  Raw size
polyfills.server.mjs | polyfills.server | 570.97 kB |
main.server.mjs      | main.server      |  48.25 kB |
server.mjs           | server           |   1.86 kB |

Application bundle generation complete. [0.773 seconds]

❯ Changes detected. Rebuilding...
✔ Changes detected. Rebuilding...
Browser bundles
Initial chunk files  | Names            |  Raw size
polyfills.js         | polyfills        |  90.20 kB |
main.js              | main             |  46.93 kB |
styles.css           | styles           |  17.20 kB |

                     | Initial total    | 154.33 kB


Server bundles
Initial chunk files  | Names            |  Raw size
polyfills.server.mjs | polyfills.server | 570.97 kB |
main.server.mjs      | main.server      |  48.25 kB |
server.mjs           | server           |   1.86 kB |

Application bundle generation complete. [0.711 seconds]

❯ Changes detected. Rebuilding...
✔ Changes detected. Rebuilding...
Browser bundles
Initial chunk files  | Names            |  Raw size
polyfills.js         | polyfills        |  90.20 kB |
main.js              | main             |  46.93 kB |
styles.css           | styles           |  17.20 kB |

                     | Initial total    | 154.33 kB


Server bundles
Initial chunk files  | Names            |  Raw size
polyfills.server.mjs | polyfills.server | 570.97 kB |
main.server.mjs      | main.server      |  48.25 kB |
server.mjs           | server           |   1.86 kB |

Application bundle generation complete. [0.723 seconds]

❯ Changes detected. Rebuilding...
✔ Changes detected. Rebuilding...
Browser bundles
Initial chunk files  | Names            |  Raw size
polyfills.js         | polyfills        |  90.20 kB |
main.js              | main             |  46.93 kB |
styles.css           | styles           |  17.20 kB |

                     | Initial total    | 154.33 kB


Server bundles
Initial chunk files  | Names            |  Raw size
polyfills.server.mjs | polyfills.server | 570.97 kB |
main.server.mjs      | main.server      |  48.25 kB |
server.mjs           | server           |   1.86 kB |

Application bundle generation complete. [0.836 seconds]

❯ Changes detected. Rebuilding...
✔ Changes detected. Rebuilding...
Browser bundles
Initial chunk files  | Names            |  Raw size
polyfills.js         | polyfills        |  90.20 kB |
main.js              | main             |  46.93 kB |
styles.css           | styles           |  17.20 kB |

                     | Initial total    | 154.33 kB


Server bundles
Initial chunk files  | Names            |  Raw size
polyfills.server.mjs | polyfills.server | 570.97 kB |
main.server.mjs      | main.server      |  48.25 kB |
server.mjs           | server           |   1.86 kB |

Application bundle generation complete. [0.733 seconds]

❯ Changes detected. Rebuilding...
✔ Changes detected. Rebuilding...
Browser bundles
Initial chunk files  | Names            |  Raw size
polyfills.js         | polyfills        |  90.20 kB |
main.js              | main             |  46.93 kB |
styles.css           | styles           |  17.20 kB |

                     | Initial total    | 154.33 kB


Server bundles
Initial chunk files  | Names            |  Raw size
polyfills.server.mjs | polyfills.server | 570.97 kB |
main.server.mjs      | main.server      |  48.25 kB |
server.mjs           | server           |   1.86 kB |

Application bundle generation complete. [0.752 seconds]

❯ Changes detected. Rebuilding...
✔ Changes detected. Rebuilding...
Browser bundles
Initial chunk files  | Names            |  Raw size
polyfills.js         | polyfills        |  90.20 kB |
main.js              | main             |  46.93 kB |
styles.css           | styles           |  17.20 kB |

                     | Initial total    | 154.33 kB


Server bundles
Initial chunk files  | Names            |  Raw size
polyfills.server.mjs | polyfills.server | 570.97 kB |
main.server.mjs      | main.server      |  48.25 kB |
server.mjs           | server           |   1.86 kB |

Application bundle generation complete. [0.755 seconds]

❯ Changes detected. Rebuilding...
✔ Changes detected. Rebuilding...
Browser bundles
Initial chunk files  | Names            |  Raw size
polyfills.js         | polyfills        |  90.20 kB |
main.js              | main             |  46.93 kB |
styles.css           | styles           |  17.20 kB |

                     | Initial total    | 154.33 kB


Server bundles
Initial chunk files  | Names            |  Raw size
polyfills.server.mjs | polyfills.server | 570.97 kB |
main.server.mjs      | main.server      |  48.25 kB |
server.mjs           | server           |   1.86 kB |

Application bundle generation complete. [0.725 seconds]

❯ Changes detected. Rebuilding...
✔ Changes detected. Rebuilding...
Browser bundles
Initial chunk files  | Names            |  Raw size
polyfills.js         | polyfills        |  90.20 kB |
main.js              | main             |  46.93 kB |
styles.css           | styles           |  17.20 kB |

                     | Initial total    | 154.33 kB


Server bundles
Initial chunk files  | Names            |  Raw size
polyfills.server.mjs | polyfills.server | 570.97 kB |
main.server.mjs      | main.server      |  48.25 kB |
server.mjs           | server           |   1.86 kB |

Application bundle generation complete. [0.735 seconds]

❯ Changes detected. Rebuilding...
✔ Changes detected. Rebuilding...
Browser bundles
Initial chunk files  | Names            |  Raw size
polyfills.js         | polyfills        |  90.20 kB |
main.js              | main             |  46.93 kB |
styles.css           | styles           |  17.20 kB |

                     | Initial total    | 154.33 kB


Server bundles
Initial chunk files  | Names            |  Raw size
polyfills.server.mjs | polyfills.server | 570.97 kB |
main.server.mjs      | main.server      |  48.25 kB |
server.mjs           | server           |   1.86 kB |

Application bundle generation complete. [0.735 seconds]

❯ Changes detected. Rebuilding...
✔ Changes detected. Rebuilding...
Browser bundles
Initial chunk files  | Names            |  Raw size
polyfills.js         | polyfills        |  90.20 kB |
main.js              | main             |  46.93 kB |
styles.css           | styles           |  17.20 kB |

                     | Initial total    | 154.33 kB


Server bundles
Initial chunk files  | Names            |  Raw size
polyfills.server.mjs | polyfills.server | 570.97 kB |
main.server.mjs      | main.server      |  48.25 kB |
server.mjs           | server           |   1.86 kB |

Application bundle generation complete. [0.717 seconds]

❯ Changes detected. Rebuilding...
✔ Changes detected. Rebuilding...
Browser bundles
Initial chunk files  | Names            |  Raw size
polyfills.js         | polyfills        |  90.20 kB |
main.js              | main             |  46.93 kB |
styles.css           | styles           |  17.20 kB |

                     | Initial total    | 154.33 kB


Server bundles
Initial chunk files  | Names            |  Raw size
polyfills.server.mjs | polyfills.server | 570.97 kB |
main.server.mjs      | main.server      |  48.25 kB |
server.mjs           | server           |   1.86 kB |

Application bundle generation complete. [0.693 seconds]

❯ Changes detected. Rebuilding...
✔ Changes detected. Rebuilding...
Browser bundles
Initial chunk files  | Names            |  Raw size
polyfills.js         | polyfills        |  90.20 kB |
main.js              | main             |  46.93 kB |
styles.css           | styles           |  17.20 kB |

                     | Initial total    | 154.33 kB


Server bundles
Initial chunk files  | Names            |  Raw size
polyfills.server.mjs | polyfills.server | 570.97 kB |
main.server.mjs      | main.server      |  48.25 kB |
server.mjs           | server           |   1.86 kB |

Application bundle generation complete. [0.766 seconds]

❯ Changes detected. Rebuilding...
✔ Changes detected. Rebuilding...
Browser bundles
Initial chunk files  | Names            |  Raw size
polyfills.js         | polyfills        |  90.20 kB |
main.js              | main             |  46.93 kB |
styles.css           | styles           |  17.20 kB |

                     | Initial total    | 154.33 kB


Server bundles
Initial chunk files  | Names            |  Raw size
polyfills.server.mjs | polyfills.server | 570.97 kB |
main.server.mjs      | main.server      |  48.25 kB |
server.mjs           | server           |   1.86 kB |

Application bundle generation complete. [0.749 seconds]

❯ Changes detected. Rebuilding...
✔ Changes detected. Rebuilding...
Browser bundles
Initial chunk files  | Names            |  Raw size
polyfills.js         | polyfills        |  90.20 kB |
main.js              | main             |  46.93 kB |
styles.css           | styles           |  17.20 kB |

                     | Initial total    | 154.33 kB


Server bundles
Initial chunk files  | Names            |  Raw size
polyfills.server.mjs | polyfills.server | 570.97 kB |
main.server.mjs      | main.server      |  48.25 kB |
server.mjs           | server           |   1.86 kB |

Application bundle generation complete. [0.733 seconds]

❯ Changes detected. Rebuilding...
✔ Changes detected. Rebuilding...
Browser bundles
Initial chunk files  | Names            |  Raw size
polyfills.js         | polyfills        |  90.20 kB |
main.js              | main             |  46.93 kB |
styles.css           | styles           |  17.20 kB |

                     | Initial total    | 154.33 kB


Server bundles
Initial chunk files  | Names            |  Raw size
polyfills.server.mjs | polyfills.server | 570.97 kB |
main.server.mjs      | main.server      |  48.25 kB |
server.mjs           | server           |   1.86 kB |

Application bundle generation complete. [0.717 seconds]

❯ Changes detected. Rebuilding...
✔ Changes detected. Rebuilding...
Browser bundles
Initial chunk files  | Names            |  Raw size
polyfills.js         | polyfills        |  90.20 kB |
main.js              | main             |  46.93 kB |
styles.css           | styles           |  17.20 kB |

                     | Initial total    | 154.33 kB


Server bundles
Initial chunk files  | Names            |  Raw size
polyfills.server.mjs | polyfills.server | 570.97 kB |
main.server.mjs      | main.server      |  48.25 kB |
server.mjs           | server           |   1.86 kB |

Application bundle generation complete. [0.813 seconds]

❯ Changes detected. Rebuilding...
✔ Changes detected. Rebuilding...
Browser bundles
Initial chunk files  | Names            |  Raw size
polyfills.js         | polyfills        |  90.20 kB |
main.js              | main             |  46.93 kB |
styles.css           | styles           |  17.20 kB |

                     | Initial total    | 154.33 kB


Server bundles
Initial chunk files  | Names            |  Raw size
polyfills.server.mjs | polyfills.server | 570.97 kB |
main.server.mjs      | main.server      |  48.25 kB |
server.mjs           | server           |   1.86 kB |

Application bundle generation complete. [0.735 seconds]

❯ Changes detected. Rebuilding...
✔ Changes detected. Rebuilding...
Browser bundles
Initial chunk files  | Names            |  Raw size
polyfills.js         | polyfills        |  90.20 kB |
main.js              | main             |  46.93 kB |
styles.css           | styles           |  17.20 kB |

                     | Initial total    | 154.33 kB


Server bundles
Initial chunk files  | Names            |  Raw size
polyfills.server.mjs | polyfills.server | 570.97 kB |
main.server.mjs      | main.server      |  48.25 kB |
server.mjs           | server           |   1.86 kB |

Application bundle generation complete. [0.780 seconds]

❯ Changes detected. Rebuilding...
✔ Changes detected. Rebuilding...
Browser bundles
Initial chunk files  | Names            |  Raw size
polyfills.js         | polyfills        |  90.20 kB |
main.js              | main             |  46.93 kB |
styles.css           | styles           |  17.20 kB |

                     | Initial total    | 154.33 kB


Server bundles
Initial chunk files  | Names            |  Raw size
polyfills.server.mjs | polyfills.server | 570.97 kB |
main.server.mjs      | main.server      |  48.25 kB |
server.mjs           | server           |   1.86 kB |

Application bundle generation complete. [0.889 seconds]

❯ Changes detected. Rebuilding...
✔ Changes detected. Rebuilding...
Browser bundles
Initial chunk files  | Names            |  Raw size
polyfills.js         | polyfills        |  90.20 kB |
main.js              | main             |  46.93 kB |
styles.css           | styles           |  17.20 kB |

                     | Initial total    | 154.33 kB


Server bundles
Initial chunk files  | Names            |  Raw size
polyfills.server.mjs | polyfills.server | 570.97 kB |
main.server.mjs      | main.server      |  48.25 kB |
server.mjs           | server           |   1.86 kB |

Application bundle generation complete. [0.801 seconds]

❯ Changes detected. Rebuilding...
✔ Changes detected. Rebuilding...
Browser bundles
Initial chunk files  | Names            |  Raw size
polyfills.js         | polyfills        |  90.20 kB |
main.js              | main             |  46.93 kB |
styles.css           | styles           |  17.20 kB |

                     | Initial total    | 154.33 kB


Server bundles
Initial chunk files  | Names            |  Raw size
polyfills.server.mjs | polyfills.server | 570.97 kB |
main.server.mjs      | main.server      |  48.25 kB |
server.mjs           | server           |   1.86 kB |

Application bundle generation complete. [0.752 seconds]

❯ Changes detected. Rebuilding...
✔ Changes detected. Rebuilding...
Browser bundles
Initial chunk files  | Names            |  Raw size
polyfills.js         | polyfills        |  90.20 kB |
main.js              | main             |  46.93 kB |
styles.css           | styles           |  17.20 kB |

                     | Initial total    | 154.33 kB


Server bundles
Initial chunk files  | Names            |  Raw size
polyfills.server.mjs | polyfills.server | 570.97 kB |
main.server.mjs      | main.server      |  48.25 kB |
server.mjs           | server           |   1.86 kB |

Application bundle generation complete. [0.761 seconds]

❯ Changes detected. Rebuilding...
✔ Changes detected. Rebuilding...
Browser bundles
Initial chunk files  | Names            |  Raw size
polyfills.js         | polyfills        |  90.20 kB |
main.js              | main             |  46.93 kB |
styles.css           | styles           |  17.20 kB |

                     | Initial total    | 154.33 kB


Server bundles
Initial chunk files  | Names            |  Raw size
polyfills.server.mjs | polyfills.server | 570.97 kB |
main.server.mjs      | main.server      |  48.25 kB |
server.mjs           | server           |   1.86 kB |

Application bundle generation complete. [0.737 seconds]

❯ Changes detected. Rebuilding...
✔ Changes detected. Rebuilding...
Browser bundles
Initial chunk files  | Names            |  Raw size
polyfills.js         | polyfills        |  90.20 kB |
main.js              | main             |  46.93 kB |
styles.css           | styles           |  17.20 kB |

                     | Initial total    | 154.33 kB


Server bundles
Initial chunk files  | Names            |  Raw size
polyfills.server.mjs | polyfills.server | 570.97 kB |
main.server.mjs      | main.server      |  48.25 kB |
server.mjs           | server           |   1.86 kB |

Application bundle generation complete. [0.725 seconds]

❯ Changes detected. Rebuilding...
✔ Changes detected. Rebuilding...
Browser bundles
Initial chunk files  | Names            |  Raw size
polyfills.js         | polyfills        |  90.20 kB |
main.js              | main             |  46.93 kB |
styles.css           | styles           |  17.20 kB |

                     | Initial total    | 154.33 kB


Server bundles
Initial chunk files  | Names            |  Raw size
polyfills.server.mjs | polyfills.server | 570.97 kB |
main.server.mjs      | main.server      |  48.25 kB |
server.mjs           | server           |   1.86 kB |

Application bundle generation complete. [0.774 seconds]

❯ Changes detected. Rebuilding...
✔ Changes detected. Rebuilding...
Browser bundles
Initial chunk files  | Names            |  Raw size
polyfills.js         | polyfills        |  90.20 kB |
main.js              | main             |  46.93 kB |
styles.css           | styles           |  17.20 kB |

                     | Initial total    | 154.33 kB


Server bundles
Initial chunk files  | Names            |  Raw size
polyfills.server.mjs | polyfills.server | 570.97 kB |
main.server.mjs      | main.server      |  48.25 kB |
server.mjs           | server           |   1.86 kB |

Application bundle generation complete. [0.764 seconds]

❯ Changes detected. Rebuilding...
✔ Changes detected. Rebuilding...
Browser bundles
Initial chunk files  | Names            |  Raw size
polyfills.js         | polyfills        |  90.20 kB |
main.js              | main             |  46.93 kB |
styles.css           | styles           |  17.20 kB |

                     | Initial total    | 154.33 kB


Server bundles
Initial chunk files  | Names            |  Raw size
polyfills.server.mjs | polyfills.server | 570.97 kB |
main.server.mjs      | main.server      |  48.25 kB |
server.mjs           | server           |   1.86 kB |

Application bundle generation complete. [0.805 seconds]

❯ Changes detected. Rebuilding...
✔ Changes detected. Rebuilding...
Browser bundles
Initial chunk files  | Names            |  Raw size
polyfills.js         | polyfills        |  90.20 kB |
main.js              | main             |  46.93 kB |
styles.css           | styles           |  17.20 kB |

                     | Initial total    | 154.33 kB


Server bundles
Initial chunk files  | Names            |  Raw size
polyfills.server.mjs | polyfills.server | 570.97 kB |
main.server.mjs      | main.server      |  48.25 kB |
server.mjs           | server           |   1.86 kB |

Application bundle generation complete. [0.797 seconds]

❯ Changes detected. Rebuilding...
✔ Changes detected. Rebuilding...
Browser bundles
Initial chunk files  | Names            |  Raw size
polyfills.js         | polyfills        |  90.20 kB |
main.js              | main             |  46.93 kB |
styles.css           | styles           |  17.20 kB |

                     | Initial total    | 154.33 kB


Server bundles
Initial chunk files  | Names            |  Raw size
polyfills.server.mjs | polyfills.server | 570.97 kB |
main.server.mjs      | main.server      |  48.25 kB |
server.mjs           | server           |   1.86 kB |

Application bundle generation complete. [0.790 seconds]

❯ Changes detected. Rebuilding...
✔ Changes detected. Rebuilding...
Browser bundles
Initial chunk files  | Names            |  Raw size
polyfills.js         | polyfills        |  90.20 kB |
main.js              | main             |  46.93 kB |
styles.css           | styles           |  17.20 kB |

                     | Initial total    | 154.33 kB


Server bundles
Initial chunk files  | Names            |  Raw size
polyfills.server.mjs | polyfills.server | 570.97 kB |
main.server.mjs      | main.server      |  48.25 kB |
server.mjs           | server           |   1.86 kB |

Application bundle generation complete. [0.798 seconds]

❯ Changes detected. Rebuilding...
✔ Changes detected. Rebuilding...
Browser bundles
Initial chunk files  | Names            |  Raw size
polyfills.js         | polyfills        |  90.20 kB |
main.js              | main             |  46.93 kB |
styles.css           | styles           |  17.20 kB |

                     | Initial total    | 154.33 kB


Server bundles
Initial chunk files  | Names            |  Raw size
polyfills.server.mjs | polyfills.server | 570.97 kB |
main.server.mjs      | main.server      |  48.25 kB |
server.mjs           | server           |   1.86 kB |

Application bundle generation complete. [0.822 seconds]

❯ Changes detected. Rebuilding...
✔ Changes detected. Rebuilding...
Browser bundles
Initial chunk files  | Names            |  Raw size
polyfills.js         | polyfills        |  90.20 kB |
main.js              | main             |  46.93 kB |
styles.css           | styles           |  17.20 kB |

                     | Initial total    | 154.33 kB


Server bundles
Initial chunk files  | Names            |  Raw size
polyfills.server.mjs | polyfills.server | 570.97 kB |
main.server.mjs      | main.server      |  48.25 kB |
server.mjs           | server           |   1.86 kB |

Application bundle generation complete. [0.815 seconds]

❯ Changes detected. Rebuilding...
✔ Changes detected. Rebuilding...
Browser bundles
Initial chunk files  | Names            |  Raw size
polyfills.js         | polyfills        |  90.20 kB |
main.js              | main             |  46.93 kB |
styles.css           | styles           |  17.20 kB |

                     | Initial total    | 154.33 kB


Server bundles
Initial chunk files  | Names            |  Raw size
polyfills.server.mjs | polyfills.server | 570.97 kB |
main.server.mjs      | main.server      |  48.25 kB |
server.mjs           | server           |   1.86 kB |

Application bundle generation complete. [0.828 seconds]

❯ Changes detected. Rebuilding...
✔ Changes detected. Rebuilding...
Browser bundles
Initial chunk files  | Names            |  Raw size
polyfills.js         | polyfills        |  90.20 kB |
main.js              | main             |  46.93 kB |
styles.css           | styles           |  17.20 kB |

                     | Initial total    | 154.33 kB


Server bundles
Initial chunk files  | Names            |  Raw size
polyfills.server.mjs | polyfills.server | 570.97 kB |
main.server.mjs      | main.server      |  48.25 kB |
server.mjs           | server           |   1.86 kB |

Application bundle generation complete. [0.808 seconds]

❯ Changes detected. Rebuilding...
✔ Changes detected. Rebuilding...
Browser bundles
Initial chunk files  | Names            |  Raw size
polyfills.js         | polyfills        |  90.20 kB |
main.js              | main             |  46.93 kB |
styles.css           | styles           |  17.20 kB |

                     | Initial total    | 154.33 kB


Server bundles
Initial chunk files  | Names            |  Raw size
polyfills.server.mjs | polyfills.server | 570.97 kB |
main.server.mjs      | main.server      |  48.25 kB |
server.mjs           | server           |   1.86 kB |

Application bundle generation complete. [0.811 seconds]

❯ Changes detected. Rebuilding...
✔ Changes detected. Rebuilding...
Browser bundles
Initial chunk files  | Names            |  Raw size
polyfills.js         | polyfills        |  90.20 kB |
main.js              | main             |  46.93 kB |
styles.css           | styles           |  17.20 kB |

                     | Initial total    | 154.33 kB


Server bundles
Initial chunk files  | Names            |  Raw size
polyfills.server.mjs | polyfills.server | 570.97 kB |
main.server.mjs      | main.server      |  48.25 kB |
server.mjs           | server           |   1.86 kB |

Application bundle generation complete. [0.723 seconds]

❯ Changes detected. Rebuilding...
✔ Changes detected. Rebuilding...
Browser bundles
Initial chunk files  | Names            |  Raw size
polyfills.js         | polyfills        |  90.20 kB |
main.js              | main             |  46.93 kB |
styles.css           | styles           |  17.20 kB |

                     | Initial total    | 154.33 kB


Server bundles
Initial chunk files  | Names            |  Raw size
polyfills.server.mjs | polyfills.server | 570.97 kB |
main.server.mjs      | main.server      |  48.25 kB |
server.mjs           | server           |   1.86 kB |

Application bundle generation complete. [0.715 seconds]

❯ Changes detected. Rebuilding...
✔ Changes detected. Rebuilding...
Browser bundles
Initial chunk files  | Names            |  Raw size
polyfills.js         | polyfills        |  90.20 kB |
main.js              | main             |  46.93 kB |
styles.css           | styles           |  17.20 kB |

                     | Initial total    | 154.33 kB


Server bundles
Initial chunk files  | Names            |  Raw size
polyfills.server.mjs | polyfills.server | 570.97 kB |
main.server.mjs      | main.server      |  48.25 kB |
server.mjs           | server           |   1.86 kB |

Application bundle generation complete. [0.740 seconds]

❯ Changes detected. Rebuilding...
✔ Changes detected. Rebuilding...
Browser bundles
Initial chunk files  | Names            |  Raw size
polyfills.js         | polyfills        |  90.20 kB |
main.js              | main             |  46.93 kB |
styles.css           | styles           |  17.20 kB |

                     | Initial total    | 154.33 kB


Server bundles
Initial chunk files  | Names            |  Raw size
polyfills.server.mjs | polyfills.server | 570.97 kB |
main.server.mjs      | main.server      |  48.25 kB |
server.mjs           | server           |   1.86 kB |

Application bundle generation complete. [0.765 seconds]

❯ Changes detected. Rebuilding...
✔ Changes detected. Rebuilding...
Browser bundles
Initial chunk files  | Names            |  Raw size
polyfills.js         | polyfills        |  90.20 kB |
main.js              | main             |  46.93 kB |
styles.css           | styles           |  17.20 kB |

                     | Initial total    | 154.33 kB


Server bundles
Initial chunk files  | Names            |  Raw size
polyfills.server.mjs | polyfills.server | 570.97 kB |
main.server.mjs      | main.server      |  48.25 kB |
server.mjs           | server           |   1.86 kB |

Application bundle generation complete. [0.804 seconds]

❯ Changes detected. Rebuilding...
✔ Changes detected. Rebuilding...
Browser bundles
Initial chunk files  | Names            |  Raw size
polyfills.js         | polyfills        |  90.20 kB |
main.js              | main             |  46.93 kB |
styles.css           | styles           |  17.20 kB |

                     | Initial total    | 154.33 kB


Server bundles
Initial chunk files  | Names            |  Raw size
polyfills.server.mjs | polyfills.server | 570.97 kB |
main.server.mjs      | main.server      |  48.25 kB |
server.mjs           | server           |   1.86 kB |

Application bundle generation complete. [0.807 seconds]

❯ Changes detected. Rebuilding...
✔ Changes detected. Rebuilding...
Browser bundles
Initial chunk files  | Names            |  Raw size
polyfills.js         | polyfills        |  90.20 kB |
main.js              | main             |  46.93 kB |
styles.css           | styles           |  17.20 kB |

                     | Initial total    | 154.33 kB


Server bundles
Initial chunk files  | Names            |  Raw size
polyfills.server.mjs | polyfills.server | 570.97 kB |
main.server.mjs      | main.server      |  48.25 kB |
server.mjs           | server           |   1.86 kB |

Application bundle generation complete. [0.826 seconds]

❯ Changes detected. Rebuilding...
✔ Changes detected. Rebuilding...
Browser bundles
Initial chunk files  | Names            |  Raw size
polyfills.js         | polyfills        |  90.20 kB |
main.js              | main             |  46.93 kB |
styles.css           | styles           |  17.20 kB |

                     | Initial total    | 154.33 kB


Server bundles
Initial chunk files  | Names            |  Raw size
polyfills.server.mjs | polyfills.server | 570.97 kB |
main.server.mjs      | main.server      |  48.25 kB |
server.mjs           | server           |   1.86 kB |

Application bundle generation complete. [0.851 seconds]

❯ Changes detected. Rebuilding...
✔ Changes detected. Rebuilding...
Browser bundles
Initial chunk files  | Names            |  Raw size
polyfills.js         | polyfills        |  90.20 kB |
main.js              | main             |  46.93 kB |
styles.css           | styles           |  17.20 kB |

                     | Initial total    | 154.33 kB


Server bundles
Initial chunk files  | Names            |  Raw size
polyfills.server.mjs | polyfills.server | 570.97 kB |
main.server.mjs      | main.server      |  48.25 kB |
server.mjs           | server           |   1.86 kB |

Application bundle generation complete. [0.820 seconds]

❯ Changes detected. Rebuilding...
✔ Changes detected. Rebuilding...
Browser bundles
Initial chunk files  | Names            |  Raw size
polyfills.js         | polyfills        |  90.20 kB |
main.js              | main             |  46.93 kB |
styles.css           | styles           |  17.20 kB |

                     | Initial total    | 154.33 kB


Server bundles
Initial chunk files  | Names            |  Raw size
polyfills.server.mjs | polyfills.server | 570.97 kB |
main.server.mjs      | main.server      |  48.25 kB |
server.mjs           | server           |   1.86 kB |

Application bundle generation complete. [0.808 seconds]

❯ Changes detected. Rebuilding...
✔ Changes detected. Rebuilding...
Browser bundles
Initial chunk files  | Names            |  Raw size
polyfills.js         | polyfills        |  90.20 kB |
main.js              | main             |  46.93 kB |
styles.css           | styles           |  17.20 kB |

                     | Initial total    | 154.33 kB


Server bundles
Initial chunk files  | Names            |  Raw size
polyfills.server.mjs | polyfills.server | 570.97 kB |
main.server.mjs      | main.server      |  48.25 kB |
server.mjs           | server           |   1.86 kB |

Application bundle generation complete. [0.868 seconds]

❯ Changes detected. Rebuilding...
✔ Changes detected. Rebuilding...
Browser bundles
Initial chunk files  | Names            |  Raw size
polyfills.js         | polyfills        |  90.20 kB |
main.js              | main             |  46.93 kB |
styles.css           | styles           |  17.20 kB |

                     | Initial total    | 154.33 kB


Server bundles
Initial chunk files  | Names            |  Raw size
polyfills.server.mjs | polyfills.server | 570.97 kB |
main.server.mjs      | main.server      |  48.25 kB |
server.mjs           | server           |   1.86 kB |

Application bundle generation complete. [0.824 seconds]

❯ Changes detected. Rebuilding...
✔ Changes detected. Rebuilding...
Browser bundles
Initial chunk files  | Names            |  Raw size
polyfills.js         | polyfills        |  90.20 kB |
main.js              | main             |  46.93 kB |
styles.css           | styles           |  17.20 kB |

                     | Initial total    | 154.33 kB


Server bundles
Initial chunk files  | Names            |  Raw size
polyfills.server.mjs | polyfills.server | 570.97 kB |
main.server.mjs      | main.server      |  48.25 kB |
server.mjs           | server           |   1.86 kB |

Application bundle generation complete. [0.811 seconds]

❯ Changes detected. Rebuilding...
✔ Changes detected. Rebuilding...
Browser bundles
Initial chunk files  | Names            |  Raw size
polyfills.js         | polyfills        |  90.20 kB |
main.js              | main             |  46.93 kB |
styles.css           | styles           |  17.20 kB |

                     | Initial total    | 154.33 kB


Server bundles
Initial chunk files  | Names            |  Raw size
polyfills.server.mjs | polyfills.server | 570.97 kB |
main.server.mjs      | main.server      |  48.25 kB |
server.mjs           | server           |   1.86 kB |

Application bundle generation complete. [0.822 seconds]

❯ Changes detected. Rebuilding...
✔ Changes detected. Rebuilding...
Browser bundles
Initial chunk files  | Names            |  Raw size
polyfills.js         | polyfills        |  90.20 kB |
main.js              | main             |  46.93 kB |
styles.css           | styles           |  17.20 kB |

                     | Initial total    | 154.33 kB


Server bundles
Initial chunk files  | Names            |  Raw size
polyfills.server.mjs | polyfills.server | 570.97 kB |
main.server.mjs      | main.server      |  48.25 kB |
server.mjs           | server           |   1.86 kB |

Application bundle generation complete. [0.807 seconds]

❯ Changes detected. Rebuilding...
✔ Changes detected. Rebuilding...
Browser bundles
Initial chunk files  | Names            |  Raw size
polyfills.js         | polyfills        |  90.20 kB |
main.js              | main             |  46.93 kB |
styles.css           | styles           |  17.20 kB |

                     | Initial total    | 154.33 kB


Server bundles
Initial chunk files  | Names            |  Raw size
polyfills.server.mjs | polyfills.server | 570.97 kB |
main.server.mjs      | main.server      |  48.25 kB |
server.mjs           | server           |   1.86 kB |

Application bundle generation complete. [0.796 seconds]

❯ Changes detected. Rebuilding...
✔ Changes detected. Rebuilding...
Browser bundles
Initial chunk files  | Names            |  Raw size
polyfills.js         | polyfills        |  90.20 kB |
main.js              | main             |  46.93 kB |
styles.css           | styles           |  17.20 kB |

                     | Initial total    | 154.33 kB


Server bundles
Initial chunk files  | Names            |  Raw size
polyfills.server.mjs | polyfills.server | 570.97 kB |
main.server.mjs      | main.server      |  48.25 kB |
server.mjs           | server           |   1.86 kB |

Application bundle generation complete. [0.749 seconds]

❯ Changes detected. Rebuilding...
✔ Changes detected. Rebuilding...
Browser bundles
Initial chunk files  | Names            |  Raw size
polyfills.js         | polyfills        |  90.20 kB |
main.js              | main             |  46.93 kB |
styles.css           | styles           |  17.20 kB |

                     | Initial total    | 154.33 kB


Server bundles
Initial chunk files  | Names            |  Raw size
polyfills.server.mjs | polyfills.server | 570.97 kB |
main.server.mjs      | main.server      |  48.25 kB |
server.mjs           | server           |   1.86 kB |

Application bundle generation complete. [0.799 seconds]

❯ Changes detected. Rebuilding...
✔ Changes detected. Rebuilding...
Browser bundles
Initial chunk files  | Names            |  Raw size
polyfills.js         | polyfills        |  90.20 kB |
main.js              | main             |  46.93 kB |
styles.css           | styles           |  17.20 kB |

                     | Initial total    | 154.33 kB


Server bundles
Initial chunk files  | Names            |  Raw size
polyfills.server.mjs | polyfills.server | 570.97 kB |
main.server.mjs      | main.server      |  48.25 kB |
server.mjs           | server           |   1.86 kB |

Application bundle generation complete. [0.766 seconds]

❯ Changes detected. Rebuilding...
✔ Changes detected. Rebuilding...
Browser bundles
Initial chunk files  | Names            |  Raw size
polyfills.js         | polyfills        |  90.20 kB |
main.js              | main             |  46.93 kB |
styles.css           | styles           |  17.20 kB |

                     | Initial total    | 154.33 kB


Server bundles
Initial chunk files  | Names            |  Raw size
polyfills.server.mjs | polyfills.server | 570.97 kB |
main.server.mjs      | main.server      |  48.25 kB |
server.mjs           | server           |   1.86 kB |

Application bundle generation complete. [0.787 seconds]

❯ Changes detected. Rebuilding...
✔ Changes detected. Rebuilding...
Browser bundles
Initial chunk files  | Names            |  Raw size
polyfills.js         | polyfills        |  90.20 kB |
main.js              | main             |  46.93 kB |
styles.css           | styles           |  17.20 kB |

                     | Initial total    | 154.33 kB


Server bundles
Initial chunk files  | Names            |  Raw size
polyfills.server.mjs | polyfills.server | 570.97 kB |
main.server.mjs      | main.server      |  48.25 kB |
server.mjs           | server           |   1.86 kB |

Application bundle generation complete. [0.765 seconds]

❯ Changes detected. Rebuilding...
✔ Changes detected. Rebuilding...
Browser bundles
Initial chunk files  | Names            |  Raw size
polyfills.js         | polyfills        |  90.20 kB |
main.js              | main             |  46.93 kB |
styles.css           | styles           |  17.20 kB |

                     | Initial total    | 154.33 kB


Server bundles
Initial chunk files  | Names            |  Raw size
polyfills.server.mjs | polyfills.server | 570.97 kB |
main.server.mjs      | main.server      |  48.25 kB |
server.mjs           | server           |   1.86 kB |

Application bundle generation complete. [0.788 seconds]

❯ Changes detected. Rebuilding...
✔ Changes detected. Rebuilding...
Browser bundles
Initial chunk files  | Names            |  Raw size
polyfills.js         | polyfills        |  90.20 kB |
main.js              | main             |  46.93 kB |
styles.css           | styles           |  17.20 kB |

                     | Initial total    | 154.33 kB


Server bundles
Initial chunk files  | Names            |  Raw size
polyfills.server.mjs | polyfills.server | 570.97 kB |
main.server.mjs      | main.server      |  48.25 kB |
server.mjs           | server           |   1.86 kB |

Application bundle generation complete. [0.788 seconds]

❯ Changes detected. Rebuilding...
✔ Changes detected. Rebuilding...
Browser bundles
Initial chunk files  | Names            |  Raw size
polyfills.js         | polyfills        |  90.20 kB |
main.js              | main             |  46.93 kB |
styles.css           | styles           |  17.20 kB |

                     | Initial total    | 154.33 kB


Server bundles
Initial chunk files  | Names            |  Raw size
polyfills.server.mjs | polyfills.server | 570.97 kB |
main.server.mjs      | main.server      |  48.25 kB |
server.mjs           | server           |   1.86 kB |

Application bundle generation complete. [0.839 seconds]

❯ Changes detected. Rebuilding...
✔ Changes detected. Rebuilding...
Browser bundles
Initial chunk files  | Names            |  Raw size
polyfills.js         | polyfills        |  90.20 kB |
main.js              | main             |  46.93 kB |
styles.css           | styles           |  17.20 kB |

                     | Initial total    | 154.33 kB


Server bundles
Initial chunk files  | Names            |  Raw size
polyfills.server.mjs | polyfills.server | 570.97 kB |
main.server.mjs      | main.server      |  48.25 kB |
server.mjs           | server           |   1.86 kB |

Application bundle generation complete. [0.841 seconds]

❯ Changes detected. Rebuilding...
✔ Changes detected. Rebuilding...
Browser bundles
Initial chunk files  | Names            |  Raw size
polyfills.js         | polyfills        |  90.20 kB |
main.js              | main             |  46.93 kB |
styles.css           | styles           |  17.20 kB |

                     | Initial total    | 154.33 kB


Server bundles
Initial chunk files  | Names            |  Raw size
polyfills.server.mjs | polyfills.server | 570.97 kB |
main.server.mjs      | main.server      |  48.25 kB |
server.mjs           | server           |   1.86 kB |

Application bundle generation complete. [0.822 seconds]

❯ Changes detected. Rebuilding...
✔ Changes detected. Rebuilding...
Browser bundles
Initial chunk files  | Names            |  Raw size
polyfills.js         | polyfills        |  90.20 kB |
main.js              | main             |  46.93 kB |
styles.css           | styles           |  17.20 kB |

                     | Initial total    | 154.33 kB


Server bundles
Initial chunk files  | Names            |  Raw size
polyfills.server.mjs | polyfills.server | 570.97 kB |
main.server.mjs      | main.server      |  48.25 kB |
server.mjs           | server           |   1.86 kB |

Application bundle generation complete. [0.786 seconds]

❯ Changes detected. Rebuilding...
✔ Changes detected. Rebuilding...
Browser bundles
Initial chunk files  | Names            |  Raw size
polyfills.js         | polyfills        |  90.20 kB |
main.js              | main             |  46.93 kB |
styles.css           | styles           |  17.20 kB |

                     | Initial total    | 154.33 kB


Server bundles
Initial chunk files  | Names            |  Raw size
polyfills.server.mjs | polyfills.server | 570.97 kB |
main.server.mjs      | main.server      |  48.25 kB |
server.mjs           | server           |   1.86 kB |

Application bundle generation complete. [0.812 seconds]

❯ Changes detected. Rebuilding...
✔ Changes detected. Rebuilding...
Browser bundles
Initial chunk files  | Names            |  Raw size
polyfills.js         | polyfills        |  90.20 kB |
main.js              | main             |  46.93 kB |
styles.css           | styles           |  17.20 kB |

                     | Initial total    | 154.33 kB


Server bundles
Initial chunk files  | Names            |  Raw size
polyfills.server.mjs | polyfills.server | 570.97 kB |
main.server.mjs      | main.server      |  48.25 kB |
server.mjs           | server           |   1.86 kB |

Application bundle generation complete. [0.774 seconds]

❯ Changes detected. Rebuilding...
✔ Changes detected. Rebuilding...
Browser bundles
Initial chunk files  | Names            |  Raw size
polyfills.js         | polyfills        |  90.20 kB |
main.js              | main             |  46.93 kB |
styles.css           | styles           |  17.20 kB |

                     | Initial total    | 154.33 kB


Server bundles
Initial chunk files  | Names            |  Raw size
polyfills.server.mjs | polyfills.server | 570.97 kB |
main.server.mjs      | main.server      |  48.25 kB |
server.mjs           | server           |   1.86 kB |

Application bundle generation complete. [0.795 seconds]

❯ Changes detected. Rebuilding...
✔ Changes detected. Rebuilding...
Browser bundles
Initial chunk files  | Names            |  Raw size
polyfills.js         | polyfills        |  90.20 kB |
main.js              | main             |  46.93 kB |
styles.css           | styles           |  17.20 kB |

                     | Initial total    | 154.33 kB


Server bundles
Initial chunk files  | Names            |  Raw size
polyfills.server.mjs | polyfills.server | 570.97 kB |
main.server.mjs      | main.server      |  48.25 kB |
server.mjs           | server           |   1.86 kB |

Application bundle generation complete. [0.843 seconds]

❯ Changes detected. Rebuilding...
✔ Changes detected. Rebuilding...
Browser bundles
Initial chunk files  | Names            |  Raw size
polyfills.js         | polyfills        |  90.20 kB |
main.js              | main             |  46.93 kB |
styles.css           | styles           |  17.20 kB |

                     | Initial total    | 154.33 kB


Server bundles
Initial chunk files  | Names            |  Raw size
polyfills.server.mjs | polyfills.server | 570.97 kB |
main.server.mjs      | main.server      |  48.25 kB |
server.mjs           | server           |   1.86 kB |

Application bundle generation complete. [0.871 seconds]

❯ Changes detected. Rebuilding...
✔ Changes detected. Rebuilding...
Browser bundles
Initial chunk files  | Names            |  Raw size
polyfills.js         | polyfills        |  90.20 kB |
main.js              | main             |  46.93 kB |
styles.css           | styles           |  17.20 kB |

                     | Initial total    | 154.33 kB


Server bundles
Initial chunk files  | Names            |  Raw size
polyfills.server.mjs | polyfills.server | 570.97 kB |
main.server.mjs      | main.server      |  48.25 kB |
server.mjs           | server           |   1.86 kB |

Application bundle generation complete. [0.869 seconds]

❯ Changes detected. Rebuilding...
✔ Changes detected. Rebuilding...
Browser bundles
Initial chunk files  | Names            |  Raw size
polyfills.js         | polyfills        |  90.20 kB |
main.js              | main             |  46.93 kB |
styles.css           | styles           |  17.20 kB |

                     | Initial total    | 154.33 kB


Server bundles
Initial chunk files  | Names            |  Raw size
polyfills.server.mjs | polyfills.server | 570.97 kB |
main.server.mjs      | main.server      |  48.25 kB |
server.mjs           | server           |   1.86 kB |

Application bundle generation complete. [0.855 seconds]

❯ Changes detected. Rebuilding...
✔ Changes detected. Rebuilding...
Browser bundles
Initial chunk files  | Names            |  Raw size
polyfills.js         | polyfills        |  90.20 kB |
main.js              | main             |  46.93 kB |
styles.css           | styles           |  17.20 kB |

                     | Initial total    | 154.33 kB


Server bundles
Initial chunk files  | Names            |  Raw size
polyfills.server.mjs | polyfills.server | 570.97 kB |
main.server.mjs      | main.server      |  48.25 kB |
server.mjs           | server           |   1.86 kB |

Application bundle generation complete. [0.877 seconds]

❯ Changes detected. Rebuilding...
✔ Changes detected. Rebuilding...
Browser bundles
Initial chunk files  | Names            |  Raw size
polyfills.js         | polyfills        |  90.20 kB |
main.js              | main             |  46.93 kB |
styles.css           | styles           |  17.20 kB |

                     | Initial total    | 154.33 kB


Server bundles
Initial chunk files  | Names            |  Raw size
polyfills.server.mjs | polyfills.server | 570.97 kB |
main.server.mjs      | main.server      |  48.25 kB |
server.mjs           | server           |   1.86 kB |

Application bundle generation complete. [0.836 seconds]

❯ Changes detected. Rebuilding...
✔ Changes detected. Rebuilding...
Browser bundles
Initial chunk files  | Names            |  Raw size
polyfills.js         | polyfills        |  90.20 kB |
main.js              | main             |  46.93 kB |
styles.css           | styles           |  17.20 kB |

                     | Initial total    | 154.33 kB


Server bundles
Initial chunk files  | Names            |  Raw size
polyfills.server.mjs | polyfills.server | 570.97 kB |
main.server.mjs      | main.server      |  48.25 kB |
server.mjs           | server           |   1.86 kB |

Application bundle generation complete. [0.825 seconds]

❯ Changes detected. Rebuilding...
✔ Changes detected. Rebuilding...
Browser bundles
Initial chunk files  | Names            |  Raw size
polyfills.js         | polyfills        |  90.20 kB |
main.js              | main             |  46.93 kB |
styles.css           | styles           |  17.20 kB |

                     | Initial total    | 154.33 kB


Server bundles
Initial chunk files  | Names            |  Raw size
polyfills.server.mjs | polyfills.server | 570.97 kB |
main.server.mjs      | main.server      |  48.25 kB |
server.mjs           | server           |   1.86 kB |

Application bundle generation complete. [0.774 seconds]

❯ Changes detected. Rebuilding...
✔ Changes detected. Rebuilding...
Browser bundles
Initial chunk files  | Names            |  Raw size
polyfills.js         | polyfills        |  90.20 kB |
main.js              | main             |  46.93 kB |
styles.css           | styles           |  17.20 kB |

                     | Initial total    | 154.33 kB


Server bundles
Initial chunk files  | Names            |  Raw size
polyfills.server.mjs | polyfills.server | 570.97 kB |
main.server.mjs      | main.server      |  48.25 kB |
server.mjs           | server           |   1.86 kB |

Application bundle generation complete. [0.803 seconds]

❯ Changes detected. Rebuilding...
✔ Changes detected. Rebuilding...
Browser bundles
Initial chunk files  | Names            |  Raw size
polyfills.js         | polyfills        |  90.20 kB |
main.js              | main             |  46.93 kB |
styles.css           | styles           |  17.20 kB |

                     | Initial total    | 154.33 kB


Server bundles
Initial chunk files  | Names            |  Raw size
polyfills.server.mjs | polyfills.server | 570.97 kB |
main.server.mjs      | main.server      |  48.25 kB |
server.mjs           | server           |   1.86 kB |

Application bundle generation complete. [0.783 seconds]

❯ Changes detected. Rebuilding...
✔ Changes detected. Rebuilding...
Browser bundles
Initial chunk files  | Names            |  Raw size
polyfills.js         | polyfills        |  90.20 kB |
main.js              | main             |  46.93 kB |
styles.css           | styles           |  17.20 kB |

                     | Initial total    | 154.33 kB


Server bundles
Initial chunk files  | Names            |  Raw size
polyfills.server.mjs | polyfills.server | 570.97 kB |
main.server.mjs      | main.server      |  48.25 kB |
server.mjs           | server           |   1.86 kB |

Application bundle generation complete. [0.832 seconds]

❯ Changes detected. Rebuilding...
✔ Changes detected. Rebuilding...
Browser bundles
Initial chunk files  | Names            |  Raw size
polyfills.js         | polyfills        |  90.20 kB |
main.js              | main             |  46.93 kB |
styles.css           | styles           |  17.20 kB |

                     | Initial total    | 154.33 kB


Server bundles
Initial chunk files  | Names            |  Raw size
polyfills.server.mjs | polyfills.server | 570.97 kB |
main.server.mjs      | main.server      |  48.25 kB |
server.mjs           | server           |   1.86 kB |

Application bundle generation complete. [0.836 seconds]

❯ Changes detected. Rebuilding...
✔ Changes detected. Rebuilding...
Browser bundles
Initial chunk files  | Names            |  Raw size
polyfills.js         | polyfills        |  90.20 kB |
main.js              | main             |  46.93 kB |
styles.css           | styles           |  17.20 kB |

                     | Initial total    | 154.33 kB


Server bundles
Initial chunk files  | Names            |  Raw size
polyfills.server.mjs | polyfills.server | 570.97 kB |
main.server.mjs      | main.server      |  48.25 kB |
server.mjs           | server           |   1.86 kB |

Application bundle generation complete. [0.939 seconds]

❯ Changes detected. Rebuilding...
✔ Changes detected. Rebuilding...
Browser bundles
Initial chunk files  | Names            |  Raw size
polyfills.js         | polyfills        |  90.20 kB |
main.js              | main             |  46.93 kB |
styles.css           | styles           |  17.20 kB |

                     | Initial total    | 154.33 kB


Server bundles
Initial chunk files  | Names            |  Raw size
polyfills.server.mjs | polyfills.server | 570.97 kB |
main.server.mjs      | main.server      |  48.25 kB |
server.mjs           | server           |   1.86 kB |

Application bundle generation complete. [0.779 seconds]

❯ Changes detected. Rebuilding...
✔ Changes detected. Rebuilding...
Browser bundles
Initial chunk files  | Names            |  Raw size
polyfills.js         | polyfills        |  90.20 kB |
main.js              | main             |  46.93 kB |
styles.css           | styles           |  17.20 kB |

                     | Initial total    | 154.33 kB


Server bundles
Initial chunk files  | Names            |  Raw size
polyfills.server.mjs | polyfills.server | 570.97 kB |
main.server.mjs      | main.server      |  48.25 kB |
server.mjs           | server           |   1.86 kB |

Application bundle generation complete. [0.786 seconds]

❯ Changes detected. Rebuilding...
✔ Changes detected. Rebuilding...
Browser bundles
Initial chunk files  | Names            |  Raw size
polyfills.js         | polyfills        |  90.20 kB |
main.js              | main             |  46.93 kB |
styles.css           | styles           |  17.20 kB |

                     | Initial total    | 154.33 kB


Server bundles
Initial chunk files  | Names            |  Raw size
polyfills.server.mjs | polyfills.server | 570.97 kB |
main.server.mjs      | main.server      |  48.25 kB |
server.mjs           | server           |   1.86 kB |

Application bundle generation complete. [0.843 seconds]

❯ Changes detected. Rebuilding...
✔ Changes detected. Rebuilding...
Browser bundles
Initial chunk files  | Names            |  Raw size
polyfills.js         | polyfills        |  90.20 kB |
main.js              | main             |  46.93 kB |
styles.css           | styles           |  17.20 kB |

                     | Initial total    | 154.33 kB


Server bundles
Initial chunk files  | Names            |  Raw size
polyfills.server.mjs | polyfills.server | 570.97 kB |
main.server.mjs      | main.server      |  48.25 kB |
server.mjs           | server           |   1.86 kB |

Application bundle generation complete. [0.864 seconds]

❯ Changes detected. Rebuilding...
✔ Changes detected. Rebuilding...
Browser bundles
Initial chunk files  | Names            |  Raw size
polyfills.js         | polyfills        |  90.20 kB |
main.js              | main             |  46.93 kB |
styles.css           | styles           |  17.20 kB |

                     | Initial total    | 154.33 kB


Server bundles
Initial chunk files  | Names            |  Raw size
polyfills.server.mjs | polyfills.server | 570.97 kB |
main.server.mjs      | main.server      |  48.25 kB |
server.mjs           | server           |   1.86 kB |

Application bundle generation complete. [0.881 seconds]

❯ Changes detected. Rebuilding...
✔ Changes detected. Rebuilding...
Browser bundles
Initial chunk files  | Names            |  Raw size
polyfills.js         | polyfills        |  90.20 kB |
main.js              | main             |  46.93 kB |
styles.css           | styles           |  17.20 kB |

                     | Initial total    | 154.33 kB


Server bundles
Initial chunk files  | Names            |  Raw size
polyfills.server.mjs | polyfills.server | 570.97 kB |
main.server.mjs      | main.server      |  48.25 kB |
server.mjs           | server           |   1.86 kB |

Application bundle generation complete. [0.827 seconds]

❯ Changes detected. Rebuilding...
✔ Changes detected. Rebuilding...
Browser bundles
Initial chunk files  | Names            |  Raw size
polyfills.js         | polyfills        |  90.20 kB |
main.js              | main             |  46.93 kB |
styles.css           | styles           |  17.20 kB |

                     | Initial total    | 154.33 kB


Server bundles
Initial chunk files  | Names            |  Raw size
polyfills.server.mjs | polyfills.server | 570.97 kB |
main.server.mjs      | main.server      |  48.25 kB |
server.mjs           | server           |   1.86 kB |

Application bundle generation complete. [0.847 seconds]

❯ Changes detected. Rebuilding...
✔ Changes detected. Rebuilding...
Browser bundles
Initial chunk files  | Names            |  Raw size
polyfills.js         | polyfills        |  90.20 kB |
main.js              | main             |  46.93 kB |
styles.css           | styles           |  17.20 kB |

                     | Initial total    | 154.33 kB


Server bundles
Initial chunk files  | Names            |  Raw size
polyfills.server.mjs | polyfills.server | 570.97 kB |
main.server.mjs      | main.server      |  48.25 kB |
server.mjs           | server           |   1.86 kB |

Application bundle generation complete. [0.853 seconds]

❯ Changes detected. Rebuilding...
✔ Changes detected. Rebuilding...
Browser bundles
Initial chunk files  | Names            |  Raw size
polyfills.js         | polyfills        |  90.20 kB |
main.js              | main             |  46.93 kB |
styles.css           | styles           |  17.20 kB |

                     | Initial total    | 154.33 kB


Server bundles
Initial chunk files  | Names            |  Raw size
polyfills.server.mjs | polyfills.server | 570.97 kB |
main.server.mjs      | main.server      |  48.25 kB |
server.mjs           | server           |   1.86 kB |

Application bundle generation complete. [0.872 seconds]

❯ Changes detected. Rebuilding...
✔ Changes detected. Rebuilding...
Browser bundles
Initial chunk files  | Names            |  Raw size
polyfills.js         | polyfills        |  90.20 kB |
main.js              | main             |  46.93 kB |
styles.css           | styles           |  17.20 kB |

                     | Initial total    | 154.33 kB


Server bundles
Initial chunk files  | Names            |  Raw size
polyfills.server.mjs | polyfills.server | 570.97 kB |
main.server.mjs      | main.server      |  48.25 kB |
server.mjs           | server           |   1.86 kB |

Application bundle generation complete. [0.892 seconds]

❯ Changes detected. Rebuilding...
✔ Changes detected. Rebuilding...
Browser bundles
Initial chunk files  | Names            |  Raw size
polyfills.js         | polyfills        |  90.20 kB |
main.js              | main             |  46.93 kB |
styles.css           | styles           |  17.20 kB |

                     | Initial total    | 154.33 kB


Server bundles
Initial chunk files  | Names            |  Raw size
polyfills.server.mjs | polyfills.server | 570.97 kB |
main.server.mjs      | main.server      |  48.25 kB |
server.mjs           | server           |   1.86 kB |

Application bundle generation complete. [0.923 seconds]

❯ Changes detected. Rebuilding...
✔ Changes detected. Rebuilding...
Browser bundles
Initial chunk files  | Names            |  Raw size
polyfills.js         | polyfills        |  90.20 kB |
main.js              | main             |  46.93 kB |
styles.css           | styles           |  17.20 kB |

                     | Initial total    | 154.33 kB


Server bundles
Initial chunk files  | Names            |  Raw size
polyfills.server.mjs | polyfills.server | 570.97 kB |
main.server.mjs      | main.server      |  48.25 kB |
server.mjs           | server           |   1.86 kB |

Application bundle generation complete. [0.883 seconds]

❯ Changes detected. Rebuilding...
✔ Changes detected. Rebuilding...
Browser bundles
Initial chunk files  | Names            |  Raw size
polyfills.js         | polyfills        |  90.20 kB |
main.js              | main             |  46.93 kB |
styles.css           | styles           |  17.20 kB |

                     | Initial total    | 154.33 kB


Server bundles
Initial chunk files  | Names            |  Raw size
polyfills.server.mjs | polyfills.server | 570.97 kB |
main.server.mjs      | main.server      |  48.25 kB |
server.mjs           | server           |   1.86 kB |

Application bundle generation complete. [0.891 seconds]

❯ Changes detected. Rebuilding...
✔ Changes detected. Rebuilding...
Browser bundles
Initial chunk files  | Names            |  Raw size
polyfills.js         | polyfills        |  90.20 kB |
main.js              | main             |  46.93 kB |
styles.css           | styles           |  17.20 kB |

                     | Initial total    | 154.33 kB


Server bundles
Initial chunk files  | Names            |  Raw size
polyfills.server.mjs | polyfills.server | 570.97 kB |
main.server.mjs      | main.server      |  48.25 kB |
server.mjs           | server           |   1.86 kB |

Application bundle generation complete. [0.894 seconds]

❯ Changes detected. Rebuilding...
✔ Changes detected. Rebuilding...
Browser bundles
Initial chunk files  | Names            |  Raw size
polyfills.js         | polyfills        |  90.20 kB |
main.js              | main             |  46.93 kB |
styles.css           | styles           |  17.20 kB |

                     | Initial total    | 154.33 kB


Server bundles
Initial chunk files  | Names            |  Raw size
polyfills.server.mjs | polyfills.server | 570.97 kB |
main.server.mjs      | main.server      |  48.25 kB |
server.mjs           | server           |   1.86 kB |

Application bundle generation complete. [0.901 seconds]

❯ Changes detected. Rebuilding...
✔ Changes detected. Rebuilding...
Browser bundles
Initial chunk files  | Names            |  Raw size
polyfills.js         | polyfills        |  90.20 kB |
main.js              | main             |  46.93 kB |
styles.css           | styles           |  17.20 kB |

                     | Initial total    | 154.33 kB


Server bundles
Initial chunk files  | Names            |  Raw size
polyfills.server.mjs | polyfills.server | 570.97 kB |
main.server.mjs      | main.server      |  48.25 kB |
server.mjs           | server           |   1.86 kB |

Application bundle generation complete. [0.896 seconds]

❯ Changes detected. Rebuilding...
✔ Changes detected. Rebuilding...
Browser bundles
Initial chunk files  | Names            |  Raw size
polyfills.js         | polyfills        |  90.20 kB |
main.js              | main             |  46.93 kB |
styles.css           | styles           |  17.20 kB |

                     | Initial total    | 154.33 kB


Server bundles
Initial chunk files  | Names            |  Raw size
polyfills.server.mjs | polyfills.server | 570.97 kB |
main.server.mjs      | main.server      |  48.25 kB |
server.mjs           | server           |   1.86 kB |

Application bundle generation complete. [0.879 seconds]

❯ Changes detected. Rebuilding...
✔ Changes detected. Rebuilding...
Browser bundles
Initial chunk files  | Names            |  Raw size
polyfills.js         | polyfills        |  90.20 kB |
main.js              | main             |  46.93 kB |
styles.css           | styles           |  17.20 kB |

                     | Initial total    | 154.33 kB


Server bundles
Initial chunk files  | Names            |  Raw size
polyfills.server.mjs | polyfills.server | 570.97 kB |
main.server.mjs      | main.server      |  48.25 kB |
server.mjs           | server           |   1.86 kB |

Application bundle generation complete. [0.818 seconds]

❯ Changes detected. Rebuilding...
✔ Changes detected. Rebuilding...
Browser bundles
Initial chunk files  | Names            |  Raw size
polyfills.js         | polyfills        |  90.20 kB |
main.js              | main             |  46.93 kB |
styles.css           | styles           |  17.20 kB |

                     | Initial total    | 154.33 kB


Server bundles
Initial chunk files  | Names            |  Raw size
polyfills.server.mjs | polyfills.server | 570.97 kB |
main.server.mjs      | main.server      |  48.25 kB |
server.mjs           | server           |   1.86 kB |

Application bundle generation complete. [0.810 seconds]

❯ Changes detected. Rebuilding...
✔ Changes detected. Rebuilding...
Browser bundles
Initial chunk files  | Names            |  Raw size
polyfills.js         | polyfills        |  90.20 kB |
main.js              | main             |  46.93 kB |
styles.css           | styles           |  17.20 kB |

                     | Initial total    | 154.33 kB


Server bundles
Initial chunk files  | Names            |  Raw size
polyfills.server.mjs | polyfills.server | 570.97 kB |
main.server.mjs      | main.server      |  48.25 kB |
server.mjs           | server           |   1.86 kB |

Application bundle generation complete. [0.906 seconds]

❯ Changes detected. Rebuilding...
✔ Changes detected. Rebuilding...
Browser bundles
Initial chunk files  | Names            |  Raw size
polyfills.js         | polyfills        |  90.20 kB |
main.js              | main             |  46.93 kB |
styles.css           | styles           |  17.20 kB |

                     | Initial total    | 154.33 kB


Server bundles
Initial chunk files  | Names            |  Raw size
polyfills.server.mjs | polyfills.server | 570.97 kB |
main.server.mjs      | main.server      |  48.25 kB |
server.mjs           | server           |   1.86 kB |

Application bundle generation complete. [0.875 seconds]

❯ Changes detected. Rebuilding...
✔ Changes detected. Rebuilding...
Browser bundles
Initial chunk files  | Names            |  Raw size
polyfills.js         | polyfills        |  90.20 kB |
main.js              | main             |  46.93 kB |
styles.css           | styles           |  17.20 kB |

                     | Initial total    | 154.33 kB


Server bundles
Initial chunk files  | Names            |  Raw size
polyfills.server.mjs | polyfills.server | 570.97 kB |
main.server.mjs      | main.server      |  48.25 kB |
server.mjs           | server           |   1.86 kB |

Application bundle generation complete. [0.857 seconds]

❯ Changes detected. Rebuilding...
✔ Changes detected. Rebuilding...
Browser bundles
Initial chunk files  | Names            |  Raw size
polyfills.js         | polyfills        |  90.20 kB |
main.js              | main             |  46.93 kB |
styles.css           | styles           |  17.20 kB |

                     | Initial total    | 154.33 kB


Server bundles
Initial chunk files  | Names            |  Raw size
polyfills.server.mjs | polyfills.server | 570.97 kB |
main.server.mjs      | main.server      |  48.25 kB |
server.mjs           | server           |   1.86 kB |

Application bundle generation complete. [0.892 seconds]

❯ Changes detected. Rebuilding...
✔ Changes detected. Rebuilding...
Browser bundles
Initial chunk files  | Names            |  Raw size
polyfills.js         | polyfills        |  90.20 kB |
main.js              | main             |  46.93 kB |
styles.css           | styles           |  17.20 kB |

                     | Initial total    | 154.33 kB


Server bundles
Initial chunk files  | Names            |  Raw size
polyfills.server.mjs | polyfills.server | 570.97 kB |
main.server.mjs      | main.server      |  48.25 kB |
server.mjs           | server           |   1.86 kB |

Application bundle generation complete. [0.917 seconds]

❯ Changes detected. Rebuilding...
✔ Changes detected. Rebuilding...
Browser bundles
Initial chunk files  | Names            |  Raw size
polyfills.js         | polyfills        |  90.20 kB |
main.js              | main             |  46.93 kB |
styles.css           | styles           |  17.20 kB |

                     | Initial total    | 154.33 kB


Server bundles
Initial chunk files  | Names            |  Raw size
polyfills.server.mjs | polyfills.server | 570.97 kB |
main.server.mjs      | main.server      |  48.25 kB |
server.mjs           | server           |   1.86 kB |

Application bundle generation complete. [0.948 seconds]

❯ Changes detected. Rebuilding...
✔ Changes detected. Rebuilding...
Browser bundles
Initial chunk files  | Names            |  Raw size
polyfills.js         | polyfills        |  90.20 kB |
main.js              | main             |  46.93 kB |
styles.css           | styles           |  17.20 kB |

                     | Initial total    | 154.33 kB


Server bundles
Initial chunk files  | Names            |  Raw size
polyfills.server.mjs | polyfills.server | 570.97 kB |
main.server.mjs      | main.server      |  48.25 kB |
server.mjs           | server           |   1.86 kB |

Application bundle generation complete. [0.950 seconds]

❯ Changes detected. Rebuilding...
✔ Changes detected. Rebuilding...
Browser bundles
Initial chunk files  | Names            |  Raw size
polyfills.js         | polyfills        |  90.20 kB |
main.js              | main             |  46.93 kB |
styles.css           | styles           |  17.20 kB |

                     | Initial total    | 154.33 kB


Server bundles
Initial chunk files  | Names            |  Raw size
polyfills.server.mjs | polyfills.server | 570.97 kB |
main.server.mjs      | main.server      |  48.25 kB |
server.mjs           | server           |   1.86 kB |

Application bundle generation complete. [0.952 seconds]

❯ Changes detected. Rebuilding...
✔ Changes detected. Rebuilding...
Browser bundles
Initial chunk files  | Names            |  Raw size
polyfills.js         | polyfills        |  90.20 kB |
main.js              | main             |  46.93 kB |
styles.css           | styles           |  17.20 kB |

                     | Initial total    | 154.33 kB


Server bundles
Initial chunk files  | Names            |  Raw size
polyfills.server.mjs | polyfills.server | 570.97 kB |
main.server.mjs      | main.server      |  48.25 kB |
server.mjs           | server           |   1.86 kB |

Application bundle generation complete. [0.942 seconds]

❯ Changes detected. Rebuilding...
✔ Changes detected. Rebuilding...
Browser bundles
Initial chunk files  | Names            |  Raw size
polyfills.js         | polyfills        |  90.20 kB |
main.js              | main             |  46.93 kB |
styles.css           | styles           |  17.20 kB |

                     | Initial total    | 154.33 kB


Server bundles
Initial chunk files  | Names            |  Raw size
polyfills.server.mjs | polyfills.server | 570.97 kB |
main.server.mjs      | main.server      |  48.25 kB |
server.mjs           | server           |   1.86 kB |

Application bundle generation complete. [0.924 seconds]

❯ Changes detected. Rebuilding...
✔ Changes detected. Rebuilding...
Browser bundles
Initial chunk files  | Names            |  Raw size
polyfills.js         | polyfills        |  90.20 kB |
main.js              | main             |  46.93 kB |
styles.css           | styles           |  17.20 kB |

                     | Initial total    | 154.33 kB


Server bundles
Initial chunk files  | Names            |  Raw size
polyfills.server.mjs | polyfills.server | 570.97 kB |
main.server.mjs      | main.server      |  48.25 kB |
server.mjs           | server           |   1.86 kB |

Application bundle generation complete. [0.951 seconds]

❯ Changes detected. Rebuilding...
✔ Changes detected. Rebuilding...
Browser bundles
Initial chunk files  | Names            |  Raw size
polyfills.js         | polyfills        |  90.20 kB |
main.js              | main             |  46.93 kB |
styles.css           | styles           |  17.20 kB |

                     | Initial total    | 154.33 kB


Server bundles
Initial chunk files  | Names            |  Raw size
polyfills.server.mjs | polyfills.server | 570.97 kB |
main.server.mjs      | main.server      |  48.25 kB |
server.mjs           | server           |   1.86 kB |

Application bundle generation complete. [0.889 seconds]

❯ Changes detected. Rebuilding...
✔ Changes detected. Rebuilding...
Browser bundles
Initial chunk files  | Names            |  Raw size
polyfills.js         | polyfills        |  90.20 kB |
main.js              | main             |  46.93 kB |
styles.css           | styles           |  17.20 kB |

                     | Initial total    | 154.33 kB


Server bundles
Initial chunk files  | Names            |  Raw size
polyfills.server.mjs | polyfills.server | 570.97 kB |
main.server.mjs      | main.server      |  48.25 kB |
server.mjs           | server           |   1.86 kB |

Application bundle generation complete. [0.909 seconds]

❯ Changes detected. Rebuilding...
✔ Changes detected. Rebuilding...
Browser bundles
Initial chunk files  | Names            |  Raw size
polyfills.js         | polyfills        |  90.20 kB |
main.js              | main             |  46.93 kB |
styles.css           | styles           |  17.20 kB |

                     | Initial total    | 154.33 kB


Server bundles
Initial chunk files  | Names            |  Raw size
polyfills.server.mjs | polyfills.server | 570.97 kB |
main.server.mjs      | main.server      |  48.25 kB |
server.mjs           | server           |   1.86 kB |

Application bundle generation complete. [0.923 seconds]

❯ Changes detected. Rebuilding...
✔ Changes detected. Rebuilding...
Browser bundles
Initial chunk files  | Names            |  Raw size
polyfills.js         | polyfills        |  90.20 kB |
main.js              | main             |  46.93 kB |
styles.css           | styles           |  17.20 kB |

                     | Initial total    | 154.33 kB


Server bundles
Initial chunk files  | Names            |  Raw size
polyfills.server.mjs | polyfills.server | 570.97 kB |
main.server.mjs      | main.server      |  48.25 kB |
server.mjs           | server           |   1.86 kB |

Application bundle generation complete. [0.892 seconds]

❯ Changes detected. Rebuilding...
✔ Changes detected. Rebuilding...
Browser bundles
Initial chunk files  | Names            |  Raw size
polyfills.js         | polyfills        |  90.20 kB |
main.js              | main             |  46.93 kB |
styles.css           | styles           |  17.20 kB |

                     | Initial total    | 154.33 kB


Server bundles
Initial chunk files  | Names            |  Raw size
polyfills.server.mjs | polyfills.server | 570.97 kB |
main.server.mjs      | main.server      |  48.25 kB |
server.mjs           | server           |   1.86 kB |

Application bundle generation complete. [0.861 seconds]

❯ Changes detected. Rebuilding...
✔ Changes detected. Rebuilding...
Browser bundles
Initial chunk files  | Names            |  Raw size
polyfills.js         | polyfills        |  90.20 kB |
main.js              | main             |  46.93 kB |
styles.css           | styles           |  17.20 kB |

                     | Initial total    | 154.33 kB


Server bundles
Initial chunk files  | Names            |  Raw size
polyfills.server.mjs | polyfills.server | 570.97 kB |
main.server.mjs      | main.server      |  48.25 kB |
server.mjs           | server           |   1.86 kB |

Application bundle generation complete. [0.858 seconds]

❯ Changes detected. Rebuilding...
✔ Changes detected. Rebuilding...
Browser bundles
Initial chunk files  | Names            |  Raw size
polyfills.js         | polyfills        |  90.20 kB |
main.js              | main             |  46.93 kB |
styles.css           | styles           |  17.20 kB |

                     | Initial total    | 154.33 kB


Server bundles
Initial chunk files  | Names            |  Raw size
polyfills.server.mjs | polyfills.server | 570.97 kB |
main.server.mjs      | main.server      |  48.25 kB |
server.mjs           | server           |   1.86 kB |

Application bundle generation complete. [0.915 seconds]

❯ Changes detected. Rebuilding...
✔ Changes detected. Rebuilding...
Browser bundles
Initial chunk files  | Names            |  Raw size
polyfills.js         | polyfills        |  90.20 kB |
main.js              | main             |  46.93 kB |
styles.css           | styles           |  17.20 kB |

                     | Initial total    | 154.33 kB


Server bundles
Initial chunk files  | Names            |  Raw size
polyfills.server.mjs | polyfills.server | 570.97 kB |
main.server.mjs      | main.server      |  48.25 kB |
server.mjs           | server           |   1.86 kB |

Application bundle generation complete. [0.950 seconds]

❯ Changes detected. Rebuilding...
✔ Changes detected. Rebuilding...
Browser bundles
Initial chunk files  | Names            |  Raw size
polyfills.js         | polyfills        |  90.20 kB |
main.js              | main             |  46.93 kB |
styles.css           | styles           |  17.20 kB |

                     | Initial total    | 154.33 kB


Server bundles
Initial chunk files  | Names            |  Raw size
polyfills.server.mjs | polyfills.server | 570.97 kB |
main.server.mjs      | main.server      |  48.25 kB |
server.mjs           | server           |   1.86 kB |

Application bundle generation complete. [0.926 seconds]

❯ Changes detected. Rebuilding...
✔ Changes detected. Rebuilding...
Browser bundles
Initial chunk files  | Names            |  Raw size
polyfills.js         | polyfills        |  90.20 kB |
main.js              | main             |  46.93 kB |
styles.css           | styles           |  17.20 kB |

                     | Initial total    | 154.33 kB


Server bundles
Initial chunk files  | Names            |  Raw size
polyfills.server.mjs | polyfills.server | 570.97 kB |
main.server.mjs      | main.server      |  48.25 kB |
server.mjs           | server           |   1.86 kB |

Application bundle generation complete. [0.926 seconds]

❯ Changes detected. Rebuilding...
✔ Changes detected. Rebuilding...
Browser bundles
Initial chunk files  | Names            |  Raw size
polyfills.js         | polyfills        |  90.20 kB |
main.js              | main             |  46.93 kB |
styles.css           | styles           |  17.20 kB |

                     | Initial total    | 154.33 kB


Server bundles
Initial chunk files  | Names            |  Raw size
polyfills.server.mjs | polyfills.server | 570.97 kB |
main.server.mjs      | main.server      |  48.25 kB |
server.mjs           | server           |   1.86 kB |

Application bundle generation complete. [0.868 seconds]

❯ Changes detected. Rebuilding...
✔ Changes detected. Rebuilding...
Browser bundles
Initial chunk files  | Names            |  Raw size
polyfills.js         | polyfills        |  90.20 kB |
main.js              | main             |  46.93 kB |
styles.css           | styles           |  17.20 kB |

                     | Initial total    | 154.33 kB


Server bundles
Initial chunk files  | Names            |  Raw size
polyfills.server.mjs | polyfills.server | 570.97 kB |
main.server.mjs      | main.server      |  48.25 kB |
server.mjs           | server           |   1.86 kB |

Application bundle generation complete. [0.847 seconds]

❯ Changes detected. Rebuilding...
✔ Changes detected. Rebuilding...
Browser bundles
Initial chunk files  | Names            |  Raw size
polyfills.js         | polyfills        |  90.20 kB |
main.js              | main             |  46.93 kB |
styles.css           | styles           |  17.20 kB |

                     | Initial total    | 154.33 kB


Server bundles
Initial chunk files  | Names            |  Raw size
polyfills.server.mjs | polyfills.server | 570.97 kB |
main.server.mjs      | main.server      |  48.25 kB |
server.mjs           | server           |   1.86 kB |

Application bundle generation complete. [0.918 seconds]

❯ Changes detected. Rebuilding...
✔ Changes detected. Rebuilding...
Browser bundles
Initial chunk files  | Names            |  Raw size
polyfills.js         | polyfills        |  90.20 kB |
main.js              | main             |  46.93 kB |
styles.css           | styles           |  17.20 kB |

                     | Initial total    | 154.33 kB


Server bundles
Initial chunk files  | Names            |  Raw size
polyfills.server.mjs | polyfills.server | 570.97 kB |
main.server.mjs      | main.server      |  48.25 kB |
server.mjs           | server           |   1.86 kB |

Application bundle generation complete. [1.439 seconds]

❯ Changes detected. Rebuilding...
✔ Changes detected. Rebuilding...
Browser bundles
Initial chunk files  | Names            |  Raw size
polyfills.js         | polyfills        |  90.20 kB |
main.js              | main             |  46.93 kB |
styles.css           | styles           |  17.20 kB |

                     | Initial total    | 154.33 kB


Server bundles
Initial chunk files  | Names            |  Raw size
polyfills.server.mjs | polyfills.server | 570.97 kB |
main.server.mjs      | main.server      |  48.25 kB |
server.mjs           | server           |   1.86 kB |

Application bundle generation complete. [1.310 seconds]

❯ Changes detected. Rebuilding...
✔ Changes detected. Rebuilding...
Browser bundles
Initial chunk files  | Names            |  Raw size
polyfills.js         | polyfills        |  90.20 kB |
main.js              | main             |  46.93 kB |
styles.css           | styles           |  17.20 kB |

                     | Initial total    | 154.33 kB


Server bundles
Initial chunk files  | Names            |  Raw size
polyfills.server.mjs | polyfills.server | 570.97 kB |
main.server.mjs      | main.server      |  48.25 kB |
server.mjs           | server           |   1.86 kB |

Application bundle generation complete. [0.942 seconds]

❯ Changes detected. Rebuilding...
✔ Changes detected. Rebuilding...
Browser bundles
Initial chunk files  | Names            |  Raw size
polyfills.js         | polyfills        |  90.20 kB |
main.js              | main             |  46.93 kB |
styles.css           | styles           |  17.20 kB |

                     | Initial total    | 154.33 kB


Server bundles
Initial chunk files  | Names            |  Raw size
polyfills.server.mjs | polyfills.server | 570.97 kB |
main.server.mjs      | main.server      |  48.25 kB |
server.mjs           | server           |   1.86 kB |

Application bundle generation complete. [0.937 seconds]

❯ Changes detected. Rebuilding...
✔ Changes detected. Rebuilding...
Browser bundles
Initial chunk files  | Names            |  Raw size
polyfills.js         | polyfills        |  90.20 kB |
main.js              | main             |  46.93 kB |
styles.css           | styles           |  17.20 kB |

                     | Initial total    | 154.33 kB


Server bundles
Initial chunk files  | Names            |  Raw size
polyfills.server.mjs | polyfills.server | 570.97 kB |
main.server.mjs      | main.server      |  48.25 kB |
server.mjs           | server           |   1.86 kB |

Application bundle generation complete. [0.868 seconds]

❯ Changes detected. Rebuilding...
✔ Changes detected. Rebuilding...
Browser bundles
Initial chunk files  | Names            |  Raw size
polyfills.js         | polyfills        |  90.20 kB |
main.js              | main             |  46.93 kB |
styles.css           | styles           |  17.20 kB |

                     | Initial total    | 154.33 kB


Server bundles
Initial chunk files  | Names            |  Raw size
polyfills.server.mjs | polyfills.server | 570.97 kB |
main.server.mjs      | main.server      |  48.25 kB |
server.mjs           | server           |   1.86 kB |

Application bundle generation complete. [0.889 seconds]

❯ Changes detected. Rebuilding...
✔ Changes detected. Rebuilding...
Browser bundles
Initial chunk files  | Names            |  Raw size
polyfills.js         | polyfills        |  90.20 kB |
main.js              | main             |  46.93 kB |
styles.css           | styles           |  17.20 kB |

                     | Initial total    | 154.33 kB


Server bundles
Initial chunk files  | Names            |  Raw size
polyfills.server.mjs | polyfills.server | 570.97 kB |
main.server.mjs      | main.server      |  48.25 kB |
server.mjs           | server           |   1.86 kB |

Application bundle generation complete. [0.908 seconds]

❯ Changes detected. Rebuilding...
✔ Changes detected. Rebuilding...
Browser bundles
Initial chunk files  | Names            |  Raw size
polyfills.js         | polyfills        |  90.20 kB |
main.js              | main             |  46.93 kB |
styles.css           | styles           |  17.20 kB |

                     | Initial total    | 154.33 kB


Server bundles
Initial chunk files  | Names            |  Raw size
polyfills.server.mjs | polyfills.server | 570.97 kB |
main.server.mjs      | main.server      |  48.25 kB |
server.mjs           | server           |   1.86 kB |

Application bundle generation complete. [0.988 seconds]

❯ Changes detected. Rebuilding...
✔ Changes detected. Rebuilding...
Browser bundles
Initial chunk files  | Names            |  Raw size
polyfills.js         | polyfills        |  90.20 kB |
main.js              | main             |  46.93 kB |
styles.css           | styles           |  17.20 kB |

                     | Initial total    | 154.33 kB


Server bundles
Initial chunk files  | Names            |  Raw size
polyfills.server.mjs | polyfills.server | 570.97 kB |
main.server.mjs      | main.server      |  48.25 kB |
server.mjs           | server           |   1.86 kB |

Application bundle generation complete. [0.946 seconds]

❯ Changes detected. Rebuilding...
✔ Changes detected. Rebuilding...
Browser bundles
Initial chunk files  | Names            |  Raw size
polyfills.js         | polyfills        |  90.20 kB |
main.js              | main             |  46.93 kB |
styles.css           | styles           |  17.20 kB |

                     | Initial total    | 154.33 kB


Server bundles
Initial chunk files  | Names            |  Raw size
polyfills.server.mjs | polyfills.server | 570.97 kB |
main.server.mjs      | main.server      |  48.25 kB |
server.mjs           | server           |   1.86 kB |

Application bundle generation complete. [0.957 seconds]

❯ Changes detected. Rebuilding...
✔ Changes detected. Rebuilding...
Browser bundles
Initial chunk files  | Names            |  Raw size
polyfills.js         | polyfills        |  90.20 kB |
main.js              | main             |  46.93 kB |
styles.css           | styles           |  17.20 kB |

                     | Initial total    | 154.33 kB


Server bundles
Initial chunk files  | Names            |  Raw size
polyfills.server.mjs | polyfills.server | 570.97 kB |
main.server.mjs      | main.server      |  48.25 kB |
server.mjs           | server           |   1.86 kB |

Application bundle generation complete. [0.996 seconds]

❯ Changes detected. Rebuilding...
✔ Changes detected. Rebuilding...
Browser bundles
Initial chunk files  | Names            |  Raw size
polyfills.js         | polyfills        |  90.20 kB |
main.js              | main             |  46.93 kB |
styles.css           | styles           |  17.20 kB |

                     | Initial total    | 154.33 kB


Server bundles
Initial chunk files  | Names            |  Raw size
polyfills.server.mjs | polyfills.server | 570.97 kB |
main.server.mjs      | main.server      |  48.25 kB |
server.mjs           | server           |   1.86 kB |

Application bundle generation complete. [0.986 seconds]

❯ Changes detected. Rebuilding...
✔ Changes detected. Rebuilding...
Browser bundles
Initial chunk files  | Names            |  Raw size
polyfills.js         | polyfills        |  90.20 kB |
main.js              | main             |  46.93 kB |
styles.css           | styles           |  17.20 kB |

                     | Initial total    | 154.33 kB


Server bundles
Initial chunk files  | Names            |  Raw size
polyfills.server.mjs | polyfills.server | 570.97 kB |
main.server.mjs      | main.server      |  48.25 kB |
server.mjs           | server           |   1.86 kB |

Application bundle generation complete. [0.982 seconds]

❯ Changes detected. Rebuilding...
✔ Changes detected. Rebuilding...
Browser bundles
Initial chunk files  | Names            |  Raw size
polyfills.js         | polyfills        |  90.20 kB |
main.js              | main             |  46.93 kB |
styles.css           | styles           |  17.20 kB |

                     | Initial total    | 154.33 kB


Server bundles
Initial chunk files  | Names            |  Raw size
polyfills.server.mjs | polyfills.server | 570.97 kB |
main.server.mjs      | main.server      |  48.25 kB |
server.mjs           | server           |   1.86 kB |

Application bundle generation complete. [1.018 seconds]

❯ Changes detected. Rebuilding...
✔ Changes detected. Rebuilding...
Browser bundles
Initial chunk files  | Names            |  Raw size
polyfills.js         | polyfills        |  90.20 kB |
main.js              | main             |  46.93 kB |
styles.css           | styles           |  17.20 kB |

                     | Initial total    | 154.33 kB


Server bundles
Initial chunk files  | Names            |  Raw size
polyfills.server.mjs | polyfills.server | 570.97 kB |
main.server.mjs      | main.server      |  48.25 kB |
server.mjs           | server           |   1.86 kB |

Application bundle generation complete. [0.933 seconds]

❯ Changes detected. Rebuilding...
✔ Changes detected. Rebuilding...
Browser bundles
Initial chunk files  | Names            |  Raw size
polyfills.js         | polyfills        |  90.20 kB |
main.js              | main             |  46.93 kB |
styles.css           | styles           |  17.20 kB |

                     | Initial total    | 154.33 kB


Server bundles
Initial chunk files  | Names            |  Raw size
polyfills.server.mjs | polyfills.server | 570.97 kB |
main.server.mjs      | main.server      |  48.25 kB |
server.mjs           | server           |   1.86 kB |

Application bundle generation complete. [0.954 seconds]

❯ Changes detected. Rebuilding...
✔ Changes detected. Rebuilding...
Browser bundles
Initial chunk files  | Names            |  Raw size
polyfills.js         | polyfills        |  90.20 kB |
main.js              | main             |  46.93 kB |
styles.css           | styles           |  17.20 kB |

                     | Initial total    | 154.33 kB


Server bundles
Initial chunk files  | Names            |  Raw size
polyfills.server.mjs | polyfills.server | 570.97 kB |
main.server.mjs      | main.server      |  48.25 kB |
server.mjs           | server           |   1.86 kB |

Application bundle generation complete. [0.908 seconds]

❯ Changes detected. Rebuilding...
✔ Changes detected. Rebuilding...
Browser bundles
Initial chunk files  | Names            |  Raw size
polyfills.js         | polyfills        |  90.20 kB |
main.js              | main             |  46.93 kB |
styles.css           | styles           |  17.20 kB |

                     | Initial total    | 154.33 kB


Server bundles
Initial chunk files  | Names            |  Raw size
polyfills.server.mjs | polyfills.server | 570.97 kB |
main.server.mjs      | main.server      |  48.25 kB |
server.mjs           | server           |   1.86 kB |

Application bundle generation complete. [0.910 seconds]

❯ Changes detected. Rebuilding...
✔ Changes detected. Rebuilding...
Browser bundles
Initial chunk files  | Names            |  Raw size
polyfills.js         | polyfills        |  90.20 kB |
main.js              | main             |  46.93 kB |
styles.css           | styles           |  17.20 kB |

                     | Initial total    | 154.33 kB


Server bundles
Initial chunk files  | Names            |  Raw size
polyfills.server.mjs | polyfills.server | 570.97 kB |
main.server.mjs      | main.server      |  48.25 kB |
server.mjs           | server           |   1.86 kB |

Application bundle generation complete. [0.987 seconds]

❯ Changes detected. Rebuilding...
✔ Changes detected. Rebuilding...
Browser bundles
Initial chunk files  | Names            |  Raw size
polyfills.js         | polyfills        |  90.20 kB |
main.js              | main             |  46.93 kB |
styles.css           | styles           |  17.20 kB |

                     | Initial total    | 154.33 kB


Server bundles
Initial chunk files  | Names            |  Raw size
polyfills.server.mjs | polyfills.server | 570.97 kB |
main.server.mjs      | main.server      |  48.25 kB |
server.mjs           | server           |   1.86 kB |

Application bundle generation complete. [1.015 seconds]

❯ Changes detected. Rebuilding...
✔ Changes detected. Rebuilding...
Browser bundles
Initial chunk files  | Names            |  Raw size
polyfills.js         | polyfills        |  90.20 kB |
main.js              | main             |  46.93 kB |
styles.css           | styles           |  17.20 kB |

                     | Initial total    | 154.33 kB


Server bundles
Initial chunk files  | Names            |  Raw size
polyfills.server.mjs | polyfills.server | 570.97 kB |
main.server.mjs      | main.server      |  48.25 kB |
server.mjs           | server           |   1.86 kB |

Application bundle generation complete. [0.917 seconds]

❯ Changes detected. Rebuilding...
✔ Changes detected. Rebuilding...
Browser bundles
Initial chunk files  | Names            |  Raw size
polyfills.js         | polyfills        |  90.20 kB |
main.js              | main             |  46.93 kB |
styles.css           | styles           |  17.20 kB |

                     | Initial total    | 154.33 kB


Server bundles
Initial chunk files  | Names            |  Raw size
polyfills.server.mjs | polyfills.server | 570.97 kB |
main.server.mjs      | main.server      |  48.25 kB |
server.mjs           | server           |   1.86 kB |

Application bundle generation complete. [0.928 seconds]

❯ Changes detected. Rebuilding...
✔ Changes detected. Rebuilding...
Browser bundles
Initial chunk files  | Names            |  Raw size
polyfills.js         | polyfills        |  90.20 kB |
main.js              | main             |  46.93 kB |
styles.css           | styles           |  17.20 kB |

                     | Initial total    | 154.33 kB


Server bundles
Initial chunk files  | Names            |  Raw size
polyfills.server.mjs | polyfills.server | 570.97 kB |
main.server.mjs      | main.server      |  48.25 kB |
server.mjs           | server           |   1.86 kB |

Application bundle generation complete. [0.942 seconds]

❯ Changes detected. Rebuilding...
✔ Changes detected. Rebuilding...
Browser bundles
Initial chunk files  | Names            |  Raw size
polyfills.js         | polyfills        |  90.20 kB |
main.js              | main             |  46.93 kB |
styles.css           | styles           |  17.20 kB |

                     | Initial total    | 154.33 kB


Server bundles
Initial chunk files  | Names            |  Raw size
polyfills.server.mjs | polyfills.server | 570.97 kB |
main.server.mjs      | main.server      |  48.25 kB |
server.mjs           | server           |   1.86 kB |

Application bundle generation complete. [1.034 seconds]

❯ Changes detected. Rebuilding...
✔ Changes detected. Rebuilding...
Browser bundles
Initial chunk files  | Names            |  Raw size
polyfills.js         | polyfills        |  90.20 kB |
main.js              | main             |  46.93 kB |
styles.css           | styles           |  17.20 kB |

                     | Initial total    | 154.33 kB


Server bundles
Initial chunk files  | Names            |  Raw size
polyfills.server.mjs | polyfills.server | 570.97 kB |
main.server.mjs      | main.server      |  48.25 kB |
server.mjs           | server           |   1.86 kB |

Application bundle generation complete. [1.042 seconds]

❯ Changes detected. Rebuilding...
✔ Changes detected. Rebuilding...
Browser bundles
Initial chunk files  | Names            |  Raw size
polyfills.js         | polyfills        |  90.20 kB |
main.js              | main             |  46.93 kB |
styles.css           | styles           |  17.20 kB |

                     | Initial total    | 154.33 kB


Server bundles
Initial chunk files  | Names            |  Raw size
polyfills.server.mjs | polyfills.server | 570.97 kB |
main.server.mjs      | main.server      |  48.25 kB |
server.mjs           | server           |   1.86 kB |

Application bundle generation complete. [1.019 seconds]

❯ Changes detected. Rebuilding...
✔ Changes detected. Rebuilding...
Browser bundles
Initial chunk files  | Names            |  Raw size
polyfills.js         | polyfills        |  90.20 kB |
main.js              | main             |  46.93 kB |
styles.css           | styles           |  17.20 kB |

                     | Initial total    | 154.33 kB


Server bundles
Initial chunk files  | Names            |  Raw size
polyfills.server.mjs | polyfills.server | 570.97 kB |
main.server.mjs      | main.server      |  48.25 kB |
server.mjs           | server           |   1.86 kB |

Application bundle generation complete. [1.045 seconds]

❯ Changes detected. Rebuilding...
✔ Changes detected. Rebuilding...
Browser bundles
Initial chunk files  | Names            |  Raw size
polyfills.js         | polyfills        |  90.20 kB |
main.js              | main             |  46.93 kB |
styles.css           | styles           |  17.20 kB |

                     | Initial total    | 154.33 kB


Server bundles
Initial chunk files  | Names            |  Raw size
polyfills.server.mjs | polyfills.server | 570.97 kB |
main.server.mjs      | main.server      |  48.25 kB |
server.mjs           | server           |   1.86 kB |

Application bundle generation complete. [0.987 seconds]

❯ Changes detected. Rebuilding...
✔ Changes detected. Rebuilding...
Browser bundles
Initial chunk files  | Names            |  Raw size
polyfills.js         | polyfills        |  90.20 kB |
main.js              | main             |  46.93 kB |
styles.css           | styles           |  17.20 kB |

                     | Initial total    | 154.33 kB


Server bundles
Initial chunk files  | Names            |  Raw size
polyfills.server.mjs | polyfills.server | 570.97 kB |
main.server.mjs      | main.server      |  48.25 kB |
server.mjs           | server           |   1.86 kB |

Application bundle generation complete. [1.019 seconds]

❯ Changes detected. Rebuilding...
✔ Changes detected. Rebuilding...
Browser bundles
Initial chunk files  | Names            |  Raw size
polyfills.js         | polyfills        |  90.20 kB |
main.js              | main             |  46.93 kB |
styles.css           | styles           |  17.20 kB |

                     | Initial total    | 154.33 kB


Server bundles
Initial chunk files  | Names            |  Raw size
polyfills.server.mjs | polyfills.server | 570.97 kB |
main.server.mjs      | main.server      |  48.25 kB |
server.mjs           | server           |   1.86 kB |

Application bundle generation complete. [1.026 seconds]

❯ Changes detected. Rebuilding...
✔ Changes detected. Rebuilding...
Browser bundles
Initial chunk files  | Names            |  Raw size
polyfills.js         | polyfills        |  90.20 kB |
main.js              | main             |  46.93 kB |
styles.css           | styles           |  17.20 kB |

                     | Initial total    | 154.33 kB


Server bundles
Initial chunk files  | Names            |  Raw size
polyfills.server.mjs | polyfills.server | 570.97 kB |
main.server.mjs      | main.server      |  48.25 kB |
server.mjs           | server           |   1.86 kB |

Application bundle generation complete. [0.902 seconds]

❯ Changes detected. Rebuilding...
✔ Changes detected. Rebuilding...
Browser bundles
Initial chunk files  | Names            |  Raw size
polyfills.js         | polyfills        |  90.20 kB |
main.js              | main             |  46.93 kB |
styles.css           | styles           |  17.20 kB |

                     | Initial total    | 154.33 kB


Server bundles
Initial chunk files  | Names            |  Raw size
polyfills.server.mjs | polyfills.server | 570.97 kB |
main.server.mjs      | main.server      |  48.25 kB |
server.mjs           | server           |   1.86 kB |

Application bundle generation complete. [0.976 seconds]

❯ Changes detected. Rebuilding...
✔ Changes detected. Rebuilding...
Browser bundles
Initial chunk files  | Names            |  Raw size
polyfills.js         | polyfills        |  90.20 kB |
main.js              | main             |  46.93 kB |
styles.css           | styles           |  17.20 kB |

                     | Initial total    | 154.33 kB


Server bundles
Initial chunk files  | Names            |  Raw size
polyfills.server.mjs | polyfills.server | 570.97 kB |
main.server.mjs      | main.server      |  48.25 kB |
server.mjs           | server           |   1.86 kB |

Application bundle generation complete. [0.900 seconds]

❯ Changes detected. Rebuilding...
✔ Changes detected. Rebuilding...
Browser bundles
Initial chunk files  | Names            |  Raw size
polyfills.js         | polyfills        |  90.20 kB |
main.js              | main             |  46.93 kB |
styles.css           | styles           |  17.20 kB |

                     | Initial total    | 154.33 kB


Server bundles
Initial chunk files  | Names            |  Raw size
polyfills.server.mjs | polyfills.server | 570.97 kB |
main.server.mjs      | main.server      |  48.25 kB |
server.mjs           | server           |   1.86 kB |

Application bundle generation complete. [0.928 seconds]

❯ Changes detected. Rebuilding...
✔ Changes detected. Rebuilding...
Browser bundles
Initial chunk files  | Names            |  Raw size
polyfills.js         | polyfills        |  90.20 kB |
main.js              | main             |  46.93 kB |
styles.css           | styles           |  17.20 kB |

                     | Initial total    | 154.33 kB


Server bundles
Initial chunk files  | Names            |  Raw size
polyfills.server.mjs | polyfills.server | 570.97 kB |
main.server.mjs      | main.server      |  48.25 kB |
server.mjs           | server           |   1.86 kB |

Application bundle generation complete. [0.984 seconds]

❯ Changes detected. Rebuilding...
✔ Changes detected. Rebuilding...
Browser bundles
Initial chunk files  | Names            |  Raw size
polyfills.js         | polyfills        |  90.20 kB |
main.js              | main             |  46.93 kB |
styles.css           | styles           |  17.20 kB |

                     | Initial total    | 154.33 kB


Server bundles
Initial chunk files  | Names            |  Raw size
polyfills.server.mjs | polyfills.server | 570.97 kB |
main.server.mjs      | main.server      |  48.25 kB |
server.mjs           | server           |   1.86 kB |

Application bundle generation complete. [0.975 seconds]

❯ Changes detected. Rebuilding...
✔ Changes detected. Rebuilding...
Browser bundles
Initial chunk files  | Names            |  Raw size
polyfills.js         | polyfills        |  90.20 kB |
main.js              | main             |  46.93 kB |
styles.css           | styles           |  17.20 kB |

                     | Initial total    | 154.33 kB


Server bundles
Initial chunk files  | Names            |  Raw size
polyfills.server.mjs | polyfills.server | 570.97 kB |
main.server.mjs      | main.server      |  48.25 kB |
server.mjs           | server           |   1.86 kB |

Application bundle generation complete. [1.024 seconds]

❯ Changes detected. Rebuilding...
✔ Changes detected. Rebuilding...
Browser bundles
Initial chunk files  | Names            |  Raw size
polyfills.js         | polyfills        |  90.20 kB |
main.js              | main             |  46.93 kB |
styles.css           | styles           |  17.20 kB |

                     | Initial total    | 154.33 kB


Server bundles
Initial chunk files  | Names            |  Raw size
polyfills.server.mjs | polyfills.server | 570.97 kB |
main.server.mjs      | main.server      |  48.25 kB |
server.mjs           | server           |   1.86 kB |

Application bundle generation complete. [0.975 seconds]

❯ Changes detected. Rebuilding...
✔ Changes detected. Rebuilding...
Browser bundles
Initial chunk files  | Names            |  Raw size
polyfills.js         | polyfills        |  90.20 kB |
main.js              | main             |  46.93 kB |
styles.css           | styles           |  17.20 kB |

                     | Initial total    | 154.33 kB


Server bundles
Initial chunk files  | Names            |  Raw size
polyfills.server.mjs | polyfills.server | 570.97 kB |
main.server.mjs      | main.server      |  48.25 kB |
server.mjs           | server           |   1.86 kB |

Application bundle generation complete. [0.970 seconds]

❯ Changes detected. Rebuilding...
✔ Changes detected. Rebuilding...
Browser bundles
Initial chunk files  | Names            |  Raw size
polyfills.js         | polyfills        |  90.20 kB |
main.js              | main             |  46.93 kB |
styles.css           | styles           |  17.20 kB |

                     | Initial total    | 154.33 kB


Server bundles
Initial chunk files  | Names            |  Raw size
polyfills.server.mjs | polyfills.server | 570.97 kB |
main.server.mjs      | main.server      |  48.25 kB |
server.mjs           | server           |   1.86 kB |

Application bundle generation complete. [1.056 seconds]

❯ Changes detected. Rebuilding...
✔ Changes detected. Rebuilding...
Browser bundles
Initial chunk files  | Names            |  Raw size
polyfills.js         | polyfills        |  90.20 kB |
main.js              | main             |  46.93 kB |
styles.css           | styles           |  17.20 kB |

                     | Initial total    | 154.33 kB


Server bundles
Initial chunk files  | Names            |  Raw size
polyfills.server.mjs | polyfills.server | 570.97 kB |
main.server.mjs      | main.server      |  48.25 kB |
server.mjs           | server           |   1.86 kB |

Application bundle generation complete. [1.045 seconds]

❯ Changes detected. Rebuilding...
✔ Changes detected. Rebuilding...
Browser bundles
Initial chunk files  | Names            |  Raw size
polyfills.js         | polyfills        |  90.20 kB |
main.js              | main             |  46.93 kB |
styles.css           | styles           |  17.20 kB |

                     | Initial total    | 154.33 kB


Server bundles
Initial chunk files  | Names            |  Raw size
polyfills.server.mjs | polyfills.server | 570.97 kB |
main.server.mjs      | main.server      |  48.25 kB |
server.mjs           | server           |   1.86 kB |

Application bundle generation complete. [1.040 seconds]

❯ Changes detected. Rebuilding...
✔ Changes detected. Rebuilding...
Browser bundles
Initial chunk files  | Names            |  Raw size
polyfills.js         | polyfills        |  90.20 kB |
main.js              | main             |  46.93 kB |
styles.css           | styles           |  17.20 kB |

                     | Initial total    | 154.33 kB


Server bundles
Initial chunk files  | Names            |  Raw size
polyfills.server.mjs | polyfills.server | 570.97 kB |
main.server.mjs      | main.server      |  48.25 kB |
server.mjs           | server           |   1.86 kB |

Application bundle generation complete. [1.024 seconds]

❯ Changes detected. Rebuilding...
✔ Changes detected. Rebuilding...
Browser bundles
Initial chunk files  | Names            |  Raw size
polyfills.js         | polyfills        |  90.20 kB |
main.js              | main             |  46.93 kB |
styles.css           | styles           |  17.20 kB |

                     | Initial total    | 154.33 kB


Server bundles
Initial chunk files  | Names            |  Raw size
polyfills.server.mjs | polyfills.server | 570.97 kB |
main.server.mjs      | main.server      |  48.25 kB |
server.mjs           | server           |   1.86 kB |

Application bundle generation complete. [0.969 seconds]

❯ Changes detected. Rebuilding...
✔ Changes detected. Rebuilding...
Browser bundles
Initial chunk files  | Names            |  Raw size
polyfills.js         | polyfills        |  90.20 kB |
main.js              | main             |  46.93 kB |
styles.css           | styles           |  17.20 kB |

                     | Initial total    | 154.33 kB


Server bundles
Initial chunk files  | Names            |  Raw size
polyfills.server.mjs | polyfills.server | 570.97 kB |
main.server.mjs      | main.server      |  48.25 kB |
server.mjs           | server           |   1.86 kB |

Application bundle generation complete. [1.109 seconds]

❯ Changes detected. Rebuilding...
✔ Changes detected. Rebuilding...
Browser bundles
Initial chunk files  | Names            |  Raw size
polyfills.js         | polyfills        |  90.20 kB |
main.js              | main             |  46.93 kB |
styles.css           | styles           |  17.20 kB |

                     | Initial total    | 154.33 kB


Server bundles
Initial chunk files  | Names            |  Raw size
polyfills.server.mjs | polyfills.server | 570.97 kB |
main.server.mjs      | main.server      |  48.25 kB |
server.mjs           | server           |   1.86 kB |

Application bundle generation complete. [0.926 seconds]

❯ Changes detected. Rebuilding...
✔ Changes detected. Rebuilding...
Browser bundles
Initial chunk files  | Names            |  Raw size
polyfills.js         | polyfills        |  90.20 kB |
main.js              | main             |  46.93 kB |
styles.css           | styles           |  17.20 kB |

                     | Initial total    | 154.33 kB


Server bundles
Initial chunk files  | Names            |  Raw size
polyfills.server.mjs | polyfills.server | 570.97 kB |
main.server.mjs      | main.server      |  48.25 kB |
server.mjs           | server           |   1.86 kB |

Application bundle generation complete. [0.917 seconds]

❯ Changes detected. Rebuilding...
✔ Changes detected. Rebuilding...
Browser bundles
Initial chunk files  | Names            |  Raw size
polyfills.js         | polyfills        |  90.20 kB |
main.js              | main             |  46.93 kB |
styles.css           | styles           |  17.20 kB |

                     | Initial total    | 154.33 kB


Server bundles
Initial chunk files  | Names            |  Raw size
polyfills.server.mjs | polyfills.server | 570.97 kB |
main.server.mjs      | main.server      |  48.25 kB |
server.mjs           | server           |   1.86 kB |

Application bundle generation complete. [0.979 seconds]

❯ Changes detected. Rebuilding...
✔ Changes detected. Rebuilding...
Browser bundles
Initial chunk files  | Names            |  Raw size
polyfills.js         | polyfills        |  90.20 kB |
main.js              | main             |  46.93 kB |
styles.css           | styles           |  17.20 kB |

                     | Initial total    | 154.33 kB


Server bundles
Initial chunk files  | Names            |  Raw size
polyfills.server.mjs | polyfills.server | 570.97 kB |
main.server.mjs      | main.server      |  48.25 kB |
server.mjs           | server           |   1.86 kB |

Application bundle generation complete. [1.082 seconds]

❯ Changes detected. Rebuilding...
✔ Changes detected. Rebuilding...
Browser bundles
Initial chunk files  | Names            |  Raw size
polyfills.js         | polyfills        |  90.20 kB |
main.js              | main             |  46.93 kB |
styles.css           | styles           |  17.20 kB |

                     | Initial total    | 154.33 kB


Server bundles
Initial chunk files  | Names            |  Raw size
polyfills.server.mjs | polyfills.server | 570.97 kB |
main.server.mjs      | main.server      |  48.25 kB |
server.mjs           | server           |   1.86 kB |

Application bundle generation complete. [1.126 seconds]

❯ Changes detected. Rebuilding...
✔ Changes detected. Rebuilding...
Browser bundles
Initial chunk files  | Names            |  Raw size
polyfills.js         | polyfills        |  90.20 kB |
main.js              | main             |  46.93 kB |
styles.css           | styles           |  17.20 kB |

                     | Initial total    | 154.33 kB


Server bundles
Initial chunk files  | Names            |  Raw size
polyfills.server.mjs | polyfills.server | 570.97 kB |
main.server.mjs      | main.server      |  48.25 kB |
server.mjs           | server           |   1.86 kB |

Application bundle generation complete. [1.075 seconds]

❯ Changes detected. Rebuilding...
✔ Changes detected. Rebuilding...
Browser bundles
Initial chunk files  | Names            |  Raw size
polyfills.js         | polyfills        |  90.20 kB |
main.js              | main             |  46.93 kB |
styles.css           | styles           |  17.20 kB |

                     | Initial total    | 154.33 kB


Server bundles
Initial chunk files  | Names            |  Raw size
polyfills.server.mjs | polyfills.server | 570.97 kB |
main.server.mjs      | main.server      |  48.25 kB |
server.mjs           | server           |   1.86 kB |

Application bundle generation complete. [1.108 seconds]

❯ Changes detected. Rebuilding...
